<?xml version="1.0"?>
<!-- edited with XMLSPY v2004 rel. 2 U (http://www.xmlspy.com) by Christophe Amerijckx (STMicroelectronics) -->
<!--
// Description : rgu.xml
// Author : SPIRIT Schema Working Group - Christophe Amerijckx
// Version: 1.2
//
// Copyright (c) 2007 SPIRIT.  All rights reserved.
// www.spiritconsortium.org
//
// THIS WORK FORMS PART OF A SPIRIT CONSORTIUM SPECIFICATION.  
// THIS WORK CONTAINS TRADE SECRETS AND PROPRIETARY INFORMATION 
// WHICH IS THE EXCLUSIVE PROPERTY OF INDIVIDUAL MEMBERS OF THE 
// SPIRIT CONSORTIUM. USE OF THESE MATERIALS ARE GOVERNED BY 
// THE LEGAL TERMS AND CONDITIONS OUTLINED IN THE THE SPIRIT 
// SPECIFICATION DISCLAIMER AVAILABLE FROM
// www.spiritconsortium.org
-->
<spirit:component xmlns:spirit="http://www.spiritconsortium.org/XMLSchema/SPIRIT/1.2" xmlns:xsi="http://www.w3.org/2001/XMLSchema-instance" xsi:schemaLocation="http://www.spiritconsortium.org/XMLSchema/SPIRIT/1.2 http://www.spiritconsortium.org/XMLSchema/SPIRIT/1.2/index.xsd">
  <spirit:vendor>spiritconsortium.org</spirit:vendor>
  <spirit:library>Leon2</spirit:library>
  <spirit:name>rgu</spirit:name>
  <spirit:version>1.2</spirit:version>
  <spirit:busInterfaces>
    <spirit:busInterface>
      <spirit:name>IPClk</spirit:name>
      <spirit:busType spirit:vendor="spiritconsortium.org" spirit:library="busdef.clock" spirit:name="clock" spirit:version="1.0"/>
      <spirit:slave/>
      <spirit:signalMap>
        <spirit:signalName>
          <spirit:componentSignalName>ipclk</spirit:componentSignalName>
          <spirit:busSignalName>CLK</spirit:busSignalName>
        </spirit:signalName>
      </spirit:signalMap>
    </spirit:busInterface>
    <spirit:busInterface>
      <spirit:name>MainReset</spirit:name>
      <spirit:busType spirit:vendor="spiritconsortium.org" spirit:library="busdef.reset" spirit:name="reset" spirit:version="1.0"/>
      <spirit:slave/>
      <spirit:signalMap>
        <spirit:signalName>
          <spirit:componentSignalName>rstin_an</spirit:componentSignalName>
          <spirit:busSignalName>RESETn</spirit:busSignalName>
        </spirit:signalName>
      </spirit:signalMap>
    </spirit:busInterface>
    <spirit:busInterface>
      <spirit:name>APBClk</spirit:name>
      <spirit:busType spirit:vendor="spiritconsortium.org" spirit:library="busdef.clock" spirit:name="clock" spirit:version="1.0"/>
      <spirit:slave/>
      <spirit:signalMap>
        <spirit:signalName>
          <spirit:componentSignalName>pclk</spirit:componentSignalName>
          <spirit:busSignalName>CLK</spirit:busSignalName>
        </spirit:signalName>
      </spirit:signalMap>
    </spirit:busInterface>
    <spirit:busInterface>
      <spirit:name>APBReset</spirit:name>
      <spirit:busType spirit:vendor="spiritconsortium.org" spirit:library="busdef.reset" spirit:name="reset" spirit:version="1.0"/>
      <spirit:slave/>
      <spirit:signalMap>
        <spirit:signalName>
          <spirit:componentSignalName>presetn</spirit:componentSignalName>
          <spirit:busSignalName>RESETn</spirit:busSignalName>
        </spirit:signalName>
      </spirit:signalMap>
    </spirit:busInterface>
    <spirit:busInterface>
      <spirit:name>ambaAPB</spirit:name>
      <spirit:busType spirit:vendor="amba.com" spirit:library="AMBA2" spirit:name="APB" spirit:version="r2p0_4"/>
      <spirit:slave>
        <spirit:memoryMapRef spirit:memoryMapRef="ambaAPB"/>
      </spirit:slave>
      <spirit:connection>required</spirit:connection>
      <spirit:signalMap>
        <spirit:signalName>
          <spirit:componentSignalName>psel</spirit:componentSignalName>
          <spirit:busSignalName>PSELx</spirit:busSignalName>
        </spirit:signalName>
        <spirit:signalName>
          <spirit:componentSignalName>penable</spirit:componentSignalName>
          <spirit:busSignalName>PENABLE</spirit:busSignalName>
        </spirit:signalName>
        <spirit:signalName>
          <spirit:componentSignalName>paddr</spirit:componentSignalName>
          <spirit:busSignalName>PADDR</spirit:busSignalName>
        </spirit:signalName>
        <spirit:signalName>
          <spirit:componentSignalName>pwrite</spirit:componentSignalName>
          <spirit:busSignalName>PWRITE</spirit:busSignalName>
        </spirit:signalName>
        <spirit:signalName>
          <spirit:componentSignalName>pwdata</spirit:componentSignalName>
          <spirit:busSignalName>PWDATA</spirit:busSignalName>
        </spirit:signalName>
        <spirit:signalName>
          <spirit:componentSignalName>prdata</spirit:componentSignalName>
          <spirit:busSignalName>PRDATA</spirit:busSignalName>
        </spirit:signalName>
        <spirit:signalName>
          <spirit:componentSignalName>pclk</spirit:componentSignalName>
          <spirit:busSignalName>PCLK</spirit:busSignalName>
        </spirit:signalName>
        <spirit:signalName>
          <spirit:componentSignalName>presetn</spirit:componentSignalName>
          <spirit:busSignalName>PRESETn</spirit:busSignalName>
        </spirit:signalName>
      </spirit:signalMap>
    </spirit:busInterface>
    <spirit:busInterface>
      <spirit:name>AMBAHRESET</spirit:name>
      <spirit:busType spirit:vendor="amba.com" spirit:library="AMBA2" spirit:name="AHB" spirit:version="r2p0_6"/>
      <spirit:system>
        <spirit:group>ahb_reset</spirit:group>
      </spirit:system>
      <spirit:signalMap>
        <spirit:signalName>
          <spirit:componentSignalName>rstout_an</spirit:componentSignalName>
          <spirit:busSignalName>HRESETn</spirit:busSignalName>
          <spirit:left>0</spirit:left>
          <spirit:right>0</spirit:right>
        </spirit:signalName>
      </spirit:signalMap>
    </spirit:busInterface>
    <spirit:busInterface>
      <spirit:name>reset0_0</spirit:name>
      <spirit:busType spirit:vendor="spiritconsortium.org" spirit:library="busdef.reset" spirit:name="reset" spirit:version="1.0"/>
      <spirit:master/>
      <spirit:signalMap>
        <spirit:signalName>
          <spirit:componentSignalName>rstout_an</spirit:componentSignalName>
          <spirit:busSignalName>RESETn</spirit:busSignalName>
          <spirit:left>0</spirit:left>
          <spirit:right>0</spirit:right>
        </spirit:signalName>
      </spirit:signalMap>
    </spirit:busInterface>
    <spirit:busInterface>
      <spirit:name>reset0_1</spirit:name>
      <spirit:busType spirit:vendor="spiritconsortium.org" spirit:library="busdef.reset" spirit:name="reset" spirit:version="1.0"/>
      <spirit:master/>
      <spirit:signalMap>
        <spirit:signalName>
          <spirit:componentSignalName>rstout_an</spirit:componentSignalName>
          <spirit:busSignalName>RESETn</spirit:busSignalName>
          <spirit:left>0</spirit:left>
          <spirit:right>0</spirit:right>
        </spirit:signalName>
      </spirit:signalMap>
    </spirit:busInterface>
    <spirit:busInterface>
      <spirit:name>reset0_2</spirit:name>
      <spirit:busType spirit:vendor="spiritconsortium.org" spirit:library="busdef.reset" spirit:name="reset" spirit:version="1.0"/>
      <spirit:master/>
      <spirit:signalMap>
        <spirit:signalName>
          <spirit:componentSignalName>rstout_an</spirit:componentSignalName>
          <spirit:busSignalName>RESETn</spirit:busSignalName>
          <spirit:left>0</spirit:left>
          <spirit:right>0</spirit:right>
        </spirit:signalName>
      </spirit:signalMap>
    </spirit:busInterface>
    <spirit:busInterface>
      <spirit:name>reset0_3</spirit:name>
      <spirit:busType spirit:vendor="spiritconsortium.org" spirit:library="busdef.reset" spirit:name="reset" spirit:version="1.0"/>
      <spirit:master/>
      <spirit:signalMap>
        <spirit:signalName>
          <spirit:componentSignalName>rstout_an</spirit:componentSignalName>
          <spirit:busSignalName>RESETn</spirit:busSignalName>
          <spirit:left>0</spirit:left>
          <spirit:right>0</spirit:right>
        </spirit:signalName>
      </spirit:signalMap>
    </spirit:busInterface>
    <spirit:busInterface>
      <spirit:name>reset1_0</spirit:name>
      <spirit:busType spirit:vendor="spiritconsortium.org" spirit:library="busdef.reset" spirit:name="reset" spirit:version="1.0"/>
      <spirit:master/>
      <spirit:signalMap>
        <spirit:signalName>
          <spirit:componentSignalName>rstout_an</spirit:componentSignalName>
          <spirit:busSignalName>RESETn</spirit:busSignalName>
          <spirit:left>1</spirit:left>
          <spirit:right>1</spirit:right>
        </spirit:signalName>
      </spirit:signalMap>
    </spirit:busInterface>
    <spirit:busInterface>
      <spirit:name>reset1_1</spirit:name>
      <spirit:busType spirit:vendor="spiritconsortium.org" spirit:library="busdef.reset" spirit:name="reset" spirit:version="1.0"/>
      <spirit:master/>
      <spirit:signalMap>
        <spirit:signalName>
          <spirit:componentSignalName>rstout_an</spirit:componentSignalName>
          <spirit:busSignalName>RESETn</spirit:busSignalName>
          <spirit:left>1</spirit:left>
          <spirit:right>1</spirit:right>
        </spirit:signalName>
      </spirit:signalMap>
    </spirit:busInterface>
    <spirit:busInterface>
      <spirit:name>reset2_0</spirit:name>
      <spirit:busType spirit:vendor="spiritconsortium.org" spirit:library="busdef.reset" spirit:name="reset" spirit:version="1.0"/>
      <spirit:master/>
      <spirit:signalMap>
        <spirit:signalName>
          <spirit:componentSignalName>rstout_an</spirit:componentSignalName>
          <spirit:busSignalName>RESETn</spirit:busSignalName>
          <spirit:left>2</spirit:left>
          <spirit:right>2</spirit:right>
        </spirit:signalName>
      </spirit:signalMap>
    </spirit:busInterface>
    <spirit:busInterface>
      <spirit:name>reset2_1</spirit:name>
      <spirit:busType spirit:vendor="spiritconsortium.org" spirit:library="busdef.reset" spirit:name="reset" spirit:version="1.0"/>
      <spirit:master/>
      <spirit:signalMap>
        <spirit:signalName>
          <spirit:componentSignalName>rstout_an</spirit:componentSignalName>
          <spirit:busSignalName>RESETn</spirit:busSignalName>
          <spirit:left>2</spirit:left>
          <spirit:right>2</spirit:right>
        </spirit:signalName>
      </spirit:signalMap>
    </spirit:busInterface>
    <spirit:busInterface>
      <spirit:name>reset3_0</spirit:name>
      <spirit:busType spirit:vendor="spiritconsortium.org" spirit:library="busdef.reset" spirit:name="reset" spirit:version="1.0"/>
      <spirit:master/>
      <spirit:signalMap>
        <spirit:signalName>
          <spirit:componentSignalName>rstout_an</spirit:componentSignalName>
          <spirit:busSignalName>RESETn</spirit:busSignalName>
          <spirit:left>3</spirit:left>
          <spirit:right>3</spirit:right>
        </spirit:signalName>
      </spirit:signalMap>
    </spirit:busInterface>
    <spirit:busInterface>
      <spirit:name>reset3_1</spirit:name>
      <spirit:busType spirit:vendor="spiritconsortium.org" spirit:library="busdef.reset" spirit:name="reset" spirit:version="1.0"/>
      <spirit:master/>
      <spirit:signalMap>
        <spirit:signalName>
          <spirit:componentSignalName>rstout_an</spirit:componentSignalName>
          <spirit:busSignalName>RESETn</spirit:busSignalName>
          <spirit:left>3</spirit:left>
          <spirit:right>3</spirit:right>
        </spirit:signalName>
      </spirit:signalMap>
    </spirit:busInterface>
    <spirit:busInterface>
      <spirit:name>reset4_0</spirit:name>
      <spirit:busType spirit:vendor="spiritconsortium.org" spirit:library="busdef.reset" spirit:name="reset" spirit:version="1.0"/>
      <spirit:master/>
      <spirit:signalMap>
        <spirit:signalName>
          <spirit:componentSignalName>rstout_an</spirit:componentSignalName>
          <spirit:busSignalName>RESETn</spirit:busSignalName>
          <spirit:left>4</spirit:left>
          <spirit:right>4</spirit:right>
        </spirit:signalName>
      </spirit:signalMap>
    </spirit:busInterface>
    <spirit:busInterface>
      <spirit:name>reset4_1</spirit:name>
      <spirit:busType spirit:vendor="spiritconsortium.org" spirit:library="busdef.reset" spirit:name="reset" spirit:version="1.0"/>
      <spirit:master/>
      <spirit:signalMap>
        <spirit:signalName>
          <spirit:componentSignalName>rstout_an</spirit:componentSignalName>
          <spirit:busSignalName>RESETn</spirit:busSignalName>
          <spirit:left>4</spirit:left>
          <spirit:right>4</spirit:right>
        </spirit:signalName>
      </spirit:signalMap>
    </spirit:busInterface>
    <spirit:busInterface>
      <spirit:name>reset5_0</spirit:name>
      <spirit:busType spirit:vendor="spiritconsortium.org" spirit:library="busdef.reset" spirit:name="reset" spirit:version="1.0"/>
      <spirit:master/>
      <spirit:signalMap>
        <spirit:signalName>
          <spirit:componentSignalName>rstout_an</spirit:componentSignalName>
          <spirit:busSignalName>RESETn</spirit:busSignalName>
          <spirit:left>5</spirit:left>
          <spirit:right>5</spirit:right>
        </spirit:signalName>
      </spirit:signalMap>
    </spirit:busInterface>
    <spirit:busInterface>
      <spirit:name>reset5_1</spirit:name>
      <spirit:busType spirit:vendor="spiritconsortium.org" spirit:library="busdef.reset" spirit:name="reset" spirit:version="1.0"/>
      <spirit:master/>
      <spirit:signalMap>
        <spirit:signalName>
          <spirit:componentSignalName>rstout_an</spirit:componentSignalName>
          <spirit:busSignalName>RESETn</spirit:busSignalName>
          <spirit:left>5</spirit:left>
          <spirit:right>5</spirit:right>
        </spirit:signalName>
      </spirit:signalMap>
    </spirit:busInterface>
    <spirit:busInterface>
      <spirit:name>reset6_0</spirit:name>
      <spirit:busType spirit:vendor="spiritconsortium.org" spirit:library="busdef.reset" spirit:name="reset" spirit:version="1.0"/>
      <spirit:master/>
      <spirit:signalMap>
        <spirit:signalName>
          <spirit:componentSignalName>rstout_an</spirit:componentSignalName>
          <spirit:busSignalName>RESETn</spirit:busSignalName>
          <spirit:left>6</spirit:left>
          <spirit:right>6</spirit:right>
        </spirit:signalName>
      </spirit:signalMap>
    </spirit:busInterface>
    <spirit:busInterface>
      <spirit:name>reset6_1</spirit:name>
      <spirit:busType spirit:vendor="spiritconsortium.org" spirit:library="busdef.reset" spirit:name="reset" spirit:version="1.0"/>
      <spirit:master/>
      <spirit:signalMap>
        <spirit:signalName>
          <spirit:componentSignalName>rstout_an</spirit:componentSignalName>
          <spirit:busSignalName>RESETn</spirit:busSignalName>
          <spirit:left>6</spirit:left>
          <spirit:right>6</spirit:right>
        </spirit:signalName>
      </spirit:signalMap>
    </spirit:busInterface>
    <spirit:busInterface>
      <spirit:name>reset7_0</spirit:name>
      <spirit:busType spirit:vendor="spiritconsortium.org" spirit:library="busdef.reset" spirit:name="reset" spirit:version="1.0"/>
      <spirit:master/>
      <spirit:signalMap>
        <spirit:signalName>
          <spirit:componentSignalName>rstout_an</spirit:componentSignalName>
          <spirit:busSignalName>RESETn</spirit:busSignalName>
          <spirit:left>7</spirit:left>
          <spirit:right>7</spirit:right>
        </spirit:signalName>
      </spirit:signalMap>
    </spirit:busInterface>
    <spirit:busInterface>
      <spirit:name>reset7_1</spirit:name>
      <spirit:busType spirit:vendor="spiritconsortium.org" spirit:library="busdef.reset" spirit:name="reset" spirit:version="1.0"/>
      <spirit:master/>
      <spirit:signalMap>
        <spirit:signalName>
          <spirit:componentSignalName>rstout_an</spirit:componentSignalName>
          <spirit:busSignalName>RESETn</spirit:busSignalName>
          <spirit:left>7</spirit:left>
          <spirit:right>7</spirit:right>
        </spirit:signalName>
      </spirit:signalMap>
    </spirit:busInterface>
  </spirit:busInterfaces>
  <spirit:memoryMaps>
    <spirit:memoryMap>
      <spirit:name>ambaAPB</spirit:name>
      <spirit:bank spirit:bankAlignment="serial">
        <spirit:baseAddress>0</spirit:baseAddress>
        <spirit:bitOffset>0</spirit:bitOffset>
        <spirit:addressBlock spirit:name="resetDelays">
          <spirit:range spirit:format="long">32</spirit:range>
          <spirit:width spirit:format="long">32</spirit:width>
          <spirit:usage>register</spirit:usage>
          <spirit:volatile>false</spirit:volatile>
          <spirit:access>read-only</spirit:access>
          <spirit:register>
            <spirit:name>reset0Delay</spirit:name>
            <spirit:addressOffset>0x0</spirit:addressOffset>
            <spirit:size>32</spirit:size>
            <spirit:volatile>false</spirit:volatile>
            <spirit:access>read-only</spirit:access>
            <spirit:reset>
              <spirit:value>0x0</spirit:value>
            </spirit:reset>
            <spirit:field>
              <spirit:name>Reserved</spirit:name>
              <spirit:bitOffset>8</spirit:bitOffset>
              <spirit:bitWidth>24</spirit:bitWidth>
              <spirit:access>read-only</spirit:access>
              <spirit:description>Reserved</spirit:description>
            </spirit:field>
            <spirit:field>
              <spirit:name>delay</spirit:name>
              <spirit:bitOffset>0</spirit:bitOffset>
              <spirit:bitWidth>8</spirit:bitWidth>
              <spirit:access>read-only</spirit:access>
              <spirit:description>Delay value for reset 0, 0=no delay, 1=delay by 1 ipclk, 2=delay by 2 ipclk, ...</spirit:description>
            </spirit:field>
          </spirit:register>
          <spirit:register>
            <spirit:name>reset1Delay</spirit:name>
            <spirit:addressOffset>0x4</spirit:addressOffset>
            <spirit:size>32</spirit:size>
            <spirit:volatile>false</spirit:volatile>
            <spirit:access>read-only</spirit:access>
            <spirit:reset>
              <spirit:value>0x1</spirit:value>
            </spirit:reset>
            <spirit:field>
              <spirit:name>Reserved</spirit:name>
              <spirit:bitOffset>8</spirit:bitOffset>
              <spirit:bitWidth>24</spirit:bitWidth>
              <spirit:access>read-only</spirit:access>
              <spirit:description>Reserved</spirit:description>
            </spirit:field>
            <spirit:field>
              <spirit:name>delay</spirit:name>
              <spirit:bitOffset>0</spirit:bitOffset>
              <spirit:bitWidth>8</spirit:bitWidth>
              <spirit:access>read-only</spirit:access>
              <spirit:description>Delay value for reset 1, 0=no delay, 1=delay by 1 ipclk, 2=delay by 2 ipclk, ...</spirit:description>
            </spirit:field>
          </spirit:register>
          <spirit:register>
            <spirit:name>reset2Delay</spirit:name>
            <spirit:addressOffset>0x8</spirit:addressOffset>
            <spirit:size>32</spirit:size>
            <spirit:volatile>false</spirit:volatile>
            <spirit:access>read-only</spirit:access>
            <spirit:reset>
              <spirit:value>0x2</spirit:value>
            </spirit:reset>
            <spirit:field>
              <spirit:name>Reserved</spirit:name>
              <spirit:bitOffset>8</spirit:bitOffset>
              <spirit:bitWidth>24</spirit:bitWidth>
              <spirit:access>read-only</spirit:access>
              <spirit:description>Reserved</spirit:description>
            </spirit:field>
            <spirit:field>
              <spirit:name>delay</spirit:name>
              <spirit:bitOffset>0</spirit:bitOffset>
              <spirit:bitWidth>8</spirit:bitWidth>
              <spirit:access>read-only</spirit:access>
              <spirit:description>Delay value for reset 2, 0=no delay, 1=delay by 1 ipclk, 2=delay by 2 ipclk, ...</spirit:description>
            </spirit:field>
          </spirit:register>
          <spirit:register>
            <spirit:name>reset3Delay</spirit:name>
            <spirit:addressOffset>0xC</spirit:addressOffset>
            <spirit:size>32</spirit:size>
            <spirit:volatile>false</spirit:volatile>
            <spirit:access>read-only</spirit:access>
            <spirit:reset>
              <spirit:value>0x4</spirit:value>
            </spirit:reset>
            <spirit:field>
              <spirit:name>Reserved</spirit:name>
              <spirit:bitOffset>8</spirit:bitOffset>
              <spirit:bitWidth>24</spirit:bitWidth>
              <spirit:access>read-only</spirit:access>
              <spirit:description>Reserved</spirit:description>
            </spirit:field>
            <spirit:field>
              <spirit:name>delay</spirit:name>
              <spirit:bitOffset>0</spirit:bitOffset>
              <spirit:bitWidth>8</spirit:bitWidth>
              <spirit:access>read-only</spirit:access>
              <spirit:description>Delay value for reset 3, 0=no delay, 1=delay by 1 ipclk, 2=delay by 2 ipclk, ...</spirit:description>
            </spirit:field>
          </spirit:register>
          <spirit:register>
            <spirit:name>reset4Delay</spirit:name>
            <spirit:addressOffset>0x10</spirit:addressOffset>
            <spirit:size>32</spirit:size>
            <spirit:volatile>false</spirit:volatile>
            <spirit:access>read-only</spirit:access>
            <spirit:reset>
              <spirit:value>0x8</spirit:value>
            </spirit:reset>
            <spirit:field>
              <spirit:name>Reserved</spirit:name>
              <spirit:bitOffset>8</spirit:bitOffset>
              <spirit:bitWidth>24</spirit:bitWidth>
              <spirit:access>read-only</spirit:access>
              <spirit:description>Reserved</spirit:description>
            </spirit:field>
            <spirit:field>
              <spirit:name>delay</spirit:name>
              <spirit:bitOffset>0</spirit:bitOffset>
              <spirit:bitWidth>8</spirit:bitWidth>
              <spirit:access>read-only</spirit:access>
              <spirit:description>Delay value for reset 4, 0=no delay, 1=delay by 1 ipclk, 2=delay by 2 ipclk, ...</spirit:description>
            </spirit:field>
          </spirit:register>
          <spirit:register>
            <spirit:name>reset5Delay</spirit:name>
            <spirit:addressOffset>0x14</spirit:addressOffset>
            <spirit:size>32</spirit:size>
            <spirit:volatile>false</spirit:volatile>
            <spirit:access>read-only</spirit:access>
            <spirit:reset>
              <spirit:value>0x10</spirit:value>
            </spirit:reset>
            <spirit:field>
              <spirit:name>Reserved</spirit:name>
              <spirit:bitOffset>8</spirit:bitOffset>
              <spirit:bitWidth>24</spirit:bitWidth>
              <spirit:access>read-only</spirit:access>
              <spirit:description>Reserved</spirit:description>
            </spirit:field>
            <spirit:field>
              <spirit:name>delay</spirit:name>
              <spirit:bitOffset>0</spirit:bitOffset>
              <spirit:bitWidth>8</spirit:bitWidth>
              <spirit:access>read-only</spirit:access>
              <spirit:description>Delay value for reset 5, 0=no delay, 1=delay by 1 ipclk, 2=delay by 2 ipclk, ...</spirit:description>
            </spirit:field>
          </spirit:register>
          <spirit:register>
            <spirit:name>reset6Delay</spirit:name>
            <spirit:addressOffset>0x18</spirit:addressOffset>
            <spirit:size>32</spirit:size>
            <spirit:volatile>false</spirit:volatile>
            <spirit:access>read-only</spirit:access>
            <spirit:reset>
              <spirit:value>0x20</spirit:value>
            </spirit:reset>
            <spirit:field>
              <spirit:name>Reserved</spirit:name>
              <spirit:bitOffset>8</spirit:bitOffset>
              <spirit:bitWidth>24</spirit:bitWidth>
              <spirit:access>read-only</spirit:access>
              <spirit:description>Reserved</spirit:description>
            </spirit:field>
            <spirit:field>
              <spirit:name>delay</spirit:name>
              <spirit:bitOffset>0</spirit:bitOffset>
              <spirit:bitWidth>8</spirit:bitWidth>
              <spirit:access>read-only</spirit:access>
              <spirit:description>Delay value for reset 6, 0=no delay, 1=delay by 1 ipclk, 2=delay by 2 ipclk, ...</spirit:description>
            </spirit:field>
          </spirit:register>
          <spirit:register>
            <spirit:name>reset7Delay</spirit:name>
            <spirit:addressOffset>0x1C</spirit:addressOffset>
            <spirit:size>32</spirit:size>
            <spirit:volatile>false</spirit:volatile>
            <spirit:access>read-only</spirit:access>
            <spirit:reset>
              <spirit:value>0x40</spirit:value>
            </spirit:reset>
            <spirit:field>
              <spirit:name>Reserved</spirit:name>
              <spirit:bitOffset>8</spirit:bitOffset>
              <spirit:bitWidth>24</spirit:bitWidth>
              <spirit:access>read-only</spirit:access>
              <spirit:description>Reserved</spirit:description>
            </spirit:field>
            <spirit:field>
              <spirit:name>delay</spirit:name>
              <spirit:bitOffset>0</spirit:bitOffset>
              <spirit:bitWidth>8</spirit:bitWidth>
              <spirit:access>read-only</spirit:access>
              <spirit:description>Delay value for reset 7, 0=no delay, 1=delay by 1 ipclk, 2=delay by 2 ipclk, ...</spirit:description>
            </spirit:field>
          </spirit:register>
        </spirit:addressBlock>
        <spirit:addressBlock spirit:name="EEPROM">
          <spirit:range spirit:format="long">32</spirit:range>
          <spirit:width spirit:format="long">32</spirit:width>
          <spirit:usage>register</spirit:usage>
          <spirit:volatile>false</spirit:volatile>
          <spirit:access>read-write</spirit:access>
          <spirit:register>
            <spirit:name>eeprom</spirit:name>
            <spirit:dim>8</spirit:dim>
            <spirit:addressOffset>0x0</spirit:addressOffset>
            <spirit:size>32</spirit:size>
            <spirit:volatile>false</spirit:volatile>
            <spirit:access>read-write</spirit:access>
            <spirit:reset>
              <spirit:value>0x0</spirit:value>
            </spirit:reset>
            <spirit:field>
              <spirit:name>data</spirit:name>
              <spirit:bitOffset>0</spirit:bitOffset>
              <spirit:bitWidth>32</spirit:bitWidth>
              <spirit:access>read-write</spirit:access>
              <spirit:description>Scratch memory, EEPROM</spirit:description>
            </spirit:field>
          </spirit:register>
        </spirit:addressBlock>
        <spirit:addressBlock spirit:name="Reserved">
          <spirit:range spirit:format="long">4028</spirit:range>
          <spirit:width spirit:format="long">32</spirit:width>
          <spirit:usage>reserved</spirit:usage>
          <spirit:volatile>false</spirit:volatile>
          <spirit:access>read-only</spirit:access>
        </spirit:addressBlock>
        <spirit:addressBlock spirit:name="idAddressBlock">
          <spirit:range spirit:format="long">4</spirit:range>
          <spirit:width spirit:format="long">32</spirit:width>
          <spirit:usage>register</spirit:usage>
          <spirit:volatile>false</spirit:volatile>
          <spirit:access>read-only</spirit:access>
          <spirit:register>
            <spirit:name>IDReg</spirit:name>
            <spirit:addressOffset>0x0</spirit:addressOffset>
            <spirit:size>32</spirit:size>
            <spirit:access>read-only</spirit:access>
            <spirit:reset>
              <spirit:value>0x00000D01</spirit:value>
            </spirit:reset>
            <spirit:field>
              <spirit:name>ID</spirit:name>
              <spirit:bitOffset>0</spirit:bitOffset>
              <spirit:bitWidth>32</spirit:bitWidth>
              <spirit:access>read-only</spirit:access>
              <spirit:description>ID Field</spirit:description>
            </spirit:field>
            <spirit:description>ID register</spirit:description>
          </spirit:register>
        </spirit:addressBlock>
      </spirit:bank>
    </spirit:memoryMap>
  </spirit:memoryMaps>
  <spirit:model>
    <spirit:views>
      <spirit:view>
        <spirit:name>vhdlsource</spirit:name>
        <spirit:envIdentifier>:modelsim.mentor.com:</spirit:envIdentifier>
        <spirit:envIdentifier>:ncsim.cadence.com:</spirit:envIdentifier>
        <spirit:envIdentifier>:vcs.synopsys.com:</spirit:envIdentifier>
        <spirit:envIdentifier>:designcompiler.synopsys.com:</spirit:envIdentifier>
        <spirit:language>vhdl</spirit:language>
        <spirit:modelName>rgu(rtl)</spirit:modelName>
        <spirit:fileSetRef>fs-vhdlSource</spirit:fileSetRef>
      </spirit:view>
    </spirit:views>
    <spirit:signals>
      <spirit:signal>
        <spirit:name>pclk</spirit:name>
        <spirit:direction>in</spirit:direction>
        <spirit:export spirit:configGroups="export" spirit:id="sig_clk" spirit:prompt="clk">false</spirit:export>
      </spirit:signal>
      <spirit:signal>
        <spirit:name>presetn</spirit:name>
        <spirit:direction>in</spirit:direction>
        <spirit:export spirit:configGroups="export" spirit:id="sig_rst" spirit:prompt="rst">false</spirit:export>
      </spirit:signal>
      <spirit:signal>
        <spirit:name>psel</spirit:name>
        <spirit:direction>in</spirit:direction>
        <spirit:export spirit:configGroups="export" spirit:id="sig_psel" spirit:prompt="psel">false</spirit:export>
      </spirit:signal>
      <spirit:signal>
        <spirit:name>penable</spirit:name>
        <spirit:direction>in</spirit:direction>
        <spirit:export spirit:configGroups="export" spirit:id="sig_penable" spirit:prompt="penable">false</spirit:export>
      </spirit:signal>
      <spirit:signal>
        <spirit:name>paddr</spirit:name>
        <spirit:direction>in</spirit:direction>
        <spirit:left>11</spirit:left>
        <spirit:right>0</spirit:right>
        <spirit:export spirit:configGroups="export" spirit:id="sig_paddr" spirit:prompt="paddr">false</spirit:export>
      </spirit:signal>
      <spirit:signal>
        <spirit:name>pwrite</spirit:name>
        <spirit:direction>in</spirit:direction>
        <spirit:export spirit:configGroups="export" spirit:id="sig_pwrite" spirit:prompt="pwrite">false</spirit:export>
      </spirit:signal>
      <spirit:signal>
        <spirit:name>pwdata</spirit:name>
        <spirit:direction>in</spirit:direction>
        <spirit:left>31</spirit:left>
        <spirit:right>0</spirit:right>
        <spirit:export spirit:configGroups="export" spirit:id="sig_pwdata" spirit:prompt="pwdata">false</spirit:export>
      </spirit:signal>
      <spirit:signal>
        <spirit:name>prdata</spirit:name>
        <spirit:direction>out</spirit:direction>
        <spirit:left>31</spirit:left>
        <spirit:right>0</spirit:right>
        <spirit:export spirit:configGroups="export" spirit:id="sig_prdata" spirit:prompt="prdata">false</spirit:export>
      </spirit:signal>
      <spirit:signal>
        <spirit:name>ipclk</spirit:name>
        <spirit:direction>in</spirit:direction>
        <spirit:clockDriver spirit:clockName="ipclk">
          <spirit:clockPeriod spirit:id="ClockPeriod" spirit:prompt="Clock Pulse Period:" spirit:resolve="user">100</spirit:clockPeriod>
          <spirit:clockPulseOffset spirit:id="ClockPulseOffset" spirit:prompt="Clock Pulse Offset:" spirit:resolve="user">50</spirit:clockPulseOffset>
          <spirit:clockPulseValue spirit:id="ClockPulseValue" spirit:prompt="Clock Pulse Value:" spirit:resolve="user">1</spirit:clockPulseValue>
          <spirit:clockPulseDuration spirit:id="ClockPulseDuration" spirit:prompt="Clock Pulse Duration:" spirit:resolve="user">50</spirit:clockPulseDuration>
        </spirit:clockDriver>
        <spirit:export spirit:configGroups="export" spirit:id="ipclk" spirit:prompt="ipclk">false</spirit:export>
      </spirit:signal>
      <spirit:signal>
        <spirit:name>rstin_an</spirit:name>
        <spirit:direction>in</spirit:direction>
        <spirit:singleShotDriver>
          <spirit:singleShotOffset>500</spirit:singleShotOffset>
          <spirit:singleShotValue>1</spirit:singleShotValue>
          <spirit:singleShotDuration>1000</spirit:singleShotDuration>
        </spirit:singleShotDriver>
        <spirit:export spirit:configGroups="export" spirit:id="rstin" spirit:prompt="rstin">false</spirit:export>
      </spirit:signal>
      <spirit:signal>
        <spirit:name>rstout_an</spirit:name>
        <spirit:direction>out</spirit:direction>
        <spirit:left>7</spirit:left>
        <spirit:right>0</spirit:right>
        <spirit:export spirit:configGroups="export" spirit:id="rstout" spirit:prompt="rstout">true</spirit:export>
      </spirit:signal>
    </spirit:signals>
    <spirit:modelParameters>
      <spirit:modelParameter spirit:dataType="integer" spirit:id="delay0" spirit:name="delay0" spirit:resolve="user" spirit:maximum="255" spirit:minimum="0" spirit:rangeType="unsigned int" spirit:format="long" spirit:configGroups="requiredConfig" spirit:prompt="Delay for reset output 0 (reset value in XML will be incorrrect if any of these are changed)">0</spirit:modelParameter>
      <spirit:modelParameter spirit:dataType="integer" spirit:id="delay1" spirit:name="delay1" spirit:resolve="user" spirit:maximum="255" spirit:minimum="0" spirit:rangeType="unsigned int" spirit:format="long" spirit:configGroups="requiredConfig" spirit:prompt="Delay for reset output 1">1</spirit:modelParameter>
      <spirit:modelParameter spirit:dataType="integer" spirit:id="delay2" spirit:name="delay2" spirit:resolve="user" spirit:maximum="255" spirit:minimum="0" spirit:rangeType="unsigned int" spirit:format="long" spirit:configGroups="requiredConfig" spirit:prompt="Delay for reset output 2">2</spirit:modelParameter>
      <spirit:modelParameter spirit:dataType="integer" spirit:id="delay3" spirit:name="delay3" spirit:resolve="user" spirit:maximum="255" spirit:minimum="0" spirit:rangeType="unsigned int" spirit:format="long" spirit:configGroups="requiredConfig" spirit:prompt="Delay for reset output 3">4</spirit:modelParameter>
      <spirit:modelParameter spirit:dataType="integer" spirit:id="delay4" spirit:name="delay4" spirit:resolve="user" spirit:maximum="255" spirit:minimum="0" spirit:rangeType="unsigned int" spirit:format="long" spirit:configGroups="requiredConfig" spirit:prompt="Delay for reset output 4">8</spirit:modelParameter>
      <spirit:modelParameter spirit:dataType="integer" spirit:id="delay5" spirit:name="delay5" spirit:resolve="user" spirit:maximum="255" spirit:minimum="0" spirit:rangeType="unsigned int" spirit:format="long" spirit:configGroups="requiredConfig" spirit:prompt="Delay for reset output 5">0x10</spirit:modelParameter>
      <spirit:modelParameter spirit:dataType="integer" spirit:id="delay6" spirit:name="delay6" spirit:resolve="user" spirit:maximum="255" spirit:minimum="0" spirit:rangeType="unsigned int" spirit:format="long" spirit:configGroups="requiredConfig" spirit:prompt="Delay for reset output 6">0x20</spirit:modelParameter>
      <spirit:modelParameter spirit:dataType="integer" spirit:id="delay7" spirit:name="delay7" spirit:resolve="user" spirit:maximum="255" spirit:minimum="0" spirit:rangeType="unsigned int" spirit:format="long" spirit:configGroups="requiredConfig" spirit:prompt="Delay for reset output 7">0x40</spirit:modelParameter>
    </spirit:modelParameters>
  </spirit:model>
  <spirit:fileSets>
    <spirit:fileSet spirit:fileSetId="fs-vhdlSource">
      <spirit:file>
        <spirit:name>hdlsrc/rgu.vhd</spirit:name>
        <spirit:fileType>vhdlSource</spirit:fileType>
        <spirit:logicalName>rgu_lib</spirit:logicalName>
      </spirit:file>
    </spirit:fileSet>
  </spirit:fileSets>
</spirit:component>
