<?xml version="1.0" encoding="UTF-8"?>
<!-- 
// Copyright (c) 2005, 2006, 2007 The SPIRIT Consortium.  All rights reserved.
// www.spiritconsortium.org
//
// THIS WORK FORMS PART OF A SPIRIT CONSORTIUM SPECIFICATION.
// USE OF THESE MATERIALS ARE GOVERNED BY
// THE LEGAL TERMS AND CONDITIONS OUTLINED IN THE SPIRIT
// SPECIFICATION DISCLAIMER AVAILABLE FROM
// www.spiritconsortium.org
//
// This source file is provided on an AS IS basis. The SPIRIT Consortium disclaims 
// ANY WARRANTY EXPRESS OR IMPLIED INCLUDING ANY WARRANTY OF
// MERCHANTABILITY AND FITNESS FOR USE FOR A PARTICULAR PURPOSE. 
// The user of the source file shall indemnify and hold The SPIRIT Consortium harmless
// from any damages or liability arising out of the use thereof or the performance or
// implementation or partial implementation of the schema.
  -->
  
<!-- SPIRIT TLM PV APB AbstractionDef -->

<spirit:abstractionDefinition xmlns:spirit="http://www.spiritconsortium.org/XMLSchema/SPIRIT/1.4" xmlns:xsi="http://www.w3.org/2001/XMLSchema-instance" xsi:schemaLocation="http://www.spiritconsortium.org/XMLSchema/SPIRIT/1.4                 http://www.spiritconsortium.org/XMLSchema/SPIRIT/1.4/index.xsd"> 
	<spirit:vendor>spiritconsortium.org</spirit:vendor>
	<spirit:library>abstractiondef.tlm</spirit:library>
	<spirit:name>apb_pv</spirit:name>
	<spirit:version>1.4</spirit:version>
	<spirit:busType spirit:vendor="amba.com" spirit:library="AMBA2" spirit:name="APB" spirit:version="r2p0_4"/>
	<spirit:ports>
		<spirit:port>
			<spirit:logicalName>PV_TRANS</spirit:logicalName>
			<spirit:transactional>
				<spirit:qualifier>
					<spirit:isAddress>true</spirit:isAddress>
					<spirit:isData>true</spirit:isData>
				</spirit:qualifier>
				<spirit:onMaster>
					<spirit:presence>required</spirit:presence>
					<spirit:service>
						<spirit:initiative>requires</spirit:initiative>
						<!-- limitation: the service parameters (here the template parameters ADRRESS and DATA) are not specified -->
						<spirit:typeName>pv_initiator_port</spirit:typeName>
					</spirit:service>
				</spirit:onMaster>
				<spirit:onSlave>
					<spirit:presence>required</spirit:presence>
					<spirit:service>
						<spirit:initiative>provides</spirit:initiative>
						<!-- limitation: the service parameters (here the template parameters ADRRESS and DATA) are not specified -->
						<spirit:typeName>pv_target_port</spirit:typeName>
					</spirit:service>
				</spirit:onSlave>
			</spirit:transactional>
		</spirit:port>
	</spirit:ports>
</spirit:abstractionDefinition>
