<?xml version="1.0"?>
<spirit:component xmlns:spirit="http://www.spiritconsortium.org/XMLSchema/SPIRIT/1.4" xmlns:xsi="http://www.w3.org/2001/XMLSchema-instance" xsi:schemaLocation="http://www.spiritconsortium.org/XMLSchema/SPIRIT/1.4 http://www.spiritconsortium.org/XMLSchema/SPIRIT/1.4/index.xsd">
  <spirit:vendor>spiritconsortium.org</spirit:vendor>
  <spirit:library>Leon2RTL</spirit:library>
  <spirit:name>Leon2PlatformSystem</spirit:name>
  <spirit:version>5.0</spirit:version>
  <spirit:model>
    <spirit:views>
      <spirit:view>
        <spirit:name>spirit-design</spirit:name>
        <spirit:envIdentifier>::Hierarchy</spirit:envIdentifier>
        <spirit:hierarchyRef spirit:vendor="spiritconsortium.org" spirit:library="Leon2RTL" spirit:name="design_Leon2PlatformSystem" spirit:version="5.0"/>
      </spirit:view>
      <!-- Not a valid view, the fileSet is not complete.
      <spirit:view>
        <spirit:name>RTL</spirit:name>
        <spirit:envIdentifier>:*Synthesis:</spirit:envIdentifier>
        <spirit:language spirit:strict="true">verilog vhdl</spirit:language>
        <spirit:modelName>Leon2PlatformSystem(structure)</spirit:modelName>
        <spirit:fileSetRef>source-code</spirit:fileSetRef>
      </spirit:view>
      -->
    </spirit:views>
    <spirit:ports>
      <spirit:port>
        <spirit:name>clkin</spirit:name>
        <spirit:wire>
          <spirit:direction>in</spirit:direction>
          <spirit:driver>
            <spirit:clockDriver spirit:clockName="clk">
              <spirit:clockPeriod>100</spirit:clockPeriod>
              <spirit:clockPulseOffset>50</spirit:clockPulseOffset>
              <spirit:clockPulseValue>1</spirit:clockPulseValue>
              <spirit:clockPulseDuration>50</spirit:clockPulseDuration>
            </spirit:clockDriver>
          </spirit:driver>
        </spirit:wire>
      </spirit:port>
      <spirit:port>
        <spirit:name>dac_clk</spirit:name>
        <spirit:wire>
          <spirit:direction>in</spirit:direction>
        </spirit:wire>
      </spirit:port>
      <spirit:port>
        <spirit:name>gpi</spirit:name>
        <spirit:wire>
          <spirit:direction>in</spirit:direction>
          <spirit:vector>
            <spirit:left>3</spirit:left>
            <spirit:right>0</spirit:right>
          </spirit:vector>
        </spirit:wire>
      </spirit:port>
      <spirit:port>
        <spirit:name>i2c_gpio_address</spirit:name>
        <spirit:wire>
          <spirit:direction>in</spirit:direction>
          <spirit:vector>
            <spirit:left>9</spirit:left>
            <spirit:right>0</spirit:right>
          </spirit:vector>
        </spirit:wire>
      </spirit:port>
      <spirit:port>
        <spirit:name>i2c_memory_address</spirit:name>
        <spirit:wire>
          <spirit:direction>in</spirit:direction>
          <spirit:vector>
            <spirit:left>9</spirit:left>
            <spirit:right>0</spirit:right>
          </spirit:vector>
        </spirit:wire>
      </spirit:port>
      <spirit:port>
        <spirit:name>rstin_an</spirit:name>
        <spirit:wire>
          <spirit:direction>in</spirit:direction>
          <spirit:driver>
            <spirit:singleShotDriver>
              <spirit:singleShotOffset>500</spirit:singleShotOffset>
              <spirit:singleShotValue>1</spirit:singleShotValue>
              <spirit:singleShotDuration>1000</spirit:singleShotDuration>
            </spirit:singleShotDriver>
          </spirit:driver>
        </spirit:wire>
      </spirit:port>
      <spirit:port>
        <spirit:name>SimDone</spirit:name>
        <spirit:wire>
          <spirit:direction>out</spirit:direction>
        </spirit:wire>
      </spirit:port>
      <spirit:port>
        <spirit:name>gpo</spirit:name>
        <spirit:wire>
          <spirit:direction>out</spirit:direction>
          <spirit:vector>
            <spirit:left>3</spirit:left>
            <spirit:right>0</spirit:right>
          </spirit:vector>
        </spirit:wire>
      </spirit:port>
    </spirit:ports>
  </spirit:model>
  <spirit:fileSets>
    <spirit:fileSet>
      <spirit:name>source-code</spirit:name>
      <spirit:file>
        <spirit:name>hdlsrc/Leon2PlatformSystem_ent.vhd</spirit:name>
        <spirit:fileType>vhdlSource</spirit:fileType>
        <spirit:logicalName>work</spirit:logicalName>
      </spirit:file>
      <spirit:file>
        <spirit:name>hdlsrc/Leon2PlatformSystem_pack.vhd</spirit:name>
        <spirit:fileType>vhdlSource</spirit:fileType>
        <spirit:logicalName>work</spirit:logicalName>
      </spirit:file>
      <spirit:file>
        <spirit:name>hdlsrc/Leon2PlatformSystem_arch.vhd</spirit:name>
        <spirit:fileType>vhdlSource</spirit:fileType>
        <spirit:logicalName>work</spirit:logicalName>
      </spirit:file>
    </spirit:fileSet>
  </spirit:fileSets>
  <spirit:description>System5 same as System2, swapped AHBram in audioSubSystem for AHBLiteram. Swapped DAC on the top level and mp3Decode in audioSubSystem with a different version with wireTypeDef for the DAC data of dac_word_type and mp3Decode uses std_ulogic and std_ulogic_vector for all ports. Added an ahbstat monitor to the AHB slave interface of the AHBrom in the audioSubSystem.</spirit:description>
</spirit:component>
