<?xml version="1.0"?>
<!-- edited with XMLSPY v2004 rel. 2 U (http://www.xmlspy.com) by Christophe Amerijckx (STMicroelectronics) -->
<!--
// Description : timers.xml
// Author : SPIRIT Schema Working Group - Christophe Amerijckx
// Version: 1.2
//
// Copyright (c) 2006 SPIRIT.  All rights reserved.
// www.spiritconsortium.com
//
// THIS WORK FORMS PART OF A SPIRIT CONSORTIUM SPECIFICATION.  
// THIS WORK CONTAINS TRADE SECRETS AND PROPRIETARY INFORMATION 
// WHICH IS THE EXCLUSIVE PROPERTY OF INDIVIDUAL MEMBERS OF THE 
// SPIRIT CONSORTIUM. USE OF THESE MATERIALS ARE GOVERNED BY 
// THE LEGAL TERMS AND CONDITIONS OUTLINED IN THE THE SPIRIT 
// SPECIFICATION DISCLAIMER AVAILABLE FROM
// www.spiritconsortium.org
-->
<spirit:component xmlns:spirit="http://www.spiritconsortium.org/XMLSchema/SPIRIT/1.2" xmlns:xsi="http://www.w3.org/2001/XMLSchema-instance" xsi:schemaLocation="http://www.spiritconsortium.org/XMLSchema/SPIRIT/1.2 http://www.spiritconsortium.org/XMLSchema/SPIRIT/1.2/index.xsd">
  <spirit:vendor>spiritconsortium.org</spirit:vendor>
  <spirit:library>Leon2</spirit:library>
  <spirit:name>timers</spirit:name>
  <spirit:version>1.2</spirit:version>
  <spirit:busInterfaces>
    <spirit:busInterface>
      <spirit:name>APBClk</spirit:name>
      <spirit:busType spirit:vendor="spiritconsortium.org" spirit:library="busdef.clock" spirit:name="clock" spirit:version="1.0"/>
      <spirit:slave/>
      <spirit:signalMap>
        <spirit:signalName>
          <spirit:componentSignalName>clk</spirit:componentSignalName>
          <spirit:busSignalName>CLK</spirit:busSignalName>
        </spirit:signalName>
      </spirit:signalMap>
    </spirit:busInterface>
    <spirit:busInterface>
      <spirit:name>APBReset</spirit:name>
      <spirit:busType spirit:vendor="spiritconsortium.org" spirit:library="busdef.reset" spirit:name="reset" spirit:version="1.0"/>
      <spirit:slave/>
      <spirit:signalMap>
        <spirit:signalName>
          <spirit:componentSignalName>rst</spirit:componentSignalName>
          <spirit:busSignalName>RESETn</spirit:busSignalName>
        </spirit:signalName>
      </spirit:signalMap>
    </spirit:busInterface>
    <spirit:busInterface>
      <spirit:name>ambaAPB</spirit:name>
      <spirit:busType spirit:vendor="amba.com" spirit:library="AMBA2" spirit:name="APB" spirit:version="r2p0_4"/>
      <spirit:slave>
        <spirit:memoryMapRef spirit:memoryMapRef="ambaAPB"/>
      </spirit:slave>
      <spirit:connection>required</spirit:connection>
      <spirit:signalMap>
        <spirit:signalName>
          <spirit:componentSignalName>psel</spirit:componentSignalName>
          <spirit:busSignalName>PSELx</spirit:busSignalName>
        </spirit:signalName>
        <spirit:signalName>
          <spirit:componentSignalName>penable</spirit:componentSignalName>
          <spirit:busSignalName>PENABLE</spirit:busSignalName>
        </spirit:signalName>
        <spirit:signalName>
          <spirit:componentSignalName>paddr</spirit:componentSignalName>
          <spirit:busSignalName>PADDR</spirit:busSignalName>
        </spirit:signalName>
        <spirit:signalName>
          <spirit:componentSignalName>pwrite</spirit:componentSignalName>
          <spirit:busSignalName>PWRITE</spirit:busSignalName>
        </spirit:signalName>
        <spirit:signalName>
          <spirit:componentSignalName>pwdata</spirit:componentSignalName>
          <spirit:busSignalName>PWDATA</spirit:busSignalName>
        </spirit:signalName>
        <spirit:signalName>
          <spirit:componentSignalName>prdata</spirit:componentSignalName>
          <spirit:busSignalName>PRDATA</spirit:busSignalName>
        </spirit:signalName>
        <spirit:signalName>
          <spirit:componentSignalName>clk</spirit:componentSignalName>
          <spirit:busSignalName>PCLK</spirit:busSignalName>
        </spirit:signalName>
        <spirit:signalName>
          <spirit:componentSignalName>rst</spirit:componentSignalName>
          <spirit:busSignalName>PRESETn</spirit:busSignalName>
        </spirit:signalName>
      </spirit:signalMap>
    </spirit:busInterface>
    <spirit:busInterface>
      <spirit:name>Int0</spirit:name>
      <spirit:busType spirit:vendor="spiritconsortium.org" spirit:library="busdef.interrupt" spirit:name="interrupt" spirit:version="1.0"/>
      <spirit:master/>
      <spirit:signalMap>
        <spirit:signalName>
          <spirit:componentSignalName>irq0</spirit:componentSignalName>
          <spirit:busSignalName>IRQ</spirit:busSignalName>
        </spirit:signalName>
      </spirit:signalMap>
    </spirit:busInterface>
    <spirit:busInterface>
      <spirit:name>Int1</spirit:name>
      <spirit:busType spirit:vendor="spiritconsortium.org" spirit:library="busdef.interrupt" spirit:name="interrupt" spirit:version="1.0"/>
      <spirit:master/>
      <spirit:signalMap>
        <spirit:signalName>
          <spirit:componentSignalName>irq1</spirit:componentSignalName>
          <spirit:busSignalName>IRQ</spirit:busSignalName>
        </spirit:signalName>
      </spirit:signalMap>
    </spirit:busInterface>
  </spirit:busInterfaces>
  <spirit:memoryMaps>
    <spirit:memoryMap>
      <spirit:name>ambaAPB</spirit:name>
      <spirit:addressBlock>
        <spirit:baseAddress>0</spirit:baseAddress>
        <spirit:bitOffset spirit:format="long">0</spirit:bitOffset>
        <spirit:range spirit:format="long">0x28</spirit:range>
        <spirit:width spirit:format="long" spirit:id="width">32</spirit:width>
        <spirit:register>
          <spirit:name>timer1Counter</spirit:name>
          <spirit:addressOffset>0x0</spirit:addressOffset>
          <spirit:size>32</spirit:size>
          <spirit:volatile>true</spirit:volatile>
          <spirit:access>read-write</spirit:access>
          <spirit:field>
            <spirit:name>timer1Value</spirit:name>
            <spirit:bitOffset>0</spirit:bitOffset>
            <spirit:bitWidth>24</spirit:bitWidth>
            <spirit:access>read-write</spirit:access>
            <spirit:description>Value of Timer 1</spirit:description>
          </spirit:field>
          <spirit:field>
            <spirit:name>reserved</spirit:name>
            <spirit:bitOffset>24</spirit:bitOffset>
            <spirit:bitWidth>8</spirit:bitWidth>
            <spirit:access>read-write</spirit:access>
            <spirit:description>Reserved</spirit:description>
          </spirit:field>
          <spirit:description>Timer 1 value</spirit:description>
        </spirit:register>
        <spirit:register>
          <spirit:name>timer1Reload</spirit:name>
          <spirit:addressOffset>0x4</spirit:addressOffset>
          <spirit:size>32</spirit:size>
          <spirit:volatile>true</spirit:volatile>
          <spirit:access>read-write</spirit:access>
          <spirit:field>
            <spirit:name>timerReloadValue</spirit:name>
            <spirit:bitOffset>0</spirit:bitOffset>
            <spirit:bitWidth>24</spirit:bitWidth>
            <spirit:access>read-write</spirit:access>
            <spirit:description>Timer 1 Reload Value</spirit:description>
          </spirit:field>
          <spirit:field>
            <spirit:name>reserved</spirit:name>
            <spirit:bitOffset>24</spirit:bitOffset>
            <spirit:bitWidth>8</spirit:bitWidth>
            <spirit:access>read-write</spirit:access>
            <spirit:description>Reserved</spirit:description>
          </spirit:field>
          <spirit:description>Timer 1 Reload Value</spirit:description>
        </spirit:register>
        <spirit:register>
          <spirit:name>timer1Control</spirit:name>
          <spirit:addressOffset>0x8</spirit:addressOffset>
          <spirit:size>32</spirit:size>
          <spirit:volatile>true</spirit:volatile>
          <spirit:access>read-write</spirit:access>
          <spirit:reset>
            <spirit:value>0x0</spirit:value>
            <spirit:mask>0x0001</spirit:mask>
          </spirit:reset>
          <spirit:field>
            <spirit:name>enable</spirit:name>
            <spirit:bitOffset>0</spirit:bitOffset>
            <spirit:bitWidth>1</spirit:bitWidth>
            <spirit:access>read-write</spirit:access>
            <spirit:description>Enables the timer when set.</spirit:description>
          </spirit:field>
          <spirit:field>
            <spirit:name>reloadCounter</spirit:name>
            <spirit:bitOffset>1</spirit:bitOffset>
            <spirit:bitWidth>1</spirit:bitWidth>
            <spirit:access>read-write</spirit:access>
            <spirit:description>When set to 1 the counter will automatically be reloaded with the reload value after each underflow.</spirit:description>
          </spirit:field>
          <spirit:field>
            <spirit:name>loadCounter</spirit:name>
            <spirit:bitOffset>2</spirit:bitOffset>
            <spirit:bitWidth>1</spirit:bitWidth>
            <spirit:access>read-write</spirit:access>
            <spirit:description>When written with 1, will load the timer reload register into the timer counter register. Always reads as a 0.</spirit:description>
          </spirit:field>
          <spirit:description>Timer 1 Control Register</spirit:description>
        </spirit:register>
        <spirit:register>
          <spirit:name>watchdogCounter</spirit:name>
          <spirit:addressOffset>0xc</spirit:addressOffset>
          <spirit:size>32</spirit:size>
          <spirit:volatile>true</spirit:volatile>
          <spirit:access>read-write</spirit:access>
          <spirit:field>
            <spirit:name>watchdogValue</spirit:name>
            <spirit:bitOffset>0</spirit:bitOffset>
            <spirit:bitWidth>24</spirit:bitWidth>
            <spirit:access>read-write</spirit:access>
            <spirit:description>Watchdog 1 value</spirit:description>
          </spirit:field>
          <spirit:field>
            <spirit:name>reserved</spirit:name>
            <spirit:bitOffset>24</spirit:bitOffset>
            <spirit:bitWidth>8</spirit:bitWidth>
            <spirit:access>read-write</spirit:access>
            <spirit:description>Reserved</spirit:description>
          </spirit:field>
          <spirit:description>Watchdog 1 value</spirit:description>
        </spirit:register>
        <spirit:register>
          <spirit:name>timer2Counter</spirit:name>
          <spirit:addressOffset>0x10</spirit:addressOffset>
          <spirit:size>32</spirit:size>
          <spirit:volatile>true</spirit:volatile>
          <spirit:access>read-write</spirit:access>
          <spirit:field>
            <spirit:name>timer2Value</spirit:name>
            <spirit:bitOffset>0</spirit:bitOffset>
            <spirit:bitWidth>24</spirit:bitWidth>
            <spirit:access>read-write</spirit:access>
            <spirit:description>Timer 2 value</spirit:description>
          </spirit:field>
          <spirit:field>
            <spirit:name>reserved</spirit:name>
            <spirit:bitOffset>24</spirit:bitOffset>
            <spirit:bitWidth>8</spirit:bitWidth>
            <spirit:access>read-write</spirit:access>
            <spirit:description>Reserved</spirit:description>
          </spirit:field>
          <spirit:description>Timer 2 value</spirit:description>
        </spirit:register>
        <spirit:register>
          <spirit:name>timer2Reload</spirit:name>
          <spirit:addressOffset>0x14</spirit:addressOffset>
          <spirit:size>32</spirit:size>
          <spirit:volatile>true</spirit:volatile>
          <spirit:access>read-write</spirit:access>
          <spirit:field>
            <spirit:name>timerReloadValue</spirit:name>
            <spirit:bitOffset>0</spirit:bitOffset>
            <spirit:bitWidth>24</spirit:bitWidth>
            <spirit:access>read-write</spirit:access>
            <spirit:description>Timer 2 Reload Value</spirit:description>
          </spirit:field>
          <spirit:field>
            <spirit:name>reserved</spirit:name>
            <spirit:bitOffset>24</spirit:bitOffset>
            <spirit:bitWidth>8</spirit:bitWidth>
            <spirit:access>read-write</spirit:access>
            <spirit:description>Reserved</spirit:description>
          </spirit:field>
          <spirit:description>Timer 2 Reload Value</spirit:description>
        </spirit:register>
        <spirit:register>
          <spirit:name>timer2Control</spirit:name>
          <spirit:addressOffset>0x18</spirit:addressOffset>
          <spirit:size>32</spirit:size>
          <spirit:volatile>true</spirit:volatile>
          <spirit:access>read-write</spirit:access>
          <spirit:reset>
            <spirit:value>0x0</spirit:value>
            <spirit:mask>0x0001</spirit:mask>
          </spirit:reset>
          <spirit:field>
            <spirit:name>enable</spirit:name>
            <spirit:bitOffset>0</spirit:bitOffset>
            <spirit:bitWidth>1</spirit:bitWidth>
            <spirit:access>read-write</spirit:access>
            <spirit:description>Enables the timer when set.</spirit:description>
          </spirit:field>
          <spirit:field>
            <spirit:name>reloadCounter</spirit:name>
            <spirit:bitOffset>1</spirit:bitOffset>
            <spirit:bitWidth>1</spirit:bitWidth>
            <spirit:access>read-write</spirit:access>
            <spirit:description>When set to 1 the counter will automatically be reloaded with the reload value after each underflow.</spirit:description>
          </spirit:field>
          <spirit:field>
            <spirit:name>loadCounter</spirit:name>
            <spirit:bitOffset>2</spirit:bitOffset>
            <spirit:bitWidth>1</spirit:bitWidth>
            <spirit:access>read-write</spirit:access>
            <spirit:description>When written with 1, will load the timer reload register into the timer counter register. Always reads as a 0.</spirit:description>
          </spirit:field>
          <spirit:description>Timer 2 Control Register</spirit:description>
        </spirit:register>
        <spirit:register>
          <spirit:name>prescalerCounter</spirit:name>
          <spirit:addressOffset>0x20</spirit:addressOffset>
          <spirit:size>32</spirit:size>
          <spirit:volatile>true</spirit:volatile>
          <spirit:access>read-write</spirit:access>
          <spirit:field>
            <spirit:name>reloadValue</spirit:name>
            <spirit:bitOffset>0</spirit:bitOffset>
            <spirit:bitWidth>10</spirit:bitWidth>
            <spirit:access>read-write</spirit:access>
            <spirit:description>Prescaler Counter Value</spirit:description>
          </spirit:field>
          <spirit:field>
            <spirit:name>reserved</spirit:name>
            <spirit:bitOffset>10</spirit:bitOffset>
            <spirit:bitWidth>22</spirit:bitWidth>
            <spirit:access>read-write</spirit:access>
            <spirit:description>Reserved</spirit:description>
          </spirit:field>
          <spirit:description>Prescaler Counter</spirit:description>
        </spirit:register>
        <spirit:register>
          <spirit:name>prescalerReloadValue</spirit:name>
          <spirit:addressOffset>0x24</spirit:addressOffset>
          <spirit:size>32</spirit:size>
          <spirit:volatile>true</spirit:volatile>
          <spirit:access>read-write</spirit:access>
          <spirit:field>
            <spirit:name>reloadValue</spirit:name>
            <spirit:bitOffset>0</spirit:bitOffset>
            <spirit:bitWidth>10</spirit:bitWidth>
            <spirit:access>read-write</spirit:access>
            <spirit:description>Prescaler Reload Value</spirit:description>
          </spirit:field>
          <spirit:field>
            <spirit:name>reserved</spirit:name>
            <spirit:bitOffset>10</spirit:bitOffset>
            <spirit:bitWidth>22</spirit:bitWidth>
            <spirit:access>read-write</spirit:access>
            <spirit:description>Reserved</spirit:description>
          </spirit:field>
          <spirit:description>Prescaler Reload Value</spirit:description>
        </spirit:register>
      </spirit:addressBlock>
    </spirit:memoryMap>
  </spirit:memoryMaps>
  <spirit:model>
    <spirit:views>
      <spirit:view>
        <spirit:name>vhdlsource</spirit:name>
        <spirit:envIdentifier>:modelsim.mentor.com:</spirit:envIdentifier>
        <spirit:envIdentifier>:ncsim.cadence.com:</spirit:envIdentifier>
        <spirit:envIdentifier>:vcs.synopsys.com:</spirit:envIdentifier>
        <spirit:envIdentifier>:designcompiler.synopsys.com:</spirit:envIdentifier>
        <spirit:language spirit:strict="true">vhdl</spirit:language>
        <spirit:modelName>leon2Timers(struct)</spirit:modelName>
        <spirit:fileSetRef>fs-vhdlSource</spirit:fileSetRef>
      </spirit:view>
    </spirit:views>
    <spirit:signals>
      <spirit:signal>
        <spirit:name>clk</spirit:name>
        <spirit:direction>in</spirit:direction>
        <spirit:export spirit:configGroups="export" spirit:id="sig_clk" spirit:prompt="clk">false</spirit:export>
      </spirit:signal>
      <spirit:signal>
        <spirit:name>rst</spirit:name>
        <spirit:direction>in</spirit:direction>
        <spirit:export spirit:configGroups="export" spirit:id="sig_rst" spirit:prompt="rst">false</spirit:export>
      </spirit:signal>
      <spirit:signal>
        <spirit:name>psel</spirit:name>
        <spirit:direction>in</spirit:direction>
        <spirit:export spirit:configGroups="export" spirit:id="sig_psel" spirit:prompt="psel">false</spirit:export>
      </spirit:signal>
      <spirit:signal>
        <spirit:name>penable</spirit:name>
        <spirit:direction>in</spirit:direction>
        <spirit:export spirit:configGroups="export" spirit:id="sig_penable" spirit:prompt="penable">false</spirit:export>
      </spirit:signal>
      <spirit:signal>
        <spirit:name>paddr</spirit:name>
        <spirit:direction>in</spirit:direction>
        <spirit:left>31</spirit:left>
        <spirit:right>0</spirit:right>
        <spirit:export spirit:configGroups="export" spirit:id="sig_paddr" spirit:prompt="paddr">false</spirit:export>
      </spirit:signal>
      <spirit:signal>
        <spirit:name>pwrite</spirit:name>
        <spirit:direction>in</spirit:direction>
        <spirit:export spirit:configGroups="export" spirit:id="sig_pwrite" spirit:prompt="pwrite">false</spirit:export>
      </spirit:signal>
      <spirit:signal>
        <spirit:name>pwdata</spirit:name>
        <spirit:direction>in</spirit:direction>
        <spirit:left>31</spirit:left>
        <spirit:right>0</spirit:right>
        <spirit:export spirit:configGroups="export" spirit:id="sig_pwdata" spirit:prompt="pwdata">false</spirit:export>
      </spirit:signal>
      <spirit:signal>
        <spirit:name>prdata</spirit:name>
        <spirit:direction>out</spirit:direction>
        <spirit:left>31</spirit:left>
        <spirit:right>0</spirit:right>
        <spirit:export spirit:configGroups="export" spirit:id="sig_prdata" spirit:prompt="prdata">false</spirit:export>
      </spirit:signal>
      <spirit:signal>
        <spirit:name>irq0</spirit:name>
        <spirit:direction>out</spirit:direction>
        <spirit:export spirit:configGroups="export" spirit:id="sig_irq0" spirit:prompt="irq0">false</spirit:export>
      </spirit:signal>
      <spirit:signal>
        <spirit:name>irq1</spirit:name>
        <spirit:direction>out</spirit:direction>
        <spirit:export spirit:configGroups="export" spirit:id="sig_irq1" spirit:prompt="irq1">false</spirit:export>
      </spirit:signal>
      <spirit:signal>
        <spirit:name>tick</spirit:name>
        <spirit:direction>out</spirit:direction>
        <spirit:export spirit:configGroups="export" spirit:format="bool" spirit:id="sig_tick" spirit:prompt="tick" spirit:resolve="user">false</spirit:export>
      </spirit:signal>
      <spirit:signal>
        <spirit:name>wdog</spirit:name>
        <spirit:direction>out</spirit:direction>
        <spirit:export spirit:configGroups="export" spirit:format="bool" spirit:id="sig_wdog" spirit:prompt="wdog" spirit:resolve="user">false</spirit:export>
      </spirit:signal>
      <spirit:signal>
        <spirit:name>dsuact</spirit:name>
        <spirit:direction>in</spirit:direction>
        <spirit:defaultValue>
          <spirit:value spirit:format="long" spirit:id="sigdefVal_dsuact">0</spirit:value>
        </spirit:defaultValue>
        <spirit:export spirit:configGroups="export" spirit:id="sig_dsuact" spirit:prompt="dsuact">false</spirit:export>
      </spirit:signal>
      <spirit:signal>
        <spirit:name>ntrace</spirit:name>
        <spirit:direction>in</spirit:direction>
        <spirit:defaultValue>
          <spirit:value spirit:format="long" spirit:id="sigdefVal_ntrace">0</spirit:value>
        </spirit:defaultValue>
        <spirit:export spirit:configGroups="export" spirit:id="sig_ntrace" spirit:prompt="ntrace">false</spirit:export>
      </spirit:signal>
      <spirit:signal>
        <spirit:name>freezetime</spirit:name>
        <spirit:direction>in</spirit:direction>
        <spirit:defaultValue>
          <spirit:value spirit:format="long" spirit:id="sigdefVal_freezetime">1</spirit:value>
        </spirit:defaultValue>
        <spirit:export spirit:configGroups="export" spirit:id="sig_freezetime" spirit:prompt="freezetime">false</spirit:export>
      </spirit:signal>
      <spirit:signal>
        <spirit:name>lresp</spirit:name>
        <spirit:direction>in</spirit:direction>
        <spirit:defaultValue>
          <spirit:value spirit:format="long" spirit:id="sigdefVal_lresp">0</spirit:value>
        </spirit:defaultValue>
        <spirit:export spirit:configGroups="export" spirit:id="sig_lresp" spirit:prompt="lresp">false</spirit:export>
      </spirit:signal>
      <spirit:signal>
        <spirit:name>dresp</spirit:name>
        <spirit:direction>in</spirit:direction>
        <spirit:defaultValue>
          <spirit:value spirit:format="long" spirit:id="sigdefVal_dresp">0</spirit:value>
        </spirit:defaultValue>
        <spirit:export spirit:configGroups="export" spirit:id="sig_dresp" spirit:prompt="dresp">false</spirit:export>
      </spirit:signal>
      <spirit:signal>
        <spirit:name>dsuen</spirit:name>
        <spirit:direction>in</spirit:direction>
        <spirit:defaultValue>
          <spirit:value spirit:format="long" spirit:id="sigdefVal_dsuen">0</spirit:value>
        </spirit:defaultValue>
        <spirit:export spirit:configGroups="export" spirit:id="sig_dsuen" spirit:prompt="dsuen">false</spirit:export>
      </spirit:signal>
      <spirit:signal>
        <spirit:name>dsubre</spirit:name>
        <spirit:direction>in</spirit:direction>
        <spirit:defaultValue>
          <spirit:value spirit:format="long" spirit:id="sigdefVal_dsubre">0</spirit:value>
        </spirit:defaultValue>
        <spirit:export spirit:configGroups="export" spirit:id="sig_dsubre" spirit:prompt="dsubre">false</spirit:export>
      </spirit:signal>
    </spirit:signals>
    <spirit:modelParameters>
      <spirit:modelParameter spirit:configGroups="requiredConfig" spirit:dataType="integer" spirit:id="TPRESC" spirit:name="TPRESC" spirit:prompt="System Clock Frequency at boot (Hz):" spirit:resolve="user">22</spirit:modelParameter>
    </spirit:modelParameters>
  </spirit:model>
  <spirit:fileSets>
    <spirit:fileSet spirit:fileSetId="fs-vhdlSource">
      <spirit:file>
        <spirit:name>../../common/target.vhd</spirit:name>
        <spirit:fileType>vhdlSource</spirit:fileType>
        <spirit:logicalName>leon2timers_lib</spirit:logicalName>
      </spirit:file>
      <spirit:file>
        <spirit:name>../../common/device.vhd</spirit:name>
        <spirit:fileType>vhdlSource</spirit:fileType>
        <spirit:logicalName>leon2timers_lib</spirit:logicalName>
      </spirit:file>
      <spirit:file>
        <spirit:name>../../common/config.vhd</spirit:name>
        <spirit:fileType>vhdlSource</spirit:fileType>
        <spirit:logicalName>leon2timers_lib</spirit:logicalName>
      </spirit:file>
      <spirit:file>
        <spirit:name>../../common/sparcv8.vhd</spirit:name>
        <spirit:fileType>vhdlSource</spirit:fileType>
        <spirit:logicalName>leon2timers_lib</spirit:logicalName>
      </spirit:file>
      <spirit:file>
        <spirit:name>../../common/iface.vhd</spirit:name>
        <spirit:fileType>vhdlSource</spirit:fileType>
        <spirit:logicalName>leon2timers_lib</spirit:logicalName>
      </spirit:file>
      <spirit:file>
        <spirit:name>../../common/amba.vhd</spirit:name>
        <spirit:fileType>vhdlSource</spirit:fileType>
        <spirit:logicalName>leon2timers_lib</spirit:logicalName>
      </spirit:file>
      <spirit:file>
        <spirit:name>../../common/ambacomp.vhd</spirit:name>
        <spirit:fileType>vhdlSource</spirit:fileType>
        <spirit:logicalName>leon2timers_lib</spirit:logicalName>
      </spirit:file>
      <spirit:file>
        <spirit:name>../../common/macro.vhd</spirit:name>
        <spirit:fileType>vhdlSource</spirit:fileType>
        <spirit:logicalName>leon2timers_lib</spirit:logicalName>
      </spirit:file>
      <spirit:file>
        <spirit:name>../../common/tech_generic.vhd</spirit:name>
        <spirit:fileType>vhdlSource</spirit:fileType>
        <spirit:logicalName>leon2timers_lib</spirit:logicalName>
      </spirit:file>
      <spirit:file>
        <spirit:name>../../common/tech_atc25.vhd</spirit:name>
        <spirit:fileType>vhdlSource</spirit:fileType>
        <spirit:logicalName>leon2timers_lib</spirit:logicalName>
      </spirit:file>
      <spirit:file>
        <spirit:name>../../common/tech_atc35.vhd</spirit:name>
        <spirit:fileType>vhdlSource</spirit:fileType>
        <spirit:logicalName>leon2timers_lib</spirit:logicalName>
      </spirit:file>
      <spirit:file>
        <spirit:name>../../common/tech_fs90.vhd</spirit:name>
        <spirit:fileType>vhdlSource</spirit:fileType>
        <spirit:logicalName>leon2timers_lib</spirit:logicalName>
      </spirit:file>
      <spirit:file>
        <spirit:name>../../common/tech_umc18.vhd</spirit:name>
        <spirit:fileType>vhdlSource</spirit:fileType>
        <spirit:logicalName>leon2timers_lib</spirit:logicalName>
      </spirit:file>
      <spirit:file>
        <spirit:name>../../common/tech_virtex.vhd</spirit:name>
        <spirit:fileType>vhdlSource</spirit:fileType>
        <spirit:logicalName>leon2timers_lib</spirit:logicalName>
      </spirit:file>
      <spirit:file>
        <spirit:name>../../common/tech_tsmc25.vhd</spirit:name>
        <spirit:fileType>vhdlSource</spirit:fileType>
        <spirit:logicalName>leon2timers_lib</spirit:logicalName>
      </spirit:file>
      <spirit:file>
        <spirit:name>../../common/tech_proasic.vhd</spirit:name>
        <spirit:fileType>vhdlSource</spirit:fileType>
        <spirit:logicalName>leon2timers_lib</spirit:logicalName>
      </spirit:file>
      <spirit:file>
        <spirit:name>../../common/tech_axcel.vhd</spirit:name>
        <spirit:fileType>vhdlSource</spirit:fileType>
        <spirit:logicalName>leon2timers_lib</spirit:logicalName>
      </spirit:file>
      <spirit:file>
        <spirit:name>../../common/multlib.vhd</spirit:name>
        <spirit:fileType>vhdlSource</spirit:fileType>
        <spirit:logicalName>leon2timers_lib</spirit:logicalName>
      </spirit:file>
      <spirit:file>
        <spirit:name>../../common/tech_map.vhd</spirit:name>
        <spirit:fileType>vhdlSource</spirit:fileType>
        <spirit:logicalName>leon2timers_lib</spirit:logicalName>
      </spirit:file>
      <spirit:file>
        <spirit:name>hdlsrc/timers.vhd</spirit:name>
        <spirit:fileType>vhdlSource</spirit:fileType>
        <spirit:logicalName>leon2timers_lib</spirit:logicalName>
      </spirit:file>
      <spirit:file>
        <spirit:name>hdlsrc/leon2Timers.vhd</spirit:name>
        <spirit:fileType>vhdlSource</spirit:fileType>
        <spirit:logicalName>leon2timers_lib</spirit:logicalName>
      </spirit:file>
    </spirit:fileSet>
  </spirit:fileSets>
</spirit:component>
