<?xml version="1.0"?>
<!--
// Description : reset.xml
// Author : SPIRIT Schema Working Group
// Version: 1.00
//
// Copyright (c) 2007 SPIRIT.  All rights reserved.
// www.spiritconsortium.org
//
// THIS WORK FORMS PART OF A SPIRIT CONSORTIUM SPECIFICATION.  
// THIS WORK CONTAINS TRADE SECRETS AND PROPRIETARY INFORMATION 
// WHICH IS THE EXCLUSIVE PROPERTY OF INDIVIDUAL MEMBERS OF THE 
// SPIRIT CONSORTIUM. USE OF THESE MATERIALS ARE GOVERNED BY 
// THE LEGAL TERMS AND CONDITIONS OUTLINED IN THE THE SPIRIT 
// SPECIFICATION DISCLAIMER AVAILABLE FROM
// www.spiritconsortium.org
-->
<spirit:abstractionDefinition xmlns:spirit="http://www.spiritconsortium.org/XMLSchema/SPIRIT/1.4" xmlns:xsi="http://www.w3.org/2001/XMLSchema-instance" xsi:schemaLocation="http://www.spiritconsortium.org/XMLSchema/SPIRIT/1.4 http://www.spiritconsortium.org/XMLSchema/SPIRIT/1.4/index.xsd">
  <spirit:vendor>spiritconsortium.org</spirit:vendor>
  <spirit:library>busdef.reset</spirit:library>
  <spirit:name>reset_rtl</spirit:name>
  <spirit:version>1.0</spirit:version>
  <spirit:busType spirit:vendor="spiritconsortium.org" spirit:library="busdef.reset" spirit:name="reset" spirit:version="1.0"/>
  <spirit:ports>
<!-- Active high reset -->
    <spirit:port>
      <spirit:logicalName>RESET</spirit:logicalName>
      <spirit:wire>
        <spirit:qualifier>
          <spirit:isReset>true</spirit:isReset>
        </spirit:qualifier>
        <spirit:onMaster>
          <spirit:width>1</spirit:width>
          <spirit:direction>out</spirit:direction>
        </spirit:onMaster>
        <spirit:onSlave>
          <spirit:width>1</spirit:width>
          <spirit:direction>in</spirit:direction>
        </spirit:onSlave>
      </spirit:wire>
    </spirit:port>
<!-- Active low reset -->
    <spirit:port>
      <spirit:logicalName>RESETn</spirit:logicalName>
      <spirit:wire>
        <spirit:qualifier>
          <spirit:isReset>true</spirit:isReset>
        </spirit:qualifier>
        <spirit:onMaster>
          <spirit:width>1</spirit:width>
          <spirit:direction>out</spirit:direction>
        </spirit:onMaster>
        <spirit:onSlave>
          <spirit:width>1</spirit:width>
          <spirit:direction>in</spirit:direction>
        </spirit:onSlave>
      </spirit:wire>
    </spirit:port>
  </spirit:ports>
</spirit:abstractionDefinition>
