<?xml version="1.0"?>
<!-- edited with XMLSPY v2004 rel. 2 U (http://www.xmlspy.com) by Christophe Amerijckx (STMicroelectronics) -->
<!--
// Description : ahbrom.xml
// Author : SPIRIT Schema Working Group - Christophe Amerijckx
// Version: 1.2
//
// Copyright (c) 2006 SPIRIT.  All rights reserved.
// www.spiritconsortium.org
//
// THIS WORK FORMS PART OF A SPIRIT CONSORTIUM SPECIFICATION.  
// THIS WORK CONTAINS TRADE SECRETS AND PROPRIETARY INFORMATION 
// WHICH IS THE EXCLUSIVE PROPERTY OF INDIVIDUAL MEMBERS OF THE 
// SPIRIT CONSORTIUM. USE OF THESE MATERIALS ARE GOVERNED BY 
// THE LEGAL TERMS AND CONDITIONS OUTLINED IN THE THE SPIRIT 
// SPECIFICATION DISCLAIMER AVAILABLE FROM
// www.spiritconsortium.org
-->
<spirit:component xmlns:spirit="http://www.spiritconsortium.org/XMLSchema/SPIRIT/1.4" xmlns:xsi="http://www.w3.org/2001/XMLSchema-instance" xsi:schemaLocation="http://www.spiritconsortium.org/XMLSchema/SPIRIT/1.4 http://www.spiritconsortium.org/XMLSchema/SPIRIT/1.4/index.xsd">
  <spirit:vendor>spiritconsortium.org</spirit:vendor>
  <spirit:library>Leon2RTL</spirit:library>
  <spirit:name>ahbrom</spirit:name>
  <spirit:version>1.2</spirit:version>
  <spirit:busInterfaces>
    <spirit:busInterface>
      <spirit:name>AHBClk</spirit:name>
      <spirit:busType spirit:vendor="spiritconsortium.org" spirit:library="busdef.clock" spirit:name="clock" spirit:version="1.0"/>
      <spirit:abstractionType spirit:vendor="spiritconsortium.org" spirit:library="busdef.clock" spirit:name="clock_rtl" spirit:version="1.0"/>
      <spirit:slave/>
      <spirit:portMaps>
        <spirit:portMap>
          <spirit:logicalPort>
            <spirit:name>CLK</spirit:name>
          </spirit:logicalPort>
          <spirit:physicalPort>
            <spirit:name>clk</spirit:name>
          </spirit:physicalPort>
        </spirit:portMap>
      </spirit:portMaps>
    </spirit:busInterface>
    <spirit:busInterface>
      <spirit:name>AHBReset</spirit:name>
      <spirit:busType spirit:vendor="spiritconsortium.org" spirit:library="busdef.reset" spirit:name="reset" spirit:version="1.0"/>
      <spirit:abstractionType spirit:vendor="spiritconsortium.org" spirit:library="busdef.reset" spirit:name="reset_rtl" spirit:version="1.0"/>
      <spirit:slave/>
      <spirit:portMaps>
        <spirit:portMap>
          <spirit:logicalPort>
            <spirit:name>RESETn</spirit:name>
          </spirit:logicalPort>
          <spirit:physicalPort>
            <spirit:name>rst</spirit:name>
          </spirit:physicalPort>
        </spirit:portMap>
      </spirit:portMaps>
    </spirit:busInterface>
    <spirit:busInterface>
      <spirit:name>AHBSlave</spirit:name>
      <spirit:busType spirit:vendor="amba.com" spirit:library="AMBA2" spirit:name="AHB" spirit:version="r2p0_6"/>
      <spirit:abstractionType spirit:vendor="amba.com" spirit:library="AMBA2" spirit:name="AHB_rtl" spirit:version="r2p0_6"/>
      <spirit:slave>
        <spirit:memoryMapRef spirit:memoryMapRef="ambaAHB"/>
      </spirit:slave>
      <spirit:portMaps>
        <spirit:portMap>
          <spirit:logicalPort>
            <spirit:name>HSELx</spirit:name>
          </spirit:logicalPort>
          <spirit:physicalPort>
            <spirit:name>hsel_s</spirit:name>
          </spirit:physicalPort>
        </spirit:portMap>
        <spirit:portMap>
          <spirit:logicalPort>
            <spirit:name>HADDR</spirit:name>
          </spirit:logicalPort>
          <spirit:physicalPort>
            <spirit:name>haddr_s</spirit:name>
          </spirit:physicalPort>
        </spirit:portMap>
        <spirit:portMap>
          <spirit:logicalPort>
            <spirit:name>HWRITE</spirit:name>
          </spirit:logicalPort>
          <spirit:physicalPort>
            <spirit:name>hwrite_s</spirit:name>
          </spirit:physicalPort>
        </spirit:portMap>
        <spirit:portMap>
          <spirit:logicalPort>
            <spirit:name>HTRANS</spirit:name>
          </spirit:logicalPort>
          <spirit:physicalPort>
            <spirit:name>htrans_s</spirit:name>
          </spirit:physicalPort>
        </spirit:portMap>
        <spirit:portMap>
          <spirit:logicalPort>
            <spirit:name>HSIZE</spirit:name>
          </spirit:logicalPort>
          <spirit:physicalPort>
            <spirit:name>hsize_s</spirit:name>
          </spirit:physicalPort>
        </spirit:portMap>
        <spirit:portMap>
          <spirit:logicalPort>
            <spirit:name>HBURST</spirit:name>
          </spirit:logicalPort>
          <spirit:physicalPort>
            <spirit:name>hburst_s</spirit:name>
          </spirit:physicalPort>
        </spirit:portMap>
        <spirit:portMap>
          <spirit:logicalPort>
            <spirit:name>HWDATA</spirit:name>
          </spirit:logicalPort>
          <spirit:physicalPort>
            <spirit:name>hwdata_s</spirit:name>
          </spirit:physicalPort>
        </spirit:portMap>
        <spirit:portMap>
          <spirit:logicalPort>
            <spirit:name>HPROT</spirit:name>
          </spirit:logicalPort>
          <spirit:physicalPort>
            <spirit:name>hprot_s</spirit:name>
          </spirit:physicalPort>
        </spirit:portMap>
        <spirit:portMap>
          <spirit:logicalPort>
            <spirit:name>HREADY</spirit:name>
          </spirit:logicalPort>
          <spirit:physicalPort>
            <spirit:name>hreadyi_s</spirit:name>
          </spirit:physicalPort>
        </spirit:portMap>
        <spirit:portMap>
          <spirit:logicalPort>
            <spirit:name>HMASTER</spirit:name>
          </spirit:logicalPort>
          <spirit:physicalPort>
            <spirit:name>hmaster_s</spirit:name>
          </spirit:physicalPort>
        </spirit:portMap>
        <spirit:portMap>
          <spirit:logicalPort>
            <spirit:name>HMASTLOCK</spirit:name>
          </spirit:logicalPort>
          <spirit:physicalPort>
            <spirit:name>hmastlock_s</spirit:name>
          </spirit:physicalPort>
        </spirit:portMap>
        <spirit:portMap>
          <spirit:logicalPort>
            <spirit:name>HREADYOUT</spirit:name>
          </spirit:logicalPort>
          <spirit:physicalPort>
            <spirit:name>hreadyo_s</spirit:name>
          </spirit:physicalPort>
        </spirit:portMap>
        <spirit:portMap>
          <spirit:logicalPort>
            <spirit:name>HRESP</spirit:name>
          </spirit:logicalPort>
          <spirit:physicalPort>
            <spirit:name>hresp_s</spirit:name>
          </spirit:physicalPort>
        </spirit:portMap>
        <spirit:portMap>
          <spirit:logicalPort>
            <spirit:name>HRDATA</spirit:name>
          </spirit:logicalPort>
          <spirit:physicalPort>
            <spirit:name>hrdata_s</spirit:name>
          </spirit:physicalPort>
        </spirit:portMap>
        <spirit:portMap>
          <spirit:logicalPort>
            <spirit:name>HSPLITx</spirit:name>
          </spirit:logicalPort>
          <spirit:physicalPort>
            <spirit:name>hsplit_s</spirit:name>
          </spirit:physicalPort>
        </spirit:portMap>
        <spirit:portMap>
          <spirit:logicalPort>
            <spirit:name>HCLK</spirit:name>
          </spirit:logicalPort>
          <spirit:physicalPort>
            <spirit:name>clk</spirit:name>
          </spirit:physicalPort>
        </spirit:portMap>
        <spirit:portMap>
          <spirit:logicalPort>
            <spirit:name>HRESETn</spirit:name>
          </spirit:logicalPort>
          <spirit:physicalPort>
            <spirit:name>rst</spirit:name>
          </spirit:physicalPort>
        </spirit:portMap>
      </spirit:portMaps>
    </spirit:busInterface>
  </spirit:busInterfaces>
  <spirit:memoryMaps>
    <spirit:memoryMap>
      <spirit:name>ambaAHB</spirit:name>
      <spirit:bank spirit:bankAlignment="parallel">
        <spirit:name>defaultid4489935</spirit:name>
        <spirit:baseAddress spirit:id="memoryBaseAddress" spirit:configGroups="requiredConfig" spirit:name="memoryBaseAddress" spirit:prompt="Base address offset:" spirit:resolve="user">0x00000000</spirit:baseAddress>
        <spirit:addressBlock>
          <spirit:name>defaultid4489955</spirit:name>
          <spirit:range spirit:resolve="dependent" spirit:id="addressRange0" spirit:dependency="spirit:pow(2,id('addressBusSize'))">1</spirit:range>
          <spirit:width>8</spirit:width>
          <spirit:usage>memory</spirit:usage>
          <spirit:access>read-only</spirit:access>
        </spirit:addressBlock>
        <spirit:addressBlock>
          <spirit:name>defaultid4489979</spirit:name>
          <spirit:range spirit:resolve="dependent" spirit:id="addressRange1" spirit:dependency="spirit:pow(2,id('addressBusSize'))">1</spirit:range>
          <spirit:width>8</spirit:width>
          <spirit:usage>memory</spirit:usage>
          <spirit:access>read-only</spirit:access>
        </spirit:addressBlock>
        <spirit:addressBlock>
          <spirit:name>defaultid4490002</spirit:name>
          <spirit:range spirit:resolve="dependent" spirit:id="addressRange2" spirit:dependency="spirit:pow(2,id('addressBusSize'))">1</spirit:range>
          <spirit:width>8</spirit:width>
          <spirit:usage>memory</spirit:usage>
          <spirit:access>read-only</spirit:access>
        </spirit:addressBlock>
        <spirit:addressBlock>
          <spirit:name>defaultid4490024</spirit:name>
          <spirit:range spirit:resolve="dependent" spirit:id="addressRange3" spirit:dependency="spirit:pow(2,id('addressBusSize'))">1</spirit:range>
          <spirit:width>8</spirit:width>
          <spirit:usage>memory</spirit:usage>
          <spirit:access>read-only</spirit:access>
        </spirit:addressBlock>
      </spirit:bank>
    </spirit:memoryMap>
  </spirit:memoryMaps>
  <spirit:model>
    <spirit:views>
      <spirit:view>
        <spirit:name>vhdlSource</spirit:name>
        <spirit:envIdentifier>:modelsim.mentor.com:</spirit:envIdentifier>
        <spirit:envIdentifier>:ncsim.cadence.com:</spirit:envIdentifier>
        <spirit:envIdentifier>:vcs.synopsys.com:</spirit:envIdentifier>
        <spirit:envIdentifier>:designcompiler.synopsys.com:</spirit:envIdentifier>
        <spirit:language>vhdl</spirit:language>
        <spirit:modelName>leon2Ahbrom</spirit:modelName>
        <spirit:fileSetRef>fs-vhdlSource</spirit:fileSetRef>
      </spirit:view>
    </spirit:views>
    <spirit:ports>
      <spirit:port>
        <spirit:name>clk</spirit:name>
        <spirit:wire>
          <spirit:direction>in</spirit:direction>
        </spirit:wire>
      </spirit:port>
      <spirit:port>
        <spirit:name>rst</spirit:name>
        <spirit:wire>
          <spirit:direction>in</spirit:direction>
        </spirit:wire>
      </spirit:port>
      <spirit:port>
        <spirit:name>hsel_s</spirit:name>
        <spirit:wire>
          <spirit:direction>in</spirit:direction>
        </spirit:wire>
      </spirit:port>
      <spirit:port>
        <spirit:name>haddr_s</spirit:name>
        <spirit:wire>
          <spirit:direction>in</spirit:direction>
          <spirit:vector>
            <spirit:left>31</spirit:left>
            <spirit:right>0</spirit:right>
          </spirit:vector>
        </spirit:wire>
      </spirit:port>
      <spirit:port>
        <spirit:name>hwrite_s</spirit:name>
        <spirit:wire>
          <spirit:direction>in</spirit:direction>
        </spirit:wire>
      </spirit:port>
      <spirit:port>
        <spirit:name>htrans_s</spirit:name>
        <spirit:wire>
          <spirit:direction>in</spirit:direction>
          <spirit:vector>
            <spirit:left>1</spirit:left>
            <spirit:right>0</spirit:right>
          </spirit:vector>
        </spirit:wire>
      </spirit:port>
      <spirit:port>
        <spirit:name>hsize_s</spirit:name>
        <spirit:wire>
          <spirit:direction>in</spirit:direction>
          <spirit:vector>
            <spirit:left>2</spirit:left>
            <spirit:right>0</spirit:right>
          </spirit:vector>
        </spirit:wire>
      </spirit:port>
      <spirit:port>
        <spirit:name>hburst_s</spirit:name>
        <spirit:wire>
          <spirit:direction>in</spirit:direction>
          <spirit:vector>
            <spirit:left>2</spirit:left>
            <spirit:right>0</spirit:right>
          </spirit:vector>
        </spirit:wire>
      </spirit:port>
      <spirit:port>
        <spirit:name>hwdata_s</spirit:name>
        <spirit:wire>
          <spirit:direction>in</spirit:direction>
          <spirit:vector>
            <spirit:left>31</spirit:left>
            <spirit:right>0</spirit:right>
          </spirit:vector>
        </spirit:wire>
      </spirit:port>
      <spirit:port>
        <spirit:name>hprot_s</spirit:name>
        <spirit:wire>
          <spirit:direction>in</spirit:direction>
          <spirit:vector>
            <spirit:left>3</spirit:left>
            <spirit:right>0</spirit:right>
          </spirit:vector>
        </spirit:wire>
      </spirit:port>
      <spirit:port>
        <spirit:name>hreadyi_s</spirit:name>
        <spirit:wire>
          <spirit:direction>in</spirit:direction>
        </spirit:wire>
      </spirit:port>
      <spirit:port>
        <spirit:name>hmaster_s</spirit:name>
        <spirit:wire>
          <spirit:direction>in</spirit:direction>
          <spirit:vector>
            <spirit:left>3</spirit:left>
            <spirit:right>0</spirit:right>
          </spirit:vector>
        </spirit:wire>
      </spirit:port>
      <spirit:port>
        <spirit:name>hmastlock_s</spirit:name>
        <spirit:wire>
          <spirit:direction>in</spirit:direction>
        </spirit:wire>
      </spirit:port>
      <spirit:port>
        <spirit:name>hreadyo_s</spirit:name>
        <spirit:wire>
          <spirit:direction>out</spirit:direction>
        </spirit:wire>
      </spirit:port>
      <spirit:port>
        <spirit:name>hresp_s</spirit:name>
        <spirit:wire>
          <spirit:direction>out</spirit:direction>
          <spirit:vector>
            <spirit:left>1</spirit:left>
            <spirit:right>0</spirit:right>
          </spirit:vector>
        </spirit:wire>
      </spirit:port>
      <spirit:port>
        <spirit:name>hrdata_s</spirit:name>
        <spirit:wire>
          <spirit:direction>out</spirit:direction>
          <spirit:vector>
            <spirit:left>31</spirit:left>
            <spirit:right>0</spirit:right>
          </spirit:vector>
        </spirit:wire>
      </spirit:port>
      <spirit:port>
        <spirit:name>hsplit_s</spirit:name>
        <spirit:wire>
          <spirit:direction>out</spirit:direction>
          <spirit:vector>
            <spirit:left>15</spirit:left>
            <spirit:right>0</spirit:right>
          </spirit:vector>
        </spirit:wire>
      </spirit:port>
    </spirit:ports>
    <spirit:modelParameters>
      <spirit:modelParameter spirit:dataType="integer">
        <spirit:name>abits</spirit:name>
        <spirit:value spirit:resolve="user" spirit:id="addressBusSize" spirit:choiceRef="addressWidthChoice" spirit:configGroups="requiredConfig" spirit:prompt="ROM Depth (bytes):">10</spirit:value>
      </spirit:modelParameter>
    </spirit:modelParameters>
  </spirit:model>
  <spirit:choices>
    <spirit:choice>
      <spirit:name>addressWidthChoice</spirit:name>
      <spirit:enumeration spirit:text="1K">8</spirit:enumeration>
      <spirit:enumeration spirit:text="2K">9</spirit:enumeration>
      <spirit:enumeration spirit:text="4K">10</spirit:enumeration>
      <spirit:enumeration spirit:text="8K">11</spirit:enumeration>
      <spirit:enumeration spirit:text="16K">12</spirit:enumeration>
      <spirit:enumeration spirit:text="32K">13</spirit:enumeration>
      <spirit:enumeration spirit:text="64K">14</spirit:enumeration>
      <spirit:enumeration spirit:text="128K">15</spirit:enumeration>
      <spirit:enumeration spirit:text="256K">16</spirit:enumeration>
    </spirit:choice>
  </spirit:choices>
  <spirit:fileSets>
    <spirit:fileSet>
      <spirit:name>fs-vhdlSource</spirit:name>
      <spirit:file>
        <spirit:name>../../common/target.vhd</spirit:name>
        <spirit:fileType>vhdlSource</spirit:fileType>
        <spirit:logicalName>leon2ahbrom_lib</spirit:logicalName>
      </spirit:file>
      <spirit:file>
        <spirit:name>../../common/device.vhd</spirit:name>
        <spirit:fileType>vhdlSource</spirit:fileType>
        <spirit:logicalName>leon2ahbrom_lib</spirit:logicalName>
      </spirit:file>
      <spirit:file>
        <spirit:name>../../common/config.vhd</spirit:name>
        <spirit:fileType>vhdlSource</spirit:fileType>
        <spirit:logicalName>leon2ahbrom_lib</spirit:logicalName>
      </spirit:file>
      <spirit:file>
        <spirit:name>../../common/sparcv8.vhd</spirit:name>
        <spirit:fileType>vhdlSource</spirit:fileType>
        <spirit:logicalName>leon2ahbrom_lib</spirit:logicalName>
      </spirit:file>
      <spirit:file>
        <spirit:name>../../common/iface.vhd</spirit:name>
        <spirit:fileType>vhdlSource</spirit:fileType>
        <spirit:logicalName>leon2ahbrom_lib</spirit:logicalName>
      </spirit:file>
      <spirit:file>
        <spirit:name>../../common/amba.vhd</spirit:name>
        <spirit:fileType>vhdlSource</spirit:fileType>
        <spirit:logicalName>leon2ahbrom_lib</spirit:logicalName>
      </spirit:file>
      <spirit:file>
        <spirit:name>../../common/macro.vhd</spirit:name>
        <spirit:fileType>vhdlSource</spirit:fileType>
        <spirit:logicalName>leon2ahbrom_lib</spirit:logicalName>
      </spirit:file>
      <spirit:file>
        <spirit:name>../../common/tech_generic.vhd</spirit:name>
        <spirit:fileType>vhdlSource</spirit:fileType>
        <spirit:logicalName>leon2ahbrom_lib</spirit:logicalName>
      </spirit:file>
      <spirit:file>
        <spirit:name>../../common/multlib.vhd</spirit:name>
        <spirit:fileType>vhdlSource</spirit:fileType>
        <spirit:logicalName>leon2ahbrom_lib</spirit:logicalName>
      </spirit:file>
      <spirit:file>
        <spirit:name>../../common/tech_atc25.vhd</spirit:name>
        <spirit:fileType>vhdlSource</spirit:fileType>
        <spirit:logicalName>leon2ahbrom_lib</spirit:logicalName>
      </spirit:file>
      <spirit:file>
        <spirit:name>../../common/tech_atc35.vhd</spirit:name>
        <spirit:fileType>vhdlSource</spirit:fileType>
        <spirit:logicalName>leon2ahbrom_lib</spirit:logicalName>
      </spirit:file>
      <spirit:file>
        <spirit:name>../../common/tech_axcel.vhd</spirit:name>
        <spirit:fileType>vhdlSource</spirit:fileType>
        <spirit:logicalName>leon2ahbrom_lib</spirit:logicalName>
      </spirit:file>
      <spirit:file>
        <spirit:name>../../common/tech_fs90.vhd</spirit:name>
        <spirit:fileType>vhdlSource</spirit:fileType>
        <spirit:logicalName>leon2ahbrom_lib</spirit:logicalName>
      </spirit:file>
      <spirit:file>
        <spirit:name>../../common/tech_proasic.vhd</spirit:name>
        <spirit:fileType>vhdlSource</spirit:fileType>
        <spirit:logicalName>leon2ahbrom_lib</spirit:logicalName>
      </spirit:file>
      <spirit:file>
        <spirit:name>../../common/tech_tsmc25.vhd</spirit:name>
        <spirit:fileType>vhdlSource</spirit:fileType>
        <spirit:logicalName>leon2ahbrom_lib</spirit:logicalName>
      </spirit:file>
      <spirit:file>
        <spirit:name>../../common/tech_umc18.vhd</spirit:name>
        <spirit:fileType>vhdlSource</spirit:fileType>
        <spirit:logicalName>leon2ahbrom_lib</spirit:logicalName>
      </spirit:file>
      <spirit:file>
        <spirit:name>../../common/tech_virtex.vhd</spirit:name>
        <spirit:fileType>vhdlSource</spirit:fileType>
        <spirit:logicalName>leon2ahbrom_lib</spirit:logicalName>
      </spirit:file>
      <spirit:file>
        <spirit:name>../../common/tech_map.vhd</spirit:name>
        <spirit:fileType>vhdlSource</spirit:fileType>
        <spirit:logicalName>leon2ahbrom_lib</spirit:logicalName>
      </spirit:file>
      <spirit:file>
        <spirit:name>hdlsrc/ahbrom.vhd</spirit:name>
        <spirit:fileType>vhdlSource</spirit:fileType>
        <spirit:logicalName>leon2ahbrom_lib</spirit:logicalName>
      </spirit:file>
      <spirit:file>
        <spirit:name>hdlsrc/leon2Ahbrom.vhd</spirit:name>
        <spirit:fileType>vhdlSource</spirit:fileType>
        <spirit:logicalName>leon2ahbrom_lib</spirit:logicalName>
      </spirit:file>
    </spirit:fileSet>
  </spirit:fileSets>
</spirit:component>
