<?xml version="1.0"?>
<spirit:design xmlns:spirit="http://www.spiritconsortium.org/XMLSchema/SPIRIT/1.2" xmlns:xsi="http://www.w3.org/2001/XMLSchema-instance" xsi:schemaLocation="http://www.spiritconsortium.org/XMLSchema/SPIRIT/1.2 http://www.spiritconsortium.org/XMLSchema/SPIRIT/1.2/design.xsd">
  <spirit:vendor>spiritconsortium.org</spirit:vendor>
  <spirit:library>Leon2</spirit:library>
  <spirit:name>design_Leon2PlatformSystem</spirit:name>
  <spirit:version>1.0</spirit:version>
  <spirit:componentInstances>
    <spirit:componentInstance>
      <spirit:instanceName>i_Leon2Platform</spirit:instanceName>
      <spirit:componentRef spirit:vendor="spiritconsortium.org" spirit:library="Leon2" spirit:name="Leon2Platform" spirit:version="2.0"/>
    </spirit:componentInstance>
    <spirit:componentInstance>
      <spirit:instanceName>i_dac</spirit:instanceName>
      <spirit:componentRef spirit:vendor="spiritconsortium.org" spirit:library="Leon2" spirit:name="dac" spirit:version="1.2"/>
      <spirit:configuration>
        <spirit:configurableElement spirit:referenceId="dacwidth">
          <spirit:configurableElementValue>24</spirit:configurableElementValue>
        </spirit:configurableElement>
      </spirit:configuration>
    </spirit:componentInstance>
    <spirit:componentInstance>
      <spirit:instanceName>i_i2c_channel_1m_2s</spirit:instanceName>
      <spirit:componentRef spirit:vendor="spiritconsortium.org" spirit:library="Leon2" spirit:name="i2c_channel_1m_2s" spirit:version="1.0"/>
    </spirit:componentInstance>
    <spirit:componentInstance>
      <spirit:instanceName>i_i2c_gpio</spirit:instanceName>
      <spirit:componentRef spirit:vendor="spiritconsortium.org" spirit:library="Leon2" spirit:name="i2c_gpio" spirit:version="1.0"/>
      <spirit:configuration>
        <spirit:configurableElement spirit:referenceId="gpi">
          <spirit:configurableElementValue>4</spirit:configurableElementValue>
        </spirit:configurableElement>
        <spirit:configurableElement spirit:referenceId="gpo">
          <spirit:configurableElementValue>4</spirit:configurableElementValue>
        </spirit:configurableElement>
      </spirit:configuration>
    </spirit:componentInstance>
    <spirit:componentInstance>
      <spirit:instanceName>i_i2c_memory</spirit:instanceName>
      <spirit:componentRef spirit:vendor="spiritconsortium.org" spirit:library="Leon2" spirit:name="i2c_memory" spirit:version="1.0"/>
      <spirit:configuration>
        <spirit:configurableElement spirit:referenceId="bytes">
          <spirit:configurableElementValue>2</spirit:configurableElementValue>
        </spirit:configurableElement>
        <spirit:configurableElement spirit:referenceId="range">
          <spirit:configurableElementValue>4096</spirit:configurableElementValue>
        </spirit:configurableElement>
      </spirit:configuration>
    </spirit:componentInstance>
  </spirit:componentInstances>
  <spirit:interconnections>
    <spirit:interconnection>
      <spirit:activeInterface spirit:componentRef="i_Leon2Platform" spirit:busRef="i2c"/>
      <spirit:activeInterface spirit:componentRef="i_i2c_channel_1m_2s" spirit:busRef="i2c_master1"/>
    </spirit:interconnection>
    <spirit:interconnection>
      <spirit:activeInterface spirit:componentRef="i_i2c_gpio" spirit:busRef="i2c_slave"/>
      <spirit:activeInterface spirit:componentRef="i_i2c_channel_1m_2s" spirit:busRef="i2c_slave1"/>
    </spirit:interconnection>
    <spirit:interconnection>
      <spirit:activeInterface spirit:componentRef="i_i2c_memory" spirit:busRef="i2c_slave"/>
      <spirit:activeInterface spirit:componentRef="i_i2c_channel_1m_2s" spirit:busRef="i2c_slave2"/>
    </spirit:interconnection>
  </spirit:interconnections>
  <spirit:adHocConnections>
    <spirit:adHocConnection spirit:name="clkin">
      <spirit:export spirit:id="clkin">true</spirit:export>
      <spirit:pinReference spirit:componentRef="i_Leon2Platform" spirit:signalRef="clkin"/>
    </spirit:adHocConnection>
    <spirit:adHocConnection spirit:name="dac_clk">
      <spirit:export spirit:id="dac_clk">true</spirit:export>
      <spirit:pinReference spirit:componentRef="i_dac" spirit:signalRef="clk"/>
    </spirit:adHocConnection>
    <spirit:adHocConnection spirit:name="rstin_an">
      <spirit:export spirit:id="rstin_an">true</spirit:export>
      <spirit:pinReference spirit:componentRef="i_Leon2Platform" spirit:signalRef="rstin_an"/>
    </spirit:adHocConnection>
    <spirit:adHocConnection spirit:name="gpi">
      <spirit:export spirit:id="gpi">true</spirit:export>
      <spirit:pinReference spirit:componentRef="i_i2c_gpio" spirit:signalRef="gpi" spirit:left="3" spirit:right="0"/>
    </spirit:adHocConnection>
    <spirit:adHocConnection spirit:name="i2c_gpio_address">
      <spirit:export spirit:id="i2c_gpio_address">true</spirit:export>
      <spirit:pinReference spirit:componentRef="i_i2c_gpio" spirit:signalRef="address" spirit:left="9" spirit:right="0"/>
    </spirit:adHocConnection>
    <spirit:adHocConnection spirit:name="i2c_memory_address">
      <spirit:export spirit:id="i2c_memory_address">true</spirit:export>
      <spirit:pinReference spirit:componentRef="i_i2c_memory" spirit:signalRef="address" spirit:left="9" spirit:right="0"/>
    </spirit:adHocConnection>
    <spirit:adHocConnection spirit:name="SimDone">
      <spirit:export spirit:id="SimDone">true</spirit:export>
      <spirit:pinReference spirit:componentRef="i_Leon2Platform" spirit:signalRef="SimDone"/>
    </spirit:adHocConnection>
    <spirit:adHocConnection>
      <spirit:pinReference spirit:componentRef="i_dac" spirit:signalRef="data" spirit:left="23" spirit:right="0"/>
      <spirit:pinReference spirit:componentRef="i_Leon2Platform" spirit:signalRef="mp3Decode_dac_data" spirit:left="23" spirit:right="0"/>
    </spirit:adHocConnection>
    <spirit:adHocConnection spirit:name="gpo">
      <spirit:export spirit:id="gpo">true</spirit:export>
      <spirit:pinReference spirit:componentRef="i_i2c_gpio" spirit:signalRef="gpo" spirit:left="3" spirit:right="0"/>
    </spirit:adHocConnection>
  </spirit:adHocConnections>
</spirit:design>
