<?xml version="1.0"?>
<!-- 
// Copyright (c) 2005, 2006, 2007 The SPIRIT Consortium.  All rights reserved.
// www.spiritconsortium.org
//
// THIS WORK FORMS PART OF A SPIRIT CONSORTIUM SPECIFICATION.
// USE OF THESE MATERIALS ARE GOVERNED BY
// THE LEGAL TERMS AND CONDITIONS OUTLINED IN THE SPIRIT
// SPECIFICATION DISCLAIMER AVAILABLE FROM
// www.spiritconsortium.org
//
// This source file is provided on an AS IS basis. The SPIRIT Consortium disclaims 
// ANY WARRANTY EXPRESS OR IMPLIED INCLUDING ANY WARRANTY OF
// MERCHANTABILITY AND FITNESS FOR USE FOR A PARTICULAR PURPOSE. 
// The user of the source file shall indemnify and hold The SPIRIT Consortium harmless
// from any damages or liability arising out of the use thereof or the performance or
// implementation or partial implementation of the schema.
  -->
<!--
Derived from busdef VLNV  mentor.com/PlatformExpress.ip.utility/serial/1.0
Original Copyright Mentor Graphics Corporation 2006
All Rights Reserved.
For questions, testcases etc related to this busdef, please contact John Wilson at Mentor Graphics (mailto:john_wilson@mentor.com)
-->
<spirit:busDefinition xmlns:spirit="http://www.spiritconsortium.org/XMLSchema/SPIRIT/1.4" xmlns:xsi="http://www.w3.org/2001/XMLSchema-instance" xsi:schemaLocation="http://www.spiritconsortium.org/XMLSchema/SPIRIT/1.4                 http://www.spiritconsortium.org/XMLSchema/SPIRIT/1.4/index.xsd">
    <spirit:vendor>spiritconsortium.org</spirit:vendor>
    <spirit:library>busdef.generic</spirit:library>
    <spirit:name>serial</spirit:name>
    <spirit:version>1.0</spirit:version>
    <spirit:directConnection>false</spirit:directConnection>
    <spirit:isAddressable>false</spirit:isAddressable>
    <spirit:maxMasters>2</spirit:maxMasters>
    <spirit:maxSlaves>0</spirit:maxSlaves>
<!--IP-XACT XSLT Warning#28:Removing signals element-->
<!--IP-XACT XSLT Warning#29:Removing choices element-->
<!--IP-XACT XSLT Warning#30:Removing busDefParameters element-->
</spirit:busDefinition>
