<?xml version="1.0"?>
<spirit:design xmlns:spirit="http://www.spiritconsortium.org/XMLSchema/SPIRIT/1.4" xmlns:xsi="http://www.w3.org/2001/XMLSchema-instance" xsi:schemaLocation="http://www.spiritconsortium.org/XMLSchema/SPIRIT/1.4 http://www.spiritconsortium.org/XMLSchema/SPIRIT/1.4/index.xsd">
  <spirit:vendor>spiritconsortium.org</spirit:vendor>
  <spirit:library>Leon2RTL</spirit:library>
  <spirit:name>design_Leon2PlatformSystem</spirit:name>
  <spirit:version>2.0</spirit:version>
  <spirit:componentInstances>
    <spirit:componentInstance>
      <spirit:instanceName>i_Leon2Platform</spirit:instanceName>
      <spirit:componentRef spirit:vendor="spiritconsortium.org" spirit:library="Leon2RTL" spirit:name="Leon2Platform" spirit:version="2.0"/>
    </spirit:componentInstance>
    <spirit:componentInstance>
      <spirit:instanceName>i_dac</spirit:instanceName>
      <spirit:componentRef spirit:vendor="spiritconsortium.org" spirit:library="Leon2RTL" spirit:name="dac" spirit:version="1.2"/>
      <spirit:configurableElementValues>
        <spirit:configurableElementValue spirit:referenceId="dacwidth">24</spirit:configurableElementValue>
      </spirit:configurableElementValues>
    </spirit:componentInstance>
    <spirit:componentInstance>
      <spirit:instanceName>i_i2c_channel_1m_2s</spirit:instanceName>
      <spirit:componentRef spirit:vendor="spiritconsortium.org" spirit:library="Leon2RTL" spirit:name="i2c_channel_1m_2s" spirit:version="1.0"/>
    </spirit:componentInstance>
    <spirit:componentInstance>
      <spirit:instanceName>i_i2c_gpio</spirit:instanceName>
      <spirit:componentRef spirit:vendor="spiritconsortium.org" spirit:library="Leon2RTL" spirit:name="i2c_gpio" spirit:version="1.0"/>
      <spirit:configurableElementValues>
        <spirit:configurableElementValue spirit:referenceId="gpi">4</spirit:configurableElementValue>
        <spirit:configurableElementValue spirit:referenceId="gpo">4</spirit:configurableElementValue>
      </spirit:configurableElementValues>
    </spirit:componentInstance>
    <spirit:componentInstance>
      <spirit:instanceName>i_i2c_memory</spirit:instanceName>
      <spirit:componentRef spirit:vendor="spiritconsortium.org" spirit:library="Leon2RTL" spirit:name="i2c_memory" spirit:version="1.0"/>
      <spirit:configurableElementValues>
        <spirit:configurableElementValue spirit:referenceId="bytes">2</spirit:configurableElementValue>
        <spirit:configurableElementValue spirit:referenceId="range">4096</spirit:configurableElementValue>
      </spirit:configurableElementValues>
    </spirit:componentInstance>
  </spirit:componentInstances>
  <spirit:interconnections>
    <spirit:interconnection>
      <spirit:name>defaultid4489793</spirit:name>
      <spirit:activeInterface spirit:componentRef="i_Leon2Platform" spirit:busRef="i2c"/>
      <spirit:activeInterface spirit:componentRef="i_i2c_channel_1m_2s" spirit:busRef="i2c_master1"/>
    </spirit:interconnection>
    <spirit:interconnection>
      <spirit:name>defaultid4489810</spirit:name>
      <spirit:activeInterface spirit:componentRef="i_i2c_gpio" spirit:busRef="i2c_slave"/>
      <spirit:activeInterface spirit:componentRef="i_i2c_channel_1m_2s" spirit:busRef="i2c_slave1"/>
    </spirit:interconnection>
    <spirit:interconnection>
      <spirit:name>defaultid4489826</spirit:name>
      <spirit:activeInterface spirit:componentRef="i_i2c_memory" spirit:busRef="i2c_slave"/>
      <spirit:activeInterface spirit:componentRef="i_i2c_channel_1m_2s" spirit:busRef="i2c_slave2"/>
    </spirit:interconnection>
  </spirit:interconnections>
  <spirit:adHocConnections>
    <spirit:adHocConnection>
      <spirit:name>clkin</spirit:name>
      <spirit:internalPortReference spirit:componentRef="i_Leon2Platform" spirit:portRef="clkin"/>
      <spirit:externalPortReference spirit:portRef="clkin"/>
    </spirit:adHocConnection>
    <spirit:adHocConnection>
      <spirit:name>dac_clk</spirit:name>
      <spirit:internalPortReference spirit:componentRef="i_dac" spirit:portRef="clk"/>
      <spirit:externalPortReference spirit:portRef="dac_clk"/>
    </spirit:adHocConnection>
    <spirit:adHocConnection>
      <spirit:name>rstin_an</spirit:name>
      <spirit:internalPortReference spirit:componentRef="i_Leon2Platform" spirit:portRef="rstin_an"/>
      <spirit:externalPortReference spirit:portRef="rstin_an"/>
    </spirit:adHocConnection>
    <spirit:adHocConnection>
      <spirit:name>gpi</spirit:name>
      <spirit:internalPortReference spirit:componentRef="i_i2c_gpio" spirit:portRef="gpi" spirit:left="3" spirit:right="0"/>
      <spirit:externalPortReference spirit:portRef="gpi"/>
    </spirit:adHocConnection>
    <spirit:adHocConnection>
      <spirit:name>i2c_gpio_address</spirit:name>
      <spirit:internalPortReference spirit:componentRef="i_i2c_gpio" spirit:portRef="address" spirit:left="9" spirit:right="0"/>
      <spirit:externalPortReference spirit:portRef="i2c_gpio_address"/>
    </spirit:adHocConnection>
    <spirit:adHocConnection>
      <spirit:name>i2c_memory_address</spirit:name>
      <spirit:internalPortReference spirit:componentRef="i_i2c_memory" spirit:portRef="address" spirit:left="9" spirit:right="0"/>
      <spirit:externalPortReference spirit:portRef="i2c_memory_address"/>
    </spirit:adHocConnection>
    <spirit:adHocConnection>
      <spirit:name>SimDone</spirit:name>
      <spirit:internalPortReference spirit:componentRef="i_Leon2Platform" spirit:portRef="SimDone"/>
      <spirit:externalPortReference spirit:portRef="SimDone"/>
    </spirit:adHocConnection>
    <spirit:adHocConnection>
      <spirit:name>id4489985</spirit:name>
      <spirit:internalPortReference spirit:componentRef="i_dac" spirit:portRef="data" spirit:left="23" spirit:right="0"/>
      <spirit:internalPortReference spirit:componentRef="i_Leon2Platform" spirit:portRef="mp3Decode_dac_data" spirit:left="23" spirit:right="0"/>
    </spirit:adHocConnection>
    <spirit:adHocConnection>
      <spirit:name>gpo</spirit:name>
      <spirit:internalPortReference spirit:componentRef="i_i2c_gpio" spirit:portRef="gpo" spirit:left="3" spirit:right="0"/>
      <spirit:externalPortReference spirit:portRef="gpo"/>
    </spirit:adHocConnection>
  </spirit:adHocConnections>
</spirit:design>
