<?xml version="1.0" encoding="UTF-8"?>
<!--
// Description : Int.xml
// Author : SPIRIT Schema Working Group - Christophe Amerijckx
// Version: 1.00
//
// Copyright (c) 2004 SPIRIT.  All rights reserved.
// www.spiritconsortium.com
//
// THIS WORK FORMS PART OF A SPIRIT CONSORTIUM SPECIFICATION.  
// THIS WORK CONTAINS TRADE SECRETS AND PROPRIETARY INFORMATION 
// WHICH IS THE EXCLUSIVE PROPERTY OF INDIVIDUAL MEMBERS OF THE 
// SPIRIT CONSORTIUM. USE OF THESE MATERIALS ARE GOVERNED BY 
// THE LEGAL TERMS AND CONDITIONS OUTLINED IN THE THE SPIRIT 
// SPECIFICATION DISCLAIMER AVAILABLE FROM
// www.spiritconsortium.org
-->
<spirit:busDefinition xmlns:spirit="http://www.spiritconsortium.org/XMLSchema/SPIRIT/1.2" xmlns:xsi="http://www.w3.org/2001/XMLSchema-instance" xsi:schemaLocation="http://www.spiritconsortium.org/XMLSchema/SPIRIT/1.2 http://www.spiritconsortium.org/XMLSchema/SPIRIT/1.2/index.xsd">
	<spirit:vendor>spiritconsortium.org</spirit:vendor>
	<spirit:library>busdef.leon2</spirit:library>
	<spirit:name>IntProc</spirit:name>
	<spirit:version>v1.0</spirit:version>
	<spirit:directConnection>true</spirit:directConnection>
	<spirit:signals>
		<spirit:signal>
			<spirit:logicalName>IRL</spirit:logicalName>
			<!--  4 bit interrupt request vector to processor --> 
			<spirit:onMaster>
				<spirit:bitWidth>4</spirit:bitWidth>
				<spirit:direction>out</spirit:direction>
			</spirit:onMaster>
			<spirit:onSlave>
				<spirit:bitWidth>4</spirit:bitWidth>
				<spirit:direction>in</spirit:direction>
			</spirit:onSlave>
			<spirit:defaultValue>
				<spirit:value>0</spirit:value>
			</spirit:defaultValue>
		</spirit:signal>
		<spirit:signal>
			<spirit:logicalName>IRQVEC</spirit:logicalName>
			<!--  4 bit interrupt vector from processor --> 
			<spirit:onMaster>
				<spirit:bitWidth>4</spirit:bitWidth>
				<spirit:direction>in</spirit:direction>
			</spirit:onMaster>
			<spirit:onSlave>
				<spirit:bitWidth>4</spirit:bitWidth>
				<spirit:direction>out</spirit:direction>
			</spirit:onSlave>
		</spirit:signal>
		<spirit:signal>
			<spirit:logicalName>INTack</spirit:logicalName>
			<!--  acknowledge from processor --> 
			<spirit:onMaster>
				<spirit:bitWidth>1</spirit:bitWidth>
				<spirit:direction>in</spirit:direction>
			</spirit:onMaster>
			<spirit:onSlave>
				<spirit:bitWidth>1</spirit:bitWidth>
				<spirit:direction>out</spirit:direction>
			</spirit:onSlave>
		</spirit:signal>
	</spirit:signals>
</spirit:busDefinition>
