<?xml version="1.0"?>
<!-- 
// Copyright (c) 2005, 2006, 2007 The SPIRIT Consortium.  All rights reserved.
// www.spiritconsortium.org
//
// THIS WORK FORMS PART OF A SPIRIT CONSORTIUM SPECIFICATION.
// USE OF THESE MATERIALS ARE GOVERNED BY
// THE LEGAL TERMS AND CONDITIONS OUTLINED IN THE SPIRIT
// SPECIFICATION DISCLAIMER AVAILABLE FROM
// www.spiritconsortium.org
//
// This source file is provided on an AS IS basis. The SPIRIT Consortium disclaims 
// ANY WARRANTY EXPRESS OR IMPLIED INCLUDING ANY WARRANTY OF
// MERCHANTABILITY AND FITNESS FOR USE FOR A PARTICULAR PURPOSE. 
// The user of the source file shall indemnify and hold The SPIRIT Consortium harmless
// from any damages or liability arising out of the use thereof or the performance or
// implementation or partial implementation of the schema.
  -->
<spirit:component xmlns:spirit="http://www.spiritconsortium.org/XMLSchema/SPIRIT/1.4" xmlns:xsi="http://www.w3.org/2001/XMLSchema-instance" xsi:schemaLocation="http://www.spiritconsortium.org/XMLSchema/SPIRIT/1.4 http://www.spiritconsortium.org/XMLSchema/SPIRIT/1.4/index.xsd">
  <spirit:vendor>spiritconsortium.org</spirit:vendor>
  <spirit:library>Leon2TLM</spirit:library>
  <spirit:name>ahbram</spirit:name>
  <spirit:version>1.4</spirit:version>
  <spirit:busInterfaces>
    <spirit:busInterface>
      <spirit:name>AHB_Slave</spirit:name>
      <spirit:busType spirit:vendor="amba.com" spirit:library="AMBA2" spirit:name="AHB" spirit:version="r2p0_6"/>
      <spirit:abstractionType spirit:vendor="spiritconsortium.org" spirit:library="abstractiondef.tlm" spirit:name="ahb_pv" spirit:version="1.4"/>
      <spirit:slave>
        <spirit:memoryMapRef spirit:memoryMapRef="AHB_MM"/>
      </spirit:slave>
      <spirit:portMaps>
        <spirit:portMap>
          <spirit:logicalPort>
            <spirit:name>PV_TRANS</spirit:name>
          </spirit:logicalPort>
          <spirit:physicalPort>
            <spirit:name>ahb_slave_port</spirit:name>
          </spirit:physicalPort>
        </spirit:portMap>
      </spirit:portMaps>
    </spirit:busInterface>
  </spirit:busInterfaces>
  <spirit:memoryMaps>
    <spirit:memoryMap>
      <spirit:name>AHB_MM</spirit:name>
      <spirit:bank spirit:bankAlignment="parallel">
        <spirit:name>ahbMemoryMap</spirit:name>
        <spirit:baseAddress spirit:id="memoryBaseAddress" spirit:configGroups="requiredConfig" spirit:name="memoryBaseAddress" spirit:prompt="Base address offset:" spirit:resolve="user">0x00000000</spirit:baseAddress>
        <spirit:addressBlock>
          <spirit:name>defaultid4489955</spirit:name>
          <spirit:range spirit:resolve="dependent" spirit:id="addressRange0" spirit:dependency="spirit:pow(2,id('addressBusSize'))">1</spirit:range>
          <spirit:width>8</spirit:width>
          <spirit:usage>memory</spirit:usage>
          <spirit:access>read-write</spirit:access>
        </spirit:addressBlock>
        <spirit:addressBlock>
          <spirit:name>defaultid4489979</spirit:name>
          <spirit:range spirit:resolve="dependent" spirit:id="addressRange1" spirit:dependency="spirit:pow(2,id('addressBusSize'))">1</spirit:range>
          <spirit:width>8</spirit:width>
          <spirit:usage>memory</spirit:usage>
          <spirit:access>read-write</spirit:access>
        </spirit:addressBlock>
        <spirit:addressBlock>
          <spirit:name>defaultid4490002</spirit:name>
          <spirit:range spirit:resolve="dependent" spirit:id="addressRange2" spirit:dependency="spirit:pow(2,id('addressBusSize'))">1</spirit:range>
          <spirit:width>8</spirit:width>
          <spirit:usage>memory</spirit:usage>
          <spirit:access>read-write</spirit:access>
        </spirit:addressBlock>
        <spirit:addressBlock>
          <spirit:name>defaultid4490024</spirit:name>
          <spirit:range spirit:resolve="dependent" spirit:id="addressRange3" spirit:dependency="spirit:pow(2,id('addressBusSize'))">1</spirit:range>
          <spirit:width>8</spirit:width>
          <spirit:usage>memory</spirit:usage>
          <spirit:access>read-write</spirit:access>
        </spirit:addressBlock>
      </spirit:bank>
    </spirit:memoryMap>
  </spirit:memoryMaps>
  <spirit:model>
    <spirit:views>
      <spirit:view>
        <spirit:name>TLM_PV</spirit:name>
        <spirit:envIdentifier>:osci.systemc.org:</spirit:envIdentifier>
        <spirit:language>systemc</spirit:language>
        <spirit:modelName>apbbus</spirit:modelName>
        <spirit:fileSetRef>sourceCode</spirit:fileSetRef>
      </spirit:view>
    </spirit:views>
    <spirit:ports>
      <spirit:port>
        <spirit:name>ahb_slave_port</spirit:name>
        <spirit:transactional>
          <spirit:transTypeDef>
            <spirit:typeName>pv_target_port</spirit:typeName>
            <spirit:typeDefinition>pv_target_port.h</spirit:typeDefinition>
          </spirit:transTypeDef>
          <spirit:service>
            <spirit:initiative>provides</spirit:initiative>
            <spirit:serviceTypeDefs>
              <spirit:serviceTypeDef>
                <spirit:typeName spirit:implicit="true">OSCI_TLM_PV</spirit:typeName>
                <spirit:parameters>
                  <spirit:parameter>
                    <spirit:name>typedef1</spirit:name>
                    <spirit:value>ADDRESS_TYPE</spirit:value>
                  </spirit:parameter>
                  <spirit:parameter>
                    <spirit:name>typedef2</spirit:name>
                    <spirit:value>DATA_TYPE</spirit:value>
                  </spirit:parameter>
                </spirit:parameters>
              </spirit:serviceTypeDef>
            </spirit:serviceTypeDefs>
          </spirit:service>
        </spirit:transactional>
      </spirit:port>
    </spirit:ports>
    <spirit:modelParameters>
      <spirit:modelParameter spirit:dataType="integer">
        <spirit:name>abits</spirit:name>
        <spirit:value spirit:resolve="user" spirit:id="addressBusSize" spirit:choiceRef="addressWidthChoice" spirit:configGroups="requiredConfig" spirit:prompt="RAM Depth (bytes):">10</spirit:value>
      </spirit:modelParameter>
      <spirit:modelParameter spirit:dataType="integer">
        <spirit:name>dbits</spirit:name>
        <spirit:value spirit:resolve="immediate" spirit:id="dataBusSize" spirit:format="long" spirit:prompt="RAM Width (bits):">32</spirit:value>
      </spirit:modelParameter>
    </spirit:modelParameters>
  </spirit:model>
  <spirit:choices>
    <spirit:choice>
      <spirit:name>addressWidthChoice</spirit:name>
      <spirit:enumeration spirit:text="1K">8</spirit:enumeration>
      <spirit:enumeration spirit:text="2K">9</spirit:enumeration>
      <spirit:enumeration spirit:text="4K">10</spirit:enumeration>
      <spirit:enumeration spirit:text="8K">11</spirit:enumeration>
      <spirit:enumeration spirit:text="16K">12</spirit:enumeration>
      <spirit:enumeration spirit:text="32K">13</spirit:enumeration>
      <spirit:enumeration spirit:text="64K">14</spirit:enumeration>
      <spirit:enumeration spirit:text="128K">15</spirit:enumeration>
      <spirit:enumeration spirit:text="256K">16</spirit:enumeration>
    </spirit:choice>
  </spirit:choices>
  <spirit:fileSets>
    <spirit:fileSet>
      <spirit:name>sourceCode</spirit:name>
      <spirit:file>
        <spirit:name>tlmsrc/ahbram.cc</spirit:name>
        <spirit:fileType>systemCSource</spirit:fileType>
      </spirit:file>
      <spirit:file>
        <spirit:name>tlmsrc/ahbram.h</spirit:name>
        <spirit:fileType>systemCSource</spirit:fileType>
        <spirit:isIncludeFile>true</spirit:isIncludeFile>
        <spirit:logicalName>ahbram</spirit:logicalName>
      </spirit:file>
    </spirit:fileSet>
  </spirit:fileSets>
</spirit:component>
