<!--
// Description : internal I2C busDef
// Author : SPIRIT Schema Working Group
// Version: 1.0
//
// Copyright (c) 2007 The SPIRIT Consortium.  All rights reserved.
// www.spiritconsortium.org
//
// THIS WORK FORMS PART OF A SPIRIT CONSORTIUM SPECIFICATION.
// THIS WORK CONTAINS TRADE SECRETS AND PROPRIETARY INFORMATION
// WHICH IS THE EXCLUSIVE PROPERTY OF INDIVIDUAL MEMBERS OF THE
// SPIRIT CONSORTIUM. USE OF THESE MATERIALS ARE GOVERNED BY
// THE LEGAL TERMS AND CONDITIONS OUTLINED IN THE THE SPIRIT
// SPECIFICATION DISCLAIMER AVAILABLE FROM
// www.spiritconsortium.org
-->
<spirit:busDefinition xmlns:spirit="http://www.spiritconsortium.org/XMLSchema/SPIRIT/1.2" xmlns:xsi="http://www.w3.org/2001/XMLSchema-instance" xsi:schemaLocation="http://www.spiritconsortium.org/XMLSchema/SPIRIT/1.2 http://www.spiritconsortium.org/XMLSchema/SPIRIT/1.2/index.xsd">
	<spirit:vendor>spiritconsortium.org</spirit:vendor>
	<spirit:library>busdef.nxp</spirit:library>
	<spirit:name>i2c_internal</spirit:name>
	<spirit:version>1.0</spirit:version>
	<spirit:directConnection>true</spirit:directConnection>
	<spirit:signals>
		<spirit:signal>
			<spirit:logicalName>SDA_IN</spirit:logicalName>
                        <spirit:requiresDriver>true</spirit:requiresDriver>
			  <spirit:onMaster>
			    <spirit:bitWidth>1</spirit:bitWidth>
			    <spirit:direction>in</spirit:direction>
			  </spirit:onMaster>
			  <spirit:onSlave>
			    <spirit:bitWidth>1</spirit:bitWidth>
			    <spirit:direction>out</spirit:direction>
			  </spirit:onSlave>
		</spirit:signal>
		<spirit:signal>
			<spirit:logicalName>SDA_OUT</spirit:logicalName>
			  <spirit:onMaster>
			    <spirit:bitWidth>1</spirit:bitWidth>
			    <spirit:direction>out</spirit:direction>
			  </spirit:onMaster>
			  <spirit:onSlave>
			    <spirit:bitWidth>1</spirit:bitWidth>
			    <spirit:direction>in</spirit:direction>
			  </spirit:onSlave>
			  <spirit:defaultValue><spirit:value>0</spirit:value></spirit:defaultValue>
		</spirit:signal>
		<spirit:signal>
			<spirit:logicalName>SDA_OEN</spirit:logicalName>
                        <spirit:requiresDriver>true</spirit:requiresDriver>
			  <spirit:onMaster>
			    <spirit:bitWidth>1</spirit:bitWidth>
			    <spirit:direction>out</spirit:direction>
			  </spirit:onMaster>
			  <spirit:onSlave>
			    <spirit:bitWidth>1</spirit:bitWidth>
			    <spirit:direction>in</spirit:direction>
			  </spirit:onSlave>
		</spirit:signal>
		<spirit:signal>
			<spirit:logicalName>SCL_IN</spirit:logicalName>
                        <spirit:requiresDriver>true</spirit:requiresDriver>
			  <spirit:onMaster>
			    <spirit:bitWidth>1</spirit:bitWidth>
			    <spirit:direction>in</spirit:direction>
			  </spirit:onMaster>
			  <spirit:onSlave>
			    <spirit:bitWidth>1</spirit:bitWidth>
			    <spirit:direction>out</spirit:direction>
			  </spirit:onSlave>
		</spirit:signal>
		<spirit:signal>
			<spirit:logicalName>SCL_OUT</spirit:logicalName>
			  <spirit:onMaster>
			    <spirit:bitWidth>1</spirit:bitWidth>
			    <spirit:direction>out</spirit:direction>
			  </spirit:onMaster>
			  <spirit:onSlave>
			    <spirit:bitWidth>1</spirit:bitWidth>
			    <spirit:direction>in</spirit:direction>
			  </spirit:onSlave>
			  <spirit:defaultValue><spirit:value>0</spirit:value></spirit:defaultValue>
		</spirit:signal>
		<spirit:signal>
			<spirit:logicalName>SCL_OEN</spirit:logicalName>
			  <spirit:onMaster>
			    <spirit:bitWidth>1</spirit:bitWidth>
			    <spirit:direction>out</spirit:direction>
			  </spirit:onMaster>
			  <spirit:onSlave>
			    <spirit:bitWidth>1</spirit:bitWidth>
			    <spirit:direction>in</spirit:direction>
			  </spirit:onSlave>
			  <spirit:defaultValue><spirit:value>1</spirit:value></spirit:defaultValue>
<!-- the default value should really be different between a master (0) and slave (1)-->
		</spirit:signal>
	</spirit:signals>
</spirit:busDefinition>
