<?xml version="1.0"?>
<!--
// Description : uart.xml
// Author : SPIRIT Schema Working Group - Christophe Amerijckx
// Version: 1.2
//
// Copyright (c) 2006 SPIRIT.  All rights reserved.
// www.spiritconsortium.com
//
// THIS WORK FORMS PART OF A SPIRIT CONSORTIUM SPECIFICATION.  
// THIS WORK CONTAINS TRADE SECRETS AND PROPRIETARY INFORMATION 
// WHICH IS THE EXCLUSIVE PROPERTY OF INDIVIDUAL MEMBERS OF THE 
// SPIRIT CONSORTIUM. USE OF THESE MATERIALS ARE GOVERNED BY 
// THE LEGAL TERMS AND CONDITIONS OUTLINED IN THE THE SPIRIT 
// SPECIFICATION DISCLAIMER AVAILABLE FROM
// www.spiritconsortium.org
-->
<spirit:component xmlns:spirit="http://www.spiritconsortium.org/XMLSchema/SPIRIT/1.4" xmlns:xsi="http://www.w3.org/2001/XMLSchema-instance" xsi:schemaLocation="http://www.spiritconsortium.org/XMLSchema/SPIRIT/1.4 http://www.spiritconsortium.org/XMLSchema/SPIRIT/1.4/index.xsd">
  <spirit:vendor>spiritconsortium.org</spirit:vendor>
  <spirit:library>Leon2RTL</spirit:library>
  <spirit:name>uartcrosser</spirit:name>
  <spirit:version>1.2</spirit:version>
  <spirit:busInterfaces>
    <spirit:busInterface>
      <spirit:name>Uart0</spirit:name>
      <spirit:busType spirit:vendor="spiritconsortium.org" spirit:library="busdef.generic" spirit:name="serial" spirit:version="1.0"/>
      <spirit:abstractionType spirit:vendor="spiritconsortium.org" spirit:library="busdef.generic" spirit:name="serial_rtl" spirit:version="1.0"/>
      <spirit:mirroredMaster/>
      <spirit:portMaps>
        <spirit:portMap>
          <spirit:logicalPort>
            <spirit:name>RxD</spirit:name>
          </spirit:logicalPort>
          <spirit:physicalPort>
            <spirit:name>rxd0</spirit:name>
          </spirit:physicalPort>
        </spirit:portMap>
        <spirit:portMap>
          <spirit:logicalPort>
            <spirit:name>TxD</spirit:name>
          </spirit:logicalPort>
          <spirit:physicalPort>
            <spirit:name>txd0</spirit:name>
          </spirit:physicalPort>
        </spirit:portMap>
        <spirit:portMap>
          <spirit:logicalPort>
            <spirit:name>CTSn</spirit:name>
          </spirit:logicalPort>
          <spirit:physicalPort>
            <spirit:name>ctsn0</spirit:name>
          </spirit:physicalPort>
        </spirit:portMap>
        <spirit:portMap>
          <spirit:logicalPort>
            <spirit:name>RTSn</spirit:name>
          </spirit:logicalPort>
          <spirit:physicalPort>
            <spirit:name>rtsn0</spirit:name>
          </spirit:physicalPort>
        </spirit:portMap>
        <spirit:portMap>
          <spirit:logicalPort>
            <spirit:name>DTRn</spirit:name>
          </spirit:logicalPort>
          <spirit:physicalPort>
            <spirit:name>rxen0</spirit:name>
          </spirit:physicalPort>
        </spirit:portMap>
      </spirit:portMaps>
    </spirit:busInterface>
    <spirit:busInterface>
      <spirit:name>Uart1</spirit:name>
      <spirit:busType spirit:vendor="spiritconsortium.org" spirit:library="busdef.generic" spirit:name="serial" spirit:version="1.0"/>
      <spirit:abstractionType spirit:vendor="spiritconsortium.org" spirit:library="busdef.generic" spirit:name="serial_rtl" spirit:version="1.0"/>
      <spirit:mirroredMaster/>
      <spirit:portMaps>
        <spirit:portMap>
          <spirit:logicalPort>
            <spirit:name>RxD</spirit:name>
          </spirit:logicalPort>
          <spirit:physicalPort>
            <spirit:name>rxd1</spirit:name>
          </spirit:physicalPort>
        </spirit:portMap>
        <spirit:portMap>
          <spirit:logicalPort>
            <spirit:name>TxD</spirit:name>
          </spirit:logicalPort>
          <spirit:physicalPort>
            <spirit:name>txd1</spirit:name>
          </spirit:physicalPort>
        </spirit:portMap>
        <spirit:portMap>
          <spirit:logicalPort>
            <spirit:name>CTSn</spirit:name>
          </spirit:logicalPort>
          <spirit:physicalPort>
            <spirit:name>ctsn1</spirit:name>
          </spirit:physicalPort>
        </spirit:portMap>
        <spirit:portMap>
          <spirit:logicalPort>
            <spirit:name>RTSn</spirit:name>
          </spirit:logicalPort>
          <spirit:physicalPort>
            <spirit:name>rtsn1</spirit:name>
          </spirit:physicalPort>
        </spirit:portMap>
        <spirit:portMap>
          <spirit:logicalPort>
            <spirit:name>DTRn</spirit:name>
          </spirit:logicalPort>
          <spirit:physicalPort>
            <spirit:name>rxen1</spirit:name>
          </spirit:physicalPort>
        </spirit:portMap>
      </spirit:portMaps>
    </spirit:busInterface>
  </spirit:busInterfaces>
  <spirit:model>
    <spirit:views>
      <spirit:view>
        <spirit:name>vhdlsource</spirit:name>
        <spirit:envIdentifier>:modelsim.mentor.com:</spirit:envIdentifier>
        <spirit:envIdentifier>:ncsim.cadence.com:</spirit:envIdentifier>
        <spirit:envIdentifier>:vcs.synopsys.com:</spirit:envIdentifier>
        <spirit:envIdentifier>:designcompiler.synopsys.com:</spirit:envIdentifier>
        <spirit:language>vhdl</spirit:language>
        <spirit:modelName>uartcrosser(struct)</spirit:modelName>
        <spirit:fileSetRef>fs-vhdlSource</spirit:fileSetRef>
      </spirit:view>
    </spirit:views>
    <spirit:ports>
      <spirit:port>
        <spirit:name>rxd0</spirit:name>
        <spirit:wire>
          <spirit:direction>out</spirit:direction>
        </spirit:wire>
      </spirit:port>
      <spirit:port>
        <spirit:name>txd0</spirit:name>
        <spirit:wire>
          <spirit:direction>in</spirit:direction>
        </spirit:wire>
      </spirit:port>
      <spirit:port>
        <spirit:name>ctsn0</spirit:name>
        <spirit:wire>
          <spirit:direction>out</spirit:direction>
        </spirit:wire>
      </spirit:port>
      <spirit:port>
        <spirit:name>rtsn0</spirit:name>
        <spirit:wire>
          <spirit:direction>in</spirit:direction>
        </spirit:wire>
      </spirit:port>
      <spirit:port>
        <spirit:name>rxen0</spirit:name>
        <spirit:wire>
          <spirit:direction>in</spirit:direction>
        </spirit:wire>
      </spirit:port>
      <spirit:port>
        <spirit:name>rxd1</spirit:name>
        <spirit:wire>
          <spirit:direction>out</spirit:direction>
        </spirit:wire>
      </spirit:port>
      <spirit:port>
        <spirit:name>txd1</spirit:name>
        <spirit:wire>
          <spirit:direction>in</spirit:direction>
        </spirit:wire>
      </spirit:port>
      <spirit:port>
        <spirit:name>ctsn1</spirit:name>
        <spirit:wire>
          <spirit:direction>out</spirit:direction>
        </spirit:wire>
      </spirit:port>
      <spirit:port>
        <spirit:name>rtsn1</spirit:name>
        <spirit:wire>
          <spirit:direction>in</spirit:direction>
        </spirit:wire>
      </spirit:port>
      <spirit:port>
        <spirit:name>rxen1</spirit:name>
        <spirit:wire>
          <spirit:direction>in</spirit:direction>
        </spirit:wire>
      </spirit:port>
      <spirit:port>
        <spirit:name>scaler</spirit:name>
        <spirit:wire>
          <spirit:direction>out</spirit:direction>
          <spirit:vector>
            <spirit:left>7</spirit:left>
            <spirit:right>0</spirit:right>
          </spirit:vector>
        </spirit:wire>
      </spirit:port>
    </spirit:ports>
    <spirit:modelParameters>
      <spirit:modelParameter spirit:dataType="std_logic_vector(7 downto 0)">
        <spirit:name>ScalerValue</spirit:name>
        <spirit:value spirit:format="bitString" spirit:bitStringLength="8" spirit:resolve="user" spirit:id="ScalerValue" spirit:configGroups="requiredConfig" spirit:prompt="Value of the scaler:">"00000001"</spirit:value>
      </spirit:modelParameter>
    </spirit:modelParameters>
  </spirit:model>
  <spirit:fileSets>
    <spirit:fileSet>
      <spirit:name>fs-vhdlSource</spirit:name>
      <spirit:file>
        <spirit:name>hdlsrc/uartcrosser.vhd</spirit:name>
        <spirit:fileType>vhdlSource</spirit:fileType>
        <spirit:logicalName>uartcrosser_lib</spirit:logicalName>
      </spirit:file>
    </spirit:fileSet>
  </spirit:fileSets>
</spirit:component>
