<?xml version="1.0" encoding="UTF-8"?>
<office:document-content xmlns:office="urn:oasis:names:tc:opendocument:xmlns:office:1.0" xmlns:style="urn:oasis:names:tc:opendocument:xmlns:style:1.0" xmlns:text="urn:oasis:names:tc:opendocument:xmlns:text:1.0" xmlns:table="urn:oasis:names:tc:opendocument:xmlns:table:1.0" xmlns:draw="urn:oasis:names:tc:opendocument:xmlns:drawing:1.0" xmlns:fo="urn:oasis:names:tc:opendocument:xmlns:xsl-fo-compatible:1.0" xmlns:xlink="http://www.w3.org/1999/xlink" xmlns:dc="http://purl.org/dc/elements/1.1/" xmlns:meta="urn:oasis:names:tc:opendocument:xmlns:meta:1.0" xmlns:number="urn:oasis:names:tc:opendocument:xmlns:datastyle:1.0" xmlns:presentation="urn:oasis:names:tc:opendocument:xmlns:presentation:1.0" xmlns:svg="urn:oasis:names:tc:opendocument:xmlns:svg-compatible:1.0" xmlns:chart="urn:oasis:names:tc:opendocument:xmlns:chart:1.0" xmlns:dr3d="urn:oasis:names:tc:opendocument:xmlns:dr3d:1.0" xmlns:math="http://www.w3.org/1998/Math/MathML" xmlns:form="urn:oasis:names:tc:opendocument:xmlns:form:1.0" xmlns:script="urn:oasis:names:tc:opendocument:xmlns:script:1.0" xmlns:ooo="http://openoffice.org/2004/office" xmlns:ooow="http://openoffice.org/2004/writer" xmlns:oooc="http://openoffice.org/2004/calc" xmlns:dom="http://www.w3.org/2001/xml-events" xmlns:xforms="http://www.w3.org/2002/xforms" xmlns:xsd="http://www.w3.org/2001/XMLSchema" xmlns:xsi="http://www.w3.org/2001/XMLSchema-instance" xmlns:smil="urn:oasis:names:tc:opendocument:xmlns:smil-compatible:1.0" xmlns:anim="urn:oasis:names:tc:opendocument:xmlns:animation:1.0" office:version="1.0"><office:scripts/><office:automatic-styles><style:style style:name="dp1" style:family="drawing-page"/><style:style style:name="gr1" style:family="graphic" style:parent-style-name="standard"><style:graphic-properties draw:textarea-horizontal-align="center" draw:textarea-vertical-align="middle"/></style:style><style:style style:name="gr2" style:family="graphic" style:parent-style-name="standard"><style:graphic-properties draw:textarea-horizontal-align="justify" draw:textarea-vertical-align="middle" draw:auto-grow-height="false"/></style:style><style:style style:name="gr3" style:family="graphic" style:parent-style-name="standard"><style:graphic-properties draw:stroke="none" svg:stroke-color="#000000" draw:fill="none" draw:fill-color="#ffffff" draw:textarea-horizontal-align="left" draw:auto-grow-height="true" draw:auto-grow-width="true" fo:min-height="0cm" fo:min-width="0cm"/></style:style><style:style style:name="gr4" style:family="graphic" style:parent-style-name="standard"><style:graphic-properties draw:stroke="none" svg:stroke-color="#000000" draw:fill="none" draw:fill-color="#ffffff" draw:textarea-horizontal-align="left" draw:auto-grow-height="true" draw:auto-grow-width="true" fo:min-height="0.469cm" fo:min-width="0cm"/></style:style><style:style style:name="gr5" style:family="graphic" style:parent-style-name="standard"><style:graphic-properties draw:stroke="none" svg:stroke-color="#000000" draw:fill="none" draw:fill-color="#ffffff" draw:textarea-horizontal-align="left" draw:auto-grow-height="true" draw:auto-grow-width="true" fo:min-height="0.365cm" fo:min-width="0cm"/></style:style><style:style style:name="gr6" style:family="graphic" style:parent-style-name="standard"><style:graphic-properties draw:stroke="none" svg:stroke-color="#000000" draw:fill="none" draw:fill-color="#ffffff" draw:textarea-horizontal-align="left" draw:auto-grow-height="true" draw:auto-grow-width="false" fo:min-height="0cm" fo:min-width="1.836cm"/></style:style><style:style style:name="gr7" style:family="graphic" style:parent-style-name="standard"><style:graphic-properties draw:stroke="none" draw:fill="none" draw:fill-color="#ffffff" draw:auto-grow-width="true" fo:min-height="1.172cm" fo:min-width="0.212cm"/></style:style><style:style style:name="P1" style:family="paragraph"><style:paragraph-properties fo:text-align="center"/></style:style><style:style style:name="P2" style:family="paragraph"><style:paragraph-properties fo:margin-left="0cm" fo:margin-right="0cm" fo:text-indent="0cm"/></style:style><style:style style:name="P3" style:family="paragraph"><style:text-properties fo:font-family="&apos;Bitstream Vera Sans&apos;" style:font-family-generic="swiss" style:font-pitch="variable" fo:font-size="16pt"/></style:style><style:style style:name="P4" style:family="paragraph"><style:text-properties fo:font-family="&apos;Bitstream Vera Sans&apos;" style:font-family-generic="swiss" style:font-pitch="variable" fo:font-size="8pt"/></style:style><style:style style:name="P5" style:family="paragraph"><style:paragraph-properties fo:margin-left="0cm" fo:margin-right="0cm" fo:text-indent="0cm"/><style:text-properties fo:font-family="&apos;Bitstream Vera Sans&apos;" style:font-family-generic="swiss" style:font-pitch="variable" fo:font-size="8pt"/></style:style><style:style style:name="P6" style:family="paragraph"><style:text-properties fo:font-family="&apos;Bitstream Vera Sans&apos;" style:font-family-generic="swiss" style:font-pitch="variable" fo:font-size="14pt"/></style:style><style:style style:name="T1" style:family="text"><style:text-properties fo:font-family="&apos;Bitstream Vera Sans&apos;" style:font-family-generic="swiss" style:font-pitch="variable" fo:font-size="16pt"/></style:style><style:style style:name="T2" style:family="text"><style:text-properties fo:font-family="&apos;Bitstream Vera Sans&apos;" style:font-family-generic="swiss" style:font-pitch="variable" fo:font-size="8pt"/></style:style><style:style style:name="T3" style:family="text"><style:text-properties fo:font-family="&apos;Bitstream Vera Sans&apos;" style:font-family-generic="swiss" style:font-pitch="variable" fo:font-size="14pt"/></style:style><text:list-style style:name="L1"><text:list-level-style-bullet text:level="1" text:bullet-char="●"><style:text-properties fo:font-family="StarSymbol" style:use-window-font-color="true" fo:font-size="45%"/></text:list-level-style-bullet><text:list-level-style-bullet text:level="2" text:bullet-char="●"><style:list-level-properties text:space-before="0.6cm" text:min-label-width="0.6cm"/><style:text-properties fo:font-family="StarSymbol" style:use-window-font-color="true" fo:font-size="45%"/></text:list-level-style-bullet><text:list-level-style-bullet text:level="3" text:bullet-char="●"><style:list-level-properties text:space-before="1.2cm" text:min-label-width="0.6cm"/><style:text-properties fo:font-family="StarSymbol" style:use-window-font-color="true" fo:font-size="45%"/></text:list-level-style-bullet><text:list-level-style-bullet text:level="4" text:bullet-char="●"><style:list-level-properties text:space-before="1.8cm" text:min-label-width="0.6cm"/><style:text-properties fo:font-family="StarSymbol" style:use-window-font-color="true" fo:font-size="45%"/></text:list-level-style-bullet><text:list-level-style-bullet text:level="5" text:bullet-char="●"><style:list-level-properties text:space-before="2.4cm" text:min-label-width="0.6cm"/><style:text-properties fo:font-family="StarSymbol" style:use-window-font-color="true" fo:font-size="45%"/></text:list-level-style-bullet><text:list-level-style-bullet text:level="6" text:bullet-char="●"><style:list-level-properties text:space-before="3cm" text:min-label-width="0.6cm"/><style:text-properties fo:font-family="StarSymbol" style:use-window-font-color="true" fo:font-size="45%"/></text:list-level-style-bullet><text:list-level-style-bullet text:level="7" text:bullet-char="●"><style:list-level-properties text:space-before="3.6cm" text:min-label-width="0.6cm"/><style:text-properties fo:font-family="StarSymbol" style:use-window-font-color="true" fo:font-size="45%"/></text:list-level-style-bullet><text:list-level-style-bullet text:level="8" text:bullet-char="●"><style:list-level-properties text:space-before="4.2cm" text:min-label-width="0.6cm"/><style:text-properties fo:font-family="StarSymbol" style:use-window-font-color="true" fo:font-size="45%"/></text:list-level-style-bullet><text:list-level-style-bullet text:level="9" text:bullet-char="●"><style:list-level-properties text:space-before="4.8cm" text:min-label-width="0.6cm"/><style:text-properties fo:font-family="StarSymbol" style:use-window-font-color="true" fo:font-size="45%"/></text:list-level-style-bullet><text:list-level-style-bullet text:level="10" text:bullet-char="●"><style:list-level-properties text:space-before="5.4cm" text:min-label-width="0.6cm"/><style:text-properties fo:font-family="StarSymbol" style:use-window-font-color="true" fo:font-size="45%"/></text:list-level-style-bullet></text:list-style></office:automatic-styles><office:body><office:drawing><draw:page draw:name="page1" draw:style-name="dp1" draw:master-page-name="bla"><office:forms form:automatic-focus="false" form:apply-design-mode="false"/><draw:rect draw:style-name="gr1" draw:text-style-name="P1" draw:id="id13" draw:layer="layout" svg:width="1.248cm" svg:height="3.591cm" svg:x="1.974cm" svg:y="10.999cm"><text:p text:style-name="P2"/></draw:rect><draw:custom-shape draw:style-name="gr2" draw:text-style-name="P1" draw:id="id11" draw:layer="layout" svg:width="1.21cm" svg:height="1.134cm" svg:x="7.316cm" svg:y="7.902cm"><text:p text:style-name="P2"/><draw:enhanced-geometry svg:viewBox="0 0 21600 21600" draw:glue-points="10800 0 0 10800 10800 21600 21600 10800" draw:text-areas="0 3100 18500 18500" draw:type="flowchart-delay" draw:enhanced-path="M 10800 0 X 21600 10800 10800 21600 L 0 21600 0 0 Z N"/></draw:custom-shape><draw:custom-shape draw:style-name="gr2" draw:text-style-name="P1" draw:id="id12" draw:layer="layout" svg:width="1.21cm" svg:height="1.134cm" svg:x="7.274cm" svg:y="11.384cm"><text:p text:style-name="P2"/><draw:enhanced-geometry svg:viewBox="0 0 21600 21600" draw:glue-points="10800 0 0 10800 10800 21600 21600 10800" draw:text-areas="0 3100 18500 18500" draw:type="flowchart-delay" draw:enhanced-path="M 10800 0 X 21600 10800 10800 21600 L 0 21600 0 0 Z N"/></draw:custom-shape><draw:custom-shape draw:style-name="gr2" draw:text-style-name="P1" draw:layer="layout" svg:width="1.21cm" svg:height="1.134cm" svg:x="7.283cm" svg:y="14.905cm"><text:p text:style-name="P2"/><draw:enhanced-geometry svg:viewBox="0 0 21600 21600" draw:glue-points="10800 0 0 10800 10800 21600 21600 10800" draw:text-areas="0 3100 18500 18500" draw:type="flowchart-delay" draw:enhanced-path="M 10800 0 X 21600 10800 10800 21600 L 0 21600 0 0 Z N"/></draw:custom-shape><draw:custom-shape draw:style-name="gr2" draw:text-style-name="P1" draw:layer="layout" svg:width="1.21cm" svg:height="1.134cm" svg:x="7.281cm" svg:y="17.102cm"><text:p text:style-name="P2"/><draw:enhanced-geometry svg:viewBox="0 0 21600 21600" draw:mirror-horizontal="false" draw:mirror-vertical="false" draw:glue-points="10800 0 0 10800 10800 21600 21600 10800" draw:text-areas="0 3100 18500 18500" draw:type="flowchart-delay" draw:enhanced-path="M 10800 0 X 21600 10800 10800 21600 L 0 21600 0 0 Z N"/></draw:custom-shape><draw:custom-shape draw:style-name="gr2" draw:text-style-name="P1" draw:id="id1" draw:layer="layout" svg:width="1.21cm" svg:height="1.134cm" svg:x="7.522cm" svg:y="4.17cm"><draw:glue-point draw:id="8" svg:x="-5cm" svg:y="-2.477cm"/><draw:glue-point draw:id="9" svg:x="-4.694cm" svg:y="2.522cm"/><text:p text:style-name="P2"/><draw:enhanced-geometry svg:viewBox="0 0 21600 21600" draw:glue-points="10800 0 0 10800 10800 21600 21600 10800" draw:text-areas="0 3100 18500 18500" draw:type="flowchart-delay" draw:enhanced-path="M 10800 0 X 21600 10800 10800 21600 L 0 21600 0 0 Z N"/></draw:custom-shape><draw:path draw:style-name="gr1" draw:text-style-name="P1" draw:id="id2" draw:layer="layout" svg:width="2.419cm" svg:height="2.621cm" svg:x="11.313cm" svg:y="3.432cm" svg:viewBox="0 0 2420 2622" svg:d="m0 2622c0-874 0-1748 0-2622 807 0 1614 0 2420 0 0 874 0 1748 0 2622-806 0-1613 0-2420 0zm1000-39c94-94 188-188 282-282-94 94-188 188-282 282zm284-282c94 94 188 188 282 282-94-94-188-188-282-282z"><draw:glue-point draw:id="4" svg:x="-4.946cm" svg:y="-3.588cm"/><text:p text:style-name="P2"/></draw:path><draw:frame draw:style-name="gr3" draw:text-style-name="P3" draw:layer="layout" svg:width="9.4cm" svg:height="0.903cm" svg:x="1.512cm" svg:y="0.872cm"><draw:text-box><text:p text:style-name="P2"><text:span text:style-name="T1">Special Register and scratchpad</text:span></text:p></draw:text-box></draw:frame><draw:path draw:style-name="gr1" draw:text-style-name="P1" draw:id="id5" draw:layer="layout" svg:width="2.267cm" svg:height="2.749cm" svg:x="11.31cm" svg:y="6.97cm" svg:viewBox="0 0 2268 2750" svg:d="m0 2750c0-917 0-1833 0-2750 756 0 1512 0 2268 0 0 917 0 1833 0 2750-756 0-1512 0-2268 0zm937-41c88-99 176-197 264-296-88 99-176 197-264 296zm266-296c88 99 176 197 264 296-88-99-176-197-264-296z"><text:p text:style-name="P2"/></draw:path><draw:path draw:style-name="gr1" draw:text-style-name="P1" draw:id="id6" draw:layer="layout" svg:width="2.267cm" svg:height="2.545cm" svg:x="11.31cm" svg:y="10.463cm" svg:viewBox="0 0 2268 2546" svg:d="m0 2546c0-849 0-1697 0-2546 756 0 1512 0 2268 0 0 849 0 1697 0 2546-756 0-1512 0-2268 0zm937-38c88-92 176-183 264-274-88 91-176 182-264 274zm266-274c88 91 176 182 264 274-88-92-176-183-264-274z"><text:p text:style-name="P2"/></draw:path><draw:path draw:style-name="gr1" draw:text-style-name="P1" draw:id="id7" draw:layer="layout" svg:width="2.267cm" svg:height="2.576cm" svg:x="11.348cm" svg:y="14.098cm" svg:viewBox="0 0 2268 2577" svg:d="m0 2577c0-859 0-1718 0-2577 756 0 1512 0 2268 0 0 859 0 1718 0 2577-756 0-1512 0-2268 0zm937-39c88-92 176-184 264-277-88 93-176 185-264 277zm266-277c88 93 176 185 264 277-88-92-176-184-264-277z"><text:p text:style-name="P2"/></draw:path><draw:path draw:style-name="gr1" draw:text-style-name="P1" draw:id="id8" draw:layer="layout" svg:width="2.267cm" svg:height="2.545cm" svg:x="11.31cm" svg:y="18.592cm" svg:viewBox="0 0 2268 2546" svg:d="m0 2546c0-849 0-1697 0-2546 756 0 1512 0 2268 0 0 849 0 1697 0 2546-756 0-1512 0-2268 0zm937-38c88-92 176-183 264-274-88 91-176 182-264 274zm266-274c88 91 176 182 264 274-88-92-176-183-264-274z"><draw:glue-point draw:id="4" svg:x="-4.964cm" svg:y="2.761cm"/><text:p text:style-name="P2"/></draw:path><draw:path draw:style-name="gr1" draw:text-style-name="P1" draw:layer="layout" svg:width="1.814cm" svg:height="19.087cm" svg:x="3.233cm" svg:y="3.429cm" svg:viewBox="0 0 1815 19088" svg:d="m1815 0c0 6363 0 12725 0 19088 0-6363 0-12725 0-19088zm-1815 0c592 0 1184 0 1776 0-592 0-1184 0-1776 0z"><draw:glue-point draw:id="4" svg:x="4.837cm" svg:y="-4.836cm"/><text:p text:style-name="P2"/></draw:path><draw:frame draw:style-name="gr3" draw:text-style-name="P4" draw:layer="layout" svg:width="1.59cm" svg:height="0.581cm" svg:x="1.71cm" svg:y="3.116cm"><draw:text-box><text:p text:style-name="P2"><text:span text:style-name="T2">s_rf_alu</text:span></text:p></draw:text-box></draw:frame><draw:path draw:style-name="gr1" draw:text-style-name="P1" draw:layer="layout" svg:width="1.814cm" svg:height="13.072cm" svg:x="2.777cm" svg:y="4.358cm" svg:viewBox="0 0 1815 13073" svg:d="m1815 0c0 4358 0 8715 0 13073 0-4358 0-8715 0-13073zm-1815 0c592 0 1184 0 1776 0-592 0-1184 0-1776 0z"><text:p text:style-name="P2"/></draw:path><draw:frame draw:style-name="gr4" draw:text-style-name="P5" draw:layer="layout" svg:width="2.111cm" svg:height="0.719cm" svg:x="1.342cm" svg:y="3.764cm"><draw:text-box><text:p text:style-name="P2"><text:span text:style-name="T2">wr_en_sreg</text:span></text:p></draw:text-box></draw:frame><draw:connector draw:style-name="gr1" draw:text-style-name="P1" draw:layer="layout" svg:x1="8.732cm" svg:y1="4.736cm" svg:x2="11.313cm" svg:y2="4.743cm" draw:start-shape="id1" draw:start-glue-point="7" draw:end-shape="id2" draw:end-glue-point="3"><text:p text:style-name="P2"/></draw:connector><draw:connector draw:style-name="gr1" draw:text-style-name="P1" draw:layer="layout" draw:line-skew="-1.169cm" svg:x1="3.229cm" svg:y1="11.421cm" svg:x2="7.56cm" svg:y2="5.022cm" draw:end-shape="id1" draw:end-glue-point="9"><text:p text:style-name="P2"/></draw:connector><draw:line draw:style-name="gr1" draw:text-style-name="P1" draw:layer="layout" svg:x1="10.07cm" svg:y1="5.601cm" svg:x2="11.28cm" svg:y2="5.601cm"><text:p text:style-name="P2"/></draw:line><draw:line draw:style-name="gr1" draw:text-style-name="P1" draw:layer="layout" svg:x1="10.07cm" svg:y1="9.387cm" svg:x2="11.28cm" svg:y2="9.387cm"><text:p text:style-name="P2"/></draw:line><draw:connector draw:style-name="gr1" draw:text-style-name="P1" draw:layer="layout" draw:type="line" svg:x1="5.209cm" svg:y1="7.606cm" svg:x2="11.282cm" svg:y2="7.598cm"><text:p text:style-name="P2"/></draw:connector><draw:connector draw:style-name="gr1" draw:text-style-name="P1" draw:layer="layout" draw:type="line" svg:x1="4.589cm" svg:y1="8.248cm" svg:x2="7.275cm" svg:y2="8.247cm"><text:p text:style-name="P2"/></draw:connector><draw:connector draw:style-name="gr1" draw:text-style-name="P1" draw:layer="layout" draw:line-skew="-0.97cm" svg:x1="3.264cm" svg:y1="11.823cm" svg:x2="7.271cm" svg:y2="8.807cm"><text:p text:style-name="P2"/></draw:connector><draw:connector draw:style-name="gr1" draw:text-style-name="P1" draw:layer="layout" draw:type="line" svg:x1="5.238cm" svg:y1="10.947cm" svg:x2="11.206cm" svg:y2="10.954cm" draw:end-shape="id3" draw:end-glue-point="3"><text:p text:style-name="P2"/></draw:connector><draw:connector draw:style-name="gr1" draw:text-style-name="P1" draw:layer="layout" draw:type="line" svg:x1="4.589cm" svg:y1="11.605cm" svg:x2="7.275cm" svg:y2="11.604cm"><text:p text:style-name="P2"/></draw:connector><draw:line draw:style-name="gr1" draw:text-style-name="P1" draw:layer="layout" svg:x1="3.229cm" svg:y1="12.182cm" svg:x2="7.273cm" svg:y2="12.182cm"><text:p text:style-name="P2"/></draw:line><draw:connector draw:style-name="gr1" draw:text-style-name="P1" draw:layer="layout" draw:type="line" svg:x1="5.239cm" svg:y1="14.718cm" svg:x2="11.284cm" svg:y2="14.718cm"><text:p text:style-name="P2"/></draw:connector><draw:connector draw:style-name="gr1" draw:text-style-name="P1" draw:layer="layout" draw:type="line" svg:x1="4.589cm" svg:y1="15.251cm" svg:x2="7.275cm" svg:y2="15.25cm"><text:p text:style-name="P2"/></draw:connector><draw:custom-shape draw:style-name="gr2" draw:text-style-name="P1" draw:layer="layout" svg:width="2.193cm" svg:height="0.832cm" draw:transform="rotate (1.58440989496015) translate (9.181cm 20.294cm)"><text:p text:style-name="P2"/><draw:enhanced-geometry svg:viewBox="0 0 21600 21600" draw:glue-points="10800 0 2160 10800 10800 21600 19440 10800" draw:text-areas="4350 0 17250 21600" draw:type="flowchart-manual-operation" draw:enhanced-path="M 0 0 L 21600 0 17250 21600 4350 21600 0 0 Z N"/></draw:custom-shape><draw:line draw:style-name="gr1" draw:text-style-name="P1" draw:layer="layout" svg:x1="10.072cm" svg:y1="19.155cm" svg:x2="11.282cm" svg:y2="19.155cm"><text:p text:style-name="P2"/></draw:line><draw:path draw:style-name="gr1" draw:text-style-name="P1" draw:layer="layout" svg:width="1.095cm" svg:height="0.547cm" svg:x="8.483cm" svg:y="17.667cm" svg:viewBox="0 0 1096 548" svg:d="m1096 548c0-183 0-365 0-548 0 183 0 365 0 548zm-1096-548c365 0 731 0 1096 0-365 0-731 0-1096 0z"><text:p text:style-name="P2"/></draw:path><draw:frame draw:style-name="gr3" draw:text-style-name="P4" draw:layer="layout" svg:width="0.684cm" svg:height="1.571cm" svg:x="9.124cm" svg:y="18.299cm"><draw:text-box><text:p text:style-name="P2"><text:span text:style-name="T2">1</text:span></text:p><text:p text:style-name="P2"><text:span text:style-name="T2"/></text:p><text:p text:style-name="P2"><text:span text:style-name="T2"/></text:p><text:p text:style-name="P2"><text:span text:style-name="T2">0</text:span></text:p></draw:text-box></draw:frame><draw:line draw:style-name="gr1" draw:text-style-name="P1" draw:layer="layout" svg:x1="5.065cm" svg:y1="18.753cm" svg:x2="9.163cm" svg:y2="18.753cm"><text:p text:style-name="P2"/></draw:line><draw:line draw:style-name="gr1" draw:text-style-name="P1" draw:layer="layout" svg:x1="9.163cm" svg:y1="19.548cm" svg:x2="3.456cm" svg:y2="19.548cm"><text:p text:style-name="P2"/></draw:line><draw:frame draw:style-name="gr3" draw:text-style-name="P4" draw:layer="layout" svg:width="1.772cm" svg:height="0.581cm" svg:x="1.782cm" svg:y="19.183cm"><draw:text-box><text:p text:style-name="P2"><text:span text:style-name="T2">status_in</text:span></text:p></draw:text-box></draw:frame><draw:connector draw:style-name="gr1" draw:text-style-name="P1" draw:layer="layout" draw:type="line" svg:x1="4.589cm" svg:y1="17.399cm" svg:x2="7.275cm" svg:y2="17.398cm"><text:p text:style-name="P2"/></draw:connector><draw:connector draw:style-name="gr1" draw:text-style-name="P1" draw:layer="layout" draw:line-skew="-1.344cm" svg:x1="3.267cm" svg:y1="14.03cm" svg:x2="7.239cm" svg:y2="18.001cm"><text:p text:style-name="P2"/></draw:connector><draw:path draw:style-name="gr2" draw:text-style-name="P1" draw:layer="layout" svg:width="1.351cm" svg:height="1.008cm" svg:x="15.511cm" svg:y="9.54cm" svg:viewBox="0 0 1352 1009" svg:d="m676 1009c-373 0-676-227-676-505s303-504 676-504 676 226 676 504-303 505-676 505z"><text:p text:style-name="P2"/></draw:path><draw:frame draw:style-name="gr3" draw:layer="layout" svg:width="1.247cm" svg:height="1.195cm" svg:x="15.561cm" svg:y="9.331cm"><draw:text-box><text:p text:style-name="P2">==</text:p></draw:text-box></draw:frame><draw:frame draw:style-name="gr3" draw:text-style-name="P4" draw:layer="layout" svg:width="1.374cm" svg:height="0.581cm" svg:x="11.204cm" svg:y="3.48cm"><draw:text-box><text:p text:style-name="P2"><text:span text:style-name="T2">reg_in</text:span></text:p></draw:text-box></draw:frame><draw:custom-shape draw:style-name="gr2" draw:text-style-name="P1" draw:id="id4" draw:layer="layout" svg:width="3.893cm" svg:height="0.787cm" draw:transform="rotate (1.57899937427897) translate (20.761cm 10.992cm)"><draw:glue-point draw:id="8" svg:x="-4.866cm" svg:y="-3.451cm"/><draw:glue-point draw:id="9" svg:x="-4.866cm" svg:y="-1.801cm"/><draw:glue-point draw:id="10" svg:x="-4.23cm" svg:y="1.398cm"/><draw:glue-point draw:id="11" svg:x="-4.23cm" svg:y="3.338cm"/><text:p text:style-name="P2"/><draw:enhanced-geometry svg:viewBox="0 0 21600 21600" draw:glue-points="10800 0 2160 10800 10800 21600 19440 10800" draw:text-areas="4350 0 17250 21600" draw:type="flowchart-manual-operation" draw:enhanced-path="M 0 0 L 21600 0 17250 21600 4350 21600 0 0 Z N"/></draw:custom-shape><draw:connector draw:style-name="gr1" draw:text-style-name="P1" draw:layer="layout" draw:line-skew="2.011cm" svg:x1="13.733cm" svg:y1="4.743cm" svg:x2="20.74cm" svg:y2="7.697cm" draw:start-shape="id2" draw:start-glue-point="1" draw:end-shape="id4" draw:end-glue-point="8"><text:p text:style-name="P2"/></draw:connector><draw:connector draw:style-name="gr1" draw:text-style-name="P1" draw:layer="layout" svg:x1="13.578cm" svg:y1="8.345cm" svg:x2="20.74cm" svg:y2="8.34cm" draw:start-shape="id5" draw:start-glue-point="1" draw:end-shape="id4" draw:end-glue-point="9"><text:p text:style-name="P2"/></draw:connector><draw:connector draw:style-name="gr1" draw:text-style-name="P1" draw:layer="layout" draw:line-skew="1.047cm" svg:x1="13.578cm" svg:y1="11.736cm" svg:x2="20.81cm" svg:y2="9.042cm" draw:start-shape="id6" draw:start-glue-point="1" draw:end-shape="id4" draw:end-glue-point="5"><text:p text:style-name="P2"/></draw:connector><draw:connector draw:style-name="gr1" draw:text-style-name="P1" draw:layer="layout" draw:line-skew="1.482cm" svg:x1="13.616cm" svg:y1="15.386cm" svg:x2="20.792cm" svg:y2="9.587cm" draw:start-shape="id7" draw:start-glue-point="1" draw:end-shape="id4" draw:end-glue-point="10"><text:p text:style-name="P2"/></draw:connector><draw:connector draw:style-name="gr1" draw:text-style-name="P1" draw:layer="layout" draw:line-skew="2.143cm" svg:x1="13.578cm" svg:y1="19.865cm" svg:x2="20.792cm" svg:y2="10.343cm" draw:start-shape="id8" draw:start-glue-point="1" draw:end-shape="id4" draw:end-glue-point="11"><text:p text:style-name="P2"/></draw:connector><draw:custom-shape draw:style-name="gr2" draw:text-style-name="P1" draw:id="id9" draw:layer="layout" svg:width="3.114cm" svg:height="0.629cm" draw:transform="rotate (1.57899937427897) translate (23.214cm 11.809cm)"><draw:glue-point draw:id="8" svg:x="-4.866cm" svg:y="-1.801cm"/><draw:glue-point draw:id="9" svg:x="-4.23cm" svg:y="3.338cm"/><text:p text:style-name="P2"/><draw:enhanced-geometry svg:viewBox="0 0 21600 21600" draw:glue-points="10800 0 2160 10800 10800 21600 19440 10800" draw:text-areas="4350 0 17250 21600" draw:type="flowchart-manual-operation" draw:enhanced-path="M 0 0 L 21600 0 17250 21600 4350 21600 0 0 Z N"/></draw:custom-shape><draw:connector draw:style-name="gr1" draw:text-style-name="P1" draw:layer="layout" svg:x1="21.465cm" svg:y1="9.042cm" svg:x2="23.197cm" svg:y2="9.688cm" draw:start-shape="id4" draw:start-glue-point="7" draw:end-shape="id9" draw:end-glue-point="8"><text:p text:style-name="P2"/></draw:connector><draw:path draw:style-name="gr1" draw:text-style-name="P1" draw:layer="layout" svg:width="6.886cm" svg:height="6.349cm" svg:x="16.677cm" svg:y="2.69cm" svg:viewBox="0 0 6887 6350" svg:d="m0 38c2280 0 4561 0 6841 0-2280 0-4561 0-6841 0zm6887 6312c0-2117 0-4233 0-6350 0 2117 0 4233 0 6350zm-2419-1512c0-1600 0-3201 0-4801 0 1600 0 3201 0 4801z"><text:p text:style-name="P2"/></draw:path><draw:frame draw:style-name="gr3" draw:text-style-name="P4" draw:layer="layout" svg:width="2.111cm" svg:height="0.581cm" svg:x="16.012cm" svg:y="2.163cm"><draw:text-box><text:p text:style-name="P2"><text:span text:style-name="T2">s_reg_ dest</text:span></text:p></draw:text-box></draw:frame><draw:line draw:style-name="gr1" draw:text-style-name="P1" draw:layer="layout" svg:x1="19.182cm" svg:y1="2.895cm" svg:x2="19.52cm" svg:y2="2.585cm"><text:p text:style-name="P2"/></draw:line><draw:line draw:style-name="gr1" draw:text-style-name="P1" draw:layer="layout" svg:x1="21.029cm" svg:y1="5.843cm" svg:x2="21.248cm" svg:y2="5.643cm"><text:p text:style-name="P2"/></draw:line><draw:line draw:style-name="gr1" draw:text-style-name="P1" draw:layer="layout" svg:x1="21.968cm" svg:y1="9.187cm" svg:x2="22.21cm" svg:y2="8.956cm"><text:p text:style-name="P2"/></draw:line><draw:frame draw:style-name="gr3" draw:text-style-name="P4" draw:layer="layout" svg:width="0.684cm" svg:height="0.581cm" svg:x="18.889cm" svg:y="2.128cm"><draw:text-box><text:p text:style-name="P2"><text:span text:style-name="T2">4</text:span></text:p></draw:text-box></draw:frame><draw:frame draw:style-name="gr3" draw:text-style-name="P4" draw:layer="layout" svg:width="0.684cm" svg:height="0.581cm" svg:x="21.067cm" svg:y="5.554cm"><draw:text-box><text:p text:style-name="P2"><text:span text:style-name="T2">3</text:span></text:p></draw:text-box></draw:frame><draw:frame draw:style-name="gr3" draw:text-style-name="P4" draw:layer="layout" svg:width="0.866cm" svg:height="0.581cm" svg:x="21.498cm" svg:y="8.449cm"><draw:text-box><text:p text:style-name="P2"><text:span text:style-name="T2">16</text:span></text:p></draw:text-box></draw:frame><draw:line draw:style-name="gr1" draw:text-style-name="P1" draw:layer="layout" svg:x1="15.249cm" svg:y1="9.267cm" svg:x2="16.194cm" svg:y2="9.267cm"><text:p text:style-name="P2"/></draw:line><draw:line draw:style-name="gr1" draw:text-style-name="P1" draw:layer="layout" svg:x1="16.218cm" svg:y1="9.267cm" svg:x2="16.218cm" svg:y2="9.493cm"><text:p text:style-name="P2"/></draw:line><draw:line draw:style-name="gr1" draw:text-style-name="P1" draw:layer="layout" svg:x1="14.304cm" svg:y1="8.397cm" svg:x2="14.304cm" svg:y2="9.682cm"><text:p text:style-name="P2"/></draw:line><draw:path draw:style-name="gr1" draw:text-style-name="P1" draw:layer="layout" svg:width="0cm" svg:height="0.755cm" svg:x="15.212cm" svg:y="8.926cm" svg:viewBox="0 0 0 756" svg:d="m0 0c0 252 0 504 0 756 0-252 0-504 0-756z"><text:p text:style-name="P2"/></draw:path><draw:path draw:style-name="gr1" draw:text-style-name="P1" draw:layer="layout" svg:width="0.868cm" svg:height="4.951cm" svg:x="14.342cm" svg:y="4.731cm" svg:viewBox="0 0 869 4952" svg:d="m299 4233c0-1411 0-2822 0-4233 0 1411 0 2822 0 4233zm-299 719c277 0 554 0 831 0-277 0-554 0-831 0zm264-719c202 0 403 0 605 0-202 0-403 0-605 0z"><text:p text:style-name="P2"/></draw:path><draw:line draw:style-name="gr1" draw:text-style-name="P1" draw:layer="layout" svg:x1="15.25cm" svg:y1="10.901cm" svg:x2="16.195cm" svg:y2="10.901cm"><text:p text:style-name="P2"/></draw:line><draw:line draw:style-name="gr1" draw:text-style-name="P1" draw:layer="layout" svg:x1="16.218cm" svg:y1="10.635cm" svg:x2="16.218cm" svg:y2="10.861cm"><text:p text:style-name="P2"/></draw:line><draw:path draw:style-name="gr1" draw:text-style-name="P1" draw:layer="layout" svg:width="0cm" svg:height="0.755cm" svg:x="15.212cm" svg:y="10.446cm" svg:viewBox="0 0 0 756" svg:d="m0 0c0 252 0 504 0 756 0-252 0-504 0-756z"><text:p text:style-name="P2"/></draw:path><draw:path draw:style-name="gr1" draw:text-style-name="P1" draw:layer="layout" svg:width="0.83cm" svg:height="0cm" svg:x="14.305cm" svg:y="10.429cm" svg:viewBox="0 0 831 0" svg:d="m0 0c277 0 554 0 831 0-277 0-554 0-831 0z"><text:p text:style-name="P2"/></draw:path><draw:line draw:style-name="gr1" draw:text-style-name="P1" draw:layer="layout" svg:x1="14.304cm" svg:y1="10.45cm" svg:x2="14.304cm" svg:y2="11.735cm"><text:p text:style-name="P2"/></draw:line><draw:line draw:style-name="gr1" draw:text-style-name="P1" draw:layer="layout" svg:x1="14.607cm" svg:y1="11.13cm" svg:x2="15.212cm" svg:y2="11.13cm"><text:p text:style-name="P2"/></draw:line><draw:path draw:style-name="gr1" draw:text-style-name="P1" draw:layer="layout" svg:width="0cm" svg:height="4.232cm" svg:x="14.641cm" svg:y="11.14cm" svg:viewBox="0 0 0 4233" svg:d="m0 4233c0-1411 0-2822 0-4233 0 1411 0 2822 0 4233z"><text:p text:style-name="P2"/></draw:path><draw:line draw:style-name="gr1" draw:text-style-name="P1" draw:layer="layout" svg:x1="14.505cm" svg:y1="7.416cm" svg:x2="14.782cm" svg:y2="7.127cm"><text:p text:style-name="P2"/></draw:line><draw:line draw:style-name="gr1" draw:text-style-name="P1" draw:layer="layout" svg:x1="14.121cm" svg:y1="9.506cm" svg:x2="14.469cm" svg:y2="9.217cm"><text:p text:style-name="P2"/></draw:line><draw:line draw:style-name="gr1" draw:text-style-name="P1" draw:layer="layout" svg:x1="14.137cm" svg:y1="11.224cm" svg:x2="14.47cm" svg:y2="10.942cm"><text:p text:style-name="P2"/></draw:line><draw:line draw:style-name="gr1" draw:text-style-name="P1" draw:layer="layout" svg:x1="14.438cm" svg:y1="13.406cm" svg:x2="14.799cm" svg:y2="13.106cm"><text:p text:style-name="P2"/></draw:line><draw:line draw:style-name="gr1" draw:text-style-name="P1" draw:layer="layout" svg:x1="15.615cm" svg:y1="9.363cm" svg:x2="15.897cm" svg:y2="9.128cm"><text:p text:style-name="P2"/></draw:line><draw:line draw:style-name="gr1" draw:text-style-name="P1" draw:layer="layout" svg:x1="15.576cm" svg:y1="11.017cm" svg:x2="15.897cm" svg:y2="10.749cm"><text:p text:style-name="P2"/></draw:line><draw:frame draw:style-name="gr3" draw:text-style-name="P4" draw:layer="layout" svg:width="0.866cm" svg:height="0.581cm" svg:x="15.154cm" svg:y="8.658cm"><draw:text-box><text:p text:style-name="P2"><text:span text:style-name="T2">32</text:span></text:p></draw:text-box></draw:frame><draw:line draw:style-name="gr1" draw:text-style-name="P1" draw:layer="layout" svg:x1="16.874cm" svg:y1="10.136cm" svg:x2="17.819cm" svg:y2="10.136cm"><text:p text:style-name="P2"/></draw:line><draw:frame draw:style-name="gr3" draw:text-style-name="P4" draw:layer="layout" svg:width="0.807cm" svg:height="0.581cm" svg:x="16.91cm" svg:y="9.523cm"><draw:text-box><text:p text:style-name="P2"><text:span text:style-name="T2">cz</text:span></text:p></draw:text-box></draw:frame><draw:line draw:style-name="gr1" draw:text-style-name="P1" draw:layer="layout" svg:x1="10.11cm" svg:y1="20.143cm" svg:x2="11.32cm" svg:y2="20.143cm"><text:p text:style-name="P2"/></draw:line><draw:frame draw:style-name="gr3" draw:text-style-name="P4" draw:layer="layout" svg:width="0.684cm" svg:height="0.581cm" svg:x="9.575cm" svg:y="20.024cm"><draw:text-box><text:p text:style-name="P2"><text:span text:style-name="T2">1</text:span></text:p></draw:text-box></draw:frame><draw:rect draw:style-name="gr1" draw:text-style-name="P1" draw:id="id10" draw:layer="layout" svg:width="3.099cm" svg:height="5.405cm" svg:x="5.953cm" svg:y="23.291cm"><draw:glue-point draw:id="4" svg:x="-4.966cm" svg:y="-4.264cm"/><draw:glue-point draw:id="5" svg:x="-4.966cm" svg:y="-2.965cm"/><draw:glue-point draw:id="6" svg:x="-4.966cm" svg:y="-1.511cm"/><draw:glue-point draw:id="7" svg:x="-4.966cm" svg:y="1.241cm"/><draw:glue-point draw:id="8" svg:x="-4.833cm" svg:y="2.542cm"/><draw:glue-point draw:id="9" svg:x="-4.966cm" svg:y="3.842cm"/><text:p text:style-name="P2"/></draw:rect><draw:frame draw:style-name="gr5" draw:text-style-name="P5" draw:layer="layout" svg:width="1.543cm" svg:height="0.615cm" svg:x="5.823cm" svg:y="23.588cm"><draw:text-box><text:p text:style-name="P2"><text:span text:style-name="T2">data_in</text:span></text:p></draw:text-box></draw:frame><draw:connector draw:style-name="gr1" draw:text-style-name="P1" draw:layer="layout" draw:line-skew="6.187cm" svg:x1="9.052cm" svg:y1="25.993cm" svg:x2="23.238cm" svg:y2="11.29cm" draw:start-shape="id10" draw:start-glue-point="1" draw:end-shape="id9" draw:end-glue-point="9"><text:p text:style-name="P2"/></draw:connector><draw:line draw:style-name="gr1" draw:text-style-name="P1" draw:layer="layout" svg:x1="23.398cm" svg:y1="5.812cm" svg:x2="23.677cm" svg:y2="5.557cm"><text:p text:style-name="P2"/></draw:line><draw:frame draw:style-name="gr3" draw:text-style-name="P4" draw:layer="layout" svg:width="0.684cm" svg:height="0.581cm" svg:x="23.538cm" svg:y="5.48cm"><draw:text-box><text:p text:style-name="P2"><text:span text:style-name="T2">1</text:span></text:p></draw:text-box></draw:frame><draw:path draw:style-name="gr1" draw:text-style-name="P1" draw:layer="layout" svg:width="0.873cm" svg:height="1.692cm" svg:x="5.038cm" svg:y="22.325cm" svg:viewBox="0 0 874 1693" svg:d="m0 0c0 564 0 1129 0 1693 0-564 0-1129 0-1693zm0 1693c292 0 582 0 874 0-292 0-582 0-874 0z"><text:p text:style-name="P2"/></draw:path><draw:connector draw:style-name="gr1" draw:text-style-name="P1" draw:layer="layout" draw:type="line" svg:x1="4.718cm" svg:y1="24.39cm" svg:x2="5.959cm" svg:y2="24.391cm"><text:p text:style-name="P2"/></draw:connector><draw:connector draw:style-name="gr1" draw:text-style-name="P1" draw:layer="layout" draw:type="line" svg:x1="4.724cm" svg:y1="25.13cm" svg:x2="5.965cm" svg:y2="25.131cm"><text:p text:style-name="P2"/></draw:connector><draw:connector draw:style-name="gr1" draw:text-style-name="P1" draw:layer="layout" draw:type="line" svg:x1="4.671cm" svg:y1="25.785cm" svg:x2="5.933cm" svg:y2="25.796cm"><text:p text:style-name="P2"/></draw:connector><draw:connector draw:style-name="gr1" draw:text-style-name="P1" draw:layer="layout" draw:type="line" svg:x1="4.671cm" svg:y1="26.605cm" svg:x2="5.912cm" svg:y2="26.606cm"><text:p text:style-name="P2"/></draw:connector><draw:connector draw:style-name="gr1" draw:text-style-name="P1" draw:layer="layout" draw:type="line" svg:x1="4.674cm" svg:y1="28.043cm" svg:x2="5.915cm" svg:y2="28.044cm"><text:p text:style-name="P2"/></draw:connector><draw:path draw:style-name="gr1" draw:text-style-name="P1" draw:layer="layout" svg:width="2.934cm" svg:height="0.908cm" svg:x="1.735cm" svg:y="25.755cm" svg:viewBox="0 0 2935 909" svg:d="m2935 909c0-303 0-606 0-909 0 303 0 606 0 454-978 0-1957 0-2935 0"><text:p text:style-name="P2"/></draw:path><draw:custom-shape draw:style-name="gr2" draw:text-style-name="P1" draw:layer="layout" svg:width="0.622cm" svg:height="0.742cm" draw:transform="rotate (-1.49958689331443) translate (4.674cm 27.723cm)"><text:p text:style-name="P2"/><draw:enhanced-geometry svg:viewBox="0 0 21600 21600" draw:glue-points="10800 0 ?f1 10800 0 21600 10800 21600 21600 21600 ?f7 10800" draw:text-areas="?f1 10800 ?f2 18000 ?f3 7200 ?f4 21600" draw:type="isosceles-triangle" draw:modifiers="10800" draw:enhanced-path="M ?f0 0 L 21600 21600 0 21600 Z N"><draw:equation draw:name="f0" draw:formula="$0 "/><draw:equation draw:name="f1" draw:formula="$0 /2"/><draw:equation draw:name="f2" draw:formula="?f1 +10800"/><draw:equation draw:name="f3" draw:formula="$0 *2/3"/><draw:equation draw:name="f4" draw:formula="?f3 +7200"/><draw:equation draw:name="f5" draw:formula="21600-?f0 "/><draw:equation draw:name="f6" draw:formula="?f5 /2"/><draw:equation draw:name="f7" draw:formula="21600-?f6 "/><draw:handle draw:handle-position="$0 top" draw:handle-range-x-minimum="0" draw:handle-range-x-maximum="21600"/></draw:enhanced-geometry></draw:custom-shape><draw:line draw:style-name="gr1" draw:text-style-name="P1" draw:layer="layout" svg:x1="3.021cm" svg:y1="27.367cm" svg:x2="3.021cm" svg:y2="28.113cm"><text:p text:style-name="P2"/></draw:line><draw:line draw:style-name="gr1" draw:text-style-name="P1" draw:layer="layout" svg:x1="3.967cm" svg:y1="28.111cm" svg:x2="3.016cm" svg:y2="28.111cm"><text:p text:style-name="P2"/></draw:line><draw:line draw:style-name="gr1" draw:text-style-name="P1" draw:layer="layout" svg:x1="3.016cm" svg:y1="27.739cm" svg:x2="1.693cm" svg:y2="27.739cm"><text:p text:style-name="P2"/></draw:line><draw:frame draw:style-name="gr3" draw:text-style-name="P4" draw:layer="layout" svg:width="2.043cm" svg:height="0.581cm" svg:x="0.572cm" svg:y="27.187cm"><draw:text-box><text:p text:style-name="P2"><text:span text:style-name="T2">s_direction</text:span></text:p></draw:text-box></draw:frame><draw:frame draw:style-name="gr3" draw:text-style-name="P4" draw:layer="layout" svg:width="2.022cm" svg:height="0.581cm" svg:x="0.592cm" svg:y="25.626cm"><draw:text-box><text:p text:style-name="P2"><text:span text:style-name="T2">s_reg_dest</text:span></text:p></draw:text-box></draw:frame><draw:frame draw:style-name="gr3" draw:text-style-name="P4" draw:layer="layout" svg:width="1.222cm" svg:height="0.581cm" svg:x="3.401cm" svg:y="24.806cm"><draw:text-box><text:p text:style-name="P2"><text:span text:style-name="T2">reset</text:span></text:p></draw:text-box></draw:frame><draw:frame draw:style-name="gr3" draw:text-style-name="P4" draw:layer="layout" svg:width="1.793cm" svg:height="0.581cm" svg:x="6.575cm" svg:y="22.676cm"><draw:text-box><text:p text:style-name="P2"><text:span text:style-name="T2">scr_mem</text:span></text:p></draw:text-box></draw:frame><draw:frame draw:style-name="gr3" draw:text-style-name="P4" draw:layer="layout" svg:width="1.37cm" svg:height="0.581cm" svg:x="11.666cm" svg:y="18.109cm"><draw:text-box><text:p text:style-name="P2"><text:span text:style-name="T2">status</text:span></text:p></draw:text-box></draw:frame><draw:frame draw:style-name="gr3" draw:text-style-name="P4" draw:layer="layout" svg:width="1.51cm" svg:height="0.581cm" svg:x="11.789cm" svg:y="13.487cm"><draw:text-box><text:p text:style-name="P2"><text:span text:style-name="T2">haddrh</text:span></text:p></draw:text-box></draw:frame><draw:frame draw:style-name="gr3" draw:text-style-name="P4" draw:layer="layout" svg:width="1.336cm" svg:height="0.581cm" svg:x="11.578cm" svg:y="9.96cm"><draw:text-box><text:p text:style-name="P2"><text:span text:style-name="T2">haddr</text:span></text:p></draw:text-box></draw:frame><draw:frame draw:style-name="gr3" draw:text-style-name="P4" draw:layer="layout" svg:width="1.488cm" svg:height="0.581cm" svg:x="11.581cm" svg:y="6.466cm"><draw:text-box><text:p text:style-name="P2"><text:span text:style-name="T2">caddrh</text:span></text:p></draw:text-box></draw:frame><draw:frame draw:style-name="gr3" draw:text-style-name="P4" draw:layer="layout" svg:width="1.315cm" svg:height="0.581cm" svg:x="11.535cm" svg:y="2.638cm"><draw:text-box><text:p text:style-name="P2"><text:span text:style-name="T2">caddr</text:span></text:p></draw:text-box></draw:frame><draw:frame draw:style-name="gr3" draw:text-style-name="P6" draw:layer="layout" svg:width="1.379cm" svg:height="0.831cm" svg:x="8.863cm" svg:y="4.694cm"><draw:text-box><text:p text:style-name="P2"><text:span text:style-name="T2">reset</text:span><text:span text:style-name="T3"> </text:span></text:p></draw:text-box></draw:frame><draw:frame draw:style-name="gr3" draw:text-style-name="P4" draw:layer="layout" svg:width="1.099cm" svg:height="0.581cm" svg:x="2.076cm" svg:y="12.311cm"><draw:text-box><text:p text:style-name="P2"><text:span text:style-name="T2">DEC</text:span></text:p></draw:text-box></draw:frame><draw:line draw:style-name="gr1" draw:text-style-name="P1" draw:layer="layout" svg:x1="0.995cm" svg:y1="13.063cm" svg:x2="1.987cm" svg:y2="13.063cm"><text:p text:style-name="P2"/></draw:line><draw:line draw:style-name="gr1" draw:text-style-name="P1" draw:layer="layout" svg:x1="23.893cm" svg:y1="10.293cm" svg:x2="24.885cm" svg:y2="10.293cm"><text:p text:style-name="P2"/></draw:line><draw:line draw:style-name="gr1" draw:text-style-name="P1" draw:layer="layout" svg:x1="5.023cm" svg:y1="3.72cm" svg:x2="11.326cm" svg:y2="3.72cm"><text:p text:style-name="P2"/></draw:line><draw:line draw:style-name="gr1" draw:text-style-name="P1" draw:layer="layout" svg:x1="4.587cm" svg:y1="4.381cm" svg:x2="7.481cm" svg:y2="4.381cm"><text:p text:style-name="P2"/></draw:line><draw:connector draw:style-name="gr1" draw:text-style-name="P1" draw:layer="layout" svg:x1="8.526cm" svg:y1="8.468cm" svg:x2="11.314cm" svg:y2="8.534cm" draw:start-shape="id11" draw:start-glue-point="7"><text:p text:style-name="P2"/></draw:connector><draw:connector draw:style-name="gr1" draw:text-style-name="P1" draw:layer="layout" svg:x1="8.484cm" svg:y1="11.95cm" svg:x2="11.314cm" svg:y2="11.919cm" draw:start-shape="id12" draw:start-glue-point="7"><text:p text:style-name="P2"/></draw:connector><draw:connector draw:style-name="gr1" draw:text-style-name="P1" draw:layer="layout" svg:x1="8.484cm" svg:y1="15.395cm" svg:x2="11.314cm" svg:y2="15.364cm"><text:p text:style-name="P2"/></draw:connector><draw:connector draw:style-name="gr1" draw:text-style-name="P1" draw:layer="layout" svg:x1="3.222cm" svg:y1="12.794cm" svg:x2="7.239cm" svg:y2="15.665cm" draw:start-shape="id13" draw:start-glue-point="1"><text:p text:style-name="P2"/></draw:connector><draw:frame draw:style-name="gr3" draw:text-style-name="P4" draw:layer="layout" svg:width="1.222cm" svg:height="0.581cm" svg:x="5.85cm" svg:y="24.822cm"><draw:text-box><text:p text:style-name="P2"><text:span text:style-name="T2">reset</text:span></text:p></draw:text-box></draw:frame><draw:frame draw:style-name="gr3" draw:text-style-name="P4" draw:layer="layout" svg:width="1.205cm" svg:height="0.581cm" svg:x="5.851cm" svg:y="24.083cm"><draw:text-box><text:p text:style-name="P2"><text:span text:style-name="T2">clear</text:span></text:p></draw:text-box></draw:frame><draw:line draw:style-name="gr1" draw:text-style-name="P1" draw:layer="layout" svg:x1="10.07cm" svg:y1="5.15cm" svg:x2="11.28cm" svg:y2="5.15cm"><text:p text:style-name="P2"/></draw:line><draw:frame draw:style-name="gr3" draw:text-style-name="P4" draw:layer="layout" svg:width="0.853cm" svg:height="0.581cm" svg:x="11.204cm" svg:y="4.301cm"><draw:text-box><text:p text:style-name="P2"><text:span text:style-name="T2">en</text:span></text:p></draw:text-box></draw:frame><draw:frame draw:style-name="gr3" draw:text-style-name="P4" draw:layer="layout" svg:width="1.222cm" svg:height="0.581cm" svg:x="11.205cm" svg:y="4.801cm"><draw:text-box><text:p text:style-name="P2"><text:span text:style-name="T2">reset</text:span></text:p></draw:text-box></draw:frame><draw:frame draw:style-name="gr3" draw:text-style-name="P4" draw:layer="layout" svg:width="0.883cm" svg:height="0.581cm" svg:x="11.205cm" svg:y="5.268cm"><draw:text-box><text:p text:style-name="P2"><text:span text:style-name="T2">dir</text:span></text:p></draw:text-box></draw:frame><draw:frame draw:style-name="gr3" draw:text-style-name="P4" draw:layer="layout" svg:width="0.883cm" svg:height="0.581cm" svg:x="9.105cm" svg:y="5.285cm"><draw:text-box><text:p text:style-name="P2"><text:span text:style-name="T2">dir</text:span></text:p></draw:text-box></draw:frame><draw:frame draw:style-name="gr3" draw:text-style-name="P4" draw:layer="layout" svg:width="0.866cm" svg:height="0.581cm" svg:x="14.656cm" svg:y="7.024cm"><draw:text-box><text:p text:style-name="P2"><text:span text:style-name="T2">16</text:span></text:p></draw:text-box></draw:frame><draw:frame draw:style-name="gr3" draw:text-style-name="P4" draw:layer="layout" svg:width="0.866cm" svg:height="0.581cm" svg:x="13.56cm" svg:y="8.865cm"><draw:text-box><text:p text:style-name="P2"><text:span text:style-name="T2">16</text:span></text:p></draw:text-box></draw:frame><draw:frame draw:style-name="gr3" draw:text-style-name="P4" draw:layer="layout" svg:width="1.577cm" svg:height="0.581cm" svg:x="12.296cm" svg:y="4.468cm"><draw:text-box><text:p text:style-name="P2"><text:span text:style-name="T2">reg_out</text:span></text:p></draw:text-box></draw:frame><draw:frame draw:style-name="gr3" draw:text-style-name="P4" draw:layer="layout" svg:width="1.374cm" svg:height="0.581cm" svg:x="11.205cm" svg:y="7.345cm"><draw:text-box><text:p text:style-name="P2"><text:span text:style-name="T2">reg_in</text:span></text:p></draw:text-box></draw:frame><draw:frame draw:style-name="gr3" draw:text-style-name="P4" draw:layer="layout" svg:width="0.853cm" svg:height="0.581cm" svg:x="11.205cm" svg:y="8.166cm"><draw:text-box><text:p text:style-name="P2"><text:span text:style-name="T2">en</text:span></text:p></draw:text-box></draw:frame><draw:frame draw:style-name="gr3" draw:text-style-name="P4" draw:layer="layout" svg:width="1.222cm" svg:height="0.581cm" svg:x="11.206cm" svg:y="8.666cm"><draw:text-box><text:p text:style-name="P2"><text:span text:style-name="T2">reset</text:span></text:p></draw:text-box></draw:frame><draw:frame draw:style-name="gr3" draw:text-style-name="P4" draw:layer="layout" svg:width="0.883cm" svg:height="0.581cm" svg:x="11.206cm" svg:y="9.133cm"><draw:text-box><text:p text:style-name="P2"><text:span text:style-name="T2">dir</text:span></text:p></draw:text-box></draw:frame><draw:frame draw:style-name="gr3" draw:text-style-name="P4" draw:layer="layout" svg:width="1.577cm" svg:height="0.581cm" svg:x="12.171cm" svg:y="8.06cm"><draw:text-box><text:p text:style-name="P2"><text:span text:style-name="T2">reg_out</text:span></text:p></draw:text-box></draw:frame><draw:frame draw:style-name="gr3" draw:text-style-name="P6" draw:layer="layout" svg:width="1.379cm" svg:height="0.831cm" svg:x="8.864cm" svg:y="8.517cm"><draw:text-box><text:p text:style-name="P2"><text:span text:style-name="T2">reset</text:span><text:span text:style-name="T3"> </text:span></text:p></draw:text-box></draw:frame><draw:line draw:style-name="gr1" draw:text-style-name="P1" draw:layer="layout" svg:x1="10.071cm" svg:y1="8.973cm" svg:x2="11.281cm" svg:y2="8.973cm"><text:p text:style-name="P2"/></draw:line><draw:frame draw:style-name="gr3" draw:text-style-name="P4" draw:layer="layout" svg:width="0.883cm" svg:height="0.581cm" svg:x="9.106cm" svg:y="9.066cm"><draw:text-box><text:p text:style-name="P2"><text:span text:style-name="T2">dir</text:span></text:p></draw:text-box></draw:frame><draw:frame draw:style-name="gr3" draw:text-style-name="P4" draw:id="id3" draw:layer="layout" svg:width="1.374cm" svg:height="0.581cm" svg:x="11.206cm" svg:y="10.664cm"><draw:text-box><text:p text:style-name="P2"><text:span text:style-name="T2">reg_in</text:span></text:p></draw:text-box></draw:frame><draw:frame draw:style-name="gr3" draw:text-style-name="P4" draw:layer="layout" svg:width="1.222cm" svg:height="0.581cm" svg:x="11.207cm" svg:y="11.985cm"><draw:text-box><text:p text:style-name="P2"><text:span text:style-name="T2">reset</text:span></text:p></draw:text-box></draw:frame><draw:frame draw:style-name="gr3" draw:text-style-name="P4" draw:layer="layout" svg:width="1.577cm" svg:height="0.581cm" svg:x="12.172cm" svg:y="11.379cm"><draw:text-box><text:p text:style-name="P2"><text:span text:style-name="T2">reg_out</text:span></text:p></draw:text-box></draw:frame><draw:frame draw:style-name="gr3" draw:text-style-name="P4" draw:layer="layout" svg:width="0.853cm" svg:height="0.581cm" svg:x="11.206cm" svg:y="11.617cm"><draw:text-box><text:p text:style-name="P2"><text:span text:style-name="T2">en</text:span></text:p></draw:text-box></draw:frame><draw:frame draw:style-name="gr3" draw:text-style-name="P6" draw:layer="layout" svg:width="1.379cm" svg:height="0.831cm" svg:x="8.865cm" svg:y="11.835cm"><draw:text-box><text:p text:style-name="P2"><text:span text:style-name="T2">reset</text:span><text:span text:style-name="T3"> </text:span></text:p></draw:text-box></draw:frame><draw:line draw:style-name="gr1" draw:text-style-name="P1" draw:layer="layout" svg:x1="10.072cm" svg:y1="12.291cm" svg:x2="11.282cm" svg:y2="12.291cm"><text:p text:style-name="P2"/></draw:line><draw:frame draw:style-name="gr3" draw:text-style-name="P4" draw:layer="layout" svg:width="0.866cm" svg:height="0.581cm" svg:x="13.56cm" svg:y="10.693cm"><draw:text-box><text:p text:style-name="P2"><text:span text:style-name="T2">16</text:span></text:p></draw:text-box></draw:frame><draw:frame draw:style-name="gr3" draw:text-style-name="P4" draw:layer="layout" svg:width="0.866cm" svg:height="0.581cm" svg:x="15.406cm" svg:y="10.885cm"><draw:text-box><text:p text:style-name="P2"><text:span text:style-name="T2">32</text:span></text:p></draw:text-box></draw:frame><draw:frame draw:style-name="gr3" draw:text-style-name="P4" draw:layer="layout" svg:width="1.374cm" svg:height="0.581cm" svg:x="11.207cm" svg:y="14.34cm"><draw:text-box><text:p text:style-name="P2"><text:span text:style-name="T2">reg_in</text:span></text:p></draw:text-box></draw:frame><draw:frame draw:style-name="gr3" draw:text-style-name="P4" draw:layer="layout" svg:width="1.222cm" svg:height="0.581cm" svg:x="11.208cm" svg:y="15.661cm"><draw:text-box><text:p text:style-name="P2"><text:span text:style-name="T2">reset</text:span></text:p></draw:text-box></draw:frame><draw:frame draw:style-name="gr3" draw:text-style-name="P4" draw:layer="layout" svg:width="1.577cm" svg:height="0.581cm" svg:x="12.173cm" svg:y="15.055cm"><draw:text-box><text:p text:style-name="P2"><text:span text:style-name="T2">reg_out</text:span></text:p></draw:text-box></draw:frame><draw:frame draw:style-name="gr3" draw:text-style-name="P4" draw:layer="layout" svg:width="0.853cm" svg:height="0.581cm" svg:x="11.207cm" svg:y="15.293cm"><draw:text-box><text:p text:style-name="P2"><text:span text:style-name="T2">en</text:span></text:p></draw:text-box></draw:frame><draw:frame draw:style-name="gr3" draw:text-style-name="P6" draw:layer="layout" svg:width="1.379cm" svg:height="0.831cm" svg:x="8.866cm" svg:y="15.531cm"><draw:text-box><text:p text:style-name="P2"><text:span text:style-name="T2">reset</text:span><text:span text:style-name="T3"> </text:span></text:p></draw:text-box></draw:frame><draw:line draw:style-name="gr1" draw:text-style-name="P1" draw:layer="layout" svg:x1="10.073cm" svg:y1="15.987cm" svg:x2="11.283cm" svg:y2="15.987cm"><text:p text:style-name="P2"/></draw:line><draw:frame draw:style-name="gr3" draw:text-style-name="P4" draw:layer="layout" svg:width="0.866cm" svg:height="0.581cm" svg:x="14.484cm" svg:y="13.188cm"><draw:text-box><text:p text:style-name="P2"><text:span text:style-name="T2">16</text:span></text:p></draw:text-box></draw:frame><draw:frame draw:style-name="gr3" draw:text-style-name="P4" draw:layer="layout" svg:width="1.374cm" svg:height="0.581cm" svg:x="11.166cm" svg:y="18.767cm"><draw:text-box><text:p text:style-name="P2"><text:span text:style-name="T2">reg_in</text:span></text:p></draw:text-box></draw:frame><draw:frame draw:style-name="gr3" draw:text-style-name="P4" draw:layer="layout" svg:width="1.577cm" svg:height="0.581cm" svg:x="12.132cm" svg:y="19.482cm"><draw:text-box><text:p text:style-name="P2"><text:span text:style-name="T2">reg_out</text:span></text:p></draw:text-box></draw:frame><draw:frame draw:style-name="gr3" draw:text-style-name="P4" draw:layer="layout" svg:width="0.853cm" svg:height="0.581cm" svg:x="11.166cm" svg:y="19.804cm"><draw:text-box><text:p text:style-name="P2"><text:span text:style-name="T2">en</text:span></text:p></draw:text-box></draw:frame><draw:frame draw:style-name="gr3" draw:text-style-name="P4" draw:layer="layout" svg:width="1.222cm" svg:height="0.581cm" svg:x="11.208cm" svg:y="20.324cm"><draw:text-box><text:p text:style-name="P2"><text:span text:style-name="T2">reset</text:span></text:p></draw:text-box></draw:frame><draw:frame draw:style-name="gr3" draw:text-style-name="P6" draw:layer="layout" svg:width="1.379cm" svg:height="0.831cm" svg:x="8.867cm" svg:y="20.193cm"><draw:text-box><text:p text:style-name="P2"><text:span text:style-name="T2">reset</text:span><text:span text:style-name="T3"> </text:span></text:p></draw:text-box></draw:frame><draw:line draw:style-name="gr1" draw:text-style-name="P1" draw:layer="layout" svg:x1="10.116cm" svg:y1="20.628cm" svg:x2="11.326cm" svg:y2="20.628cm"><text:p text:style-name="P2"/></draw:line><draw:frame draw:style-name="gr3" draw:text-style-name="P4" draw:layer="layout" svg:width="1.747cm" svg:height="0.581cm" svg:x="7.278cm" svg:y="25.621cm"><draw:text-box><text:p text:style-name="P2"><text:span text:style-name="T2">data_out</text:span></text:p></draw:text-box></draw:frame><draw:line draw:style-name="gr1" draw:text-style-name="P1" draw:layer="layout" svg:x1="3.017cm" svg:y1="27.388cm" svg:x2="5.869cm" svg:y2="27.388cm"><text:p text:style-name="P2"/></draw:line><draw:frame draw:style-name="gr6" draw:text-style-name="P5" draw:layer="layout" svg:width="2.088cm" svg:height="0.581cm" svg:x="0.139cm" svg:y="12.438cm"><draw:text-box><text:p text:style-name="P2"><text:span text:style-name="T2">s_reg_dest</text:span></text:p></draw:text-box></draw:frame><draw:frame draw:style-name="gr3" draw:text-style-name="P4" draw:layer="layout" svg:width="2.449cm" svg:height="0.581cm" svg:x="24.164cm" svg:y="9.72cm"><draw:text-box><text:p text:style-name="P2"><text:span text:style-name="T2">s_regsrc_mux</text:span></text:p></draw:text-box></draw:frame><draw:frame draw:style-name="gr3" draw:text-style-name="P4" draw:layer="layout" svg:width="1.205cm" svg:height="0.581cm" svg:x="3.395cm" svg:y="24.084cm"><draw:text-box><text:p text:style-name="P2"><text:span text:style-name="T2">clear</text:span></text:p></draw:text-box></draw:frame><draw:frame draw:style-name="gr7" draw:layer="layout" svg:width="0.712cm" svg:height="1.422cm" svg:x="7.706cm" svg:y="15.329cm"><draw:text-box><text:p text:style-name="P2"><text:author-name text:fixed="false"> </text:author-name></text:p></draw:text-box></draw:frame><draw:frame draw:style-name="gr3" draw:text-style-name="P4" draw:layer="layout" svg:width="1.598cm" svg:height="0.581cm" svg:x="5.85cm" svg:y="25.427cm"><draw:text-box><text:p text:style-name="P2"><text:span text:style-name="T2">rd_addr</text:span></text:p></draw:text-box></draw:frame><draw:frame draw:style-name="gr3" draw:text-style-name="P4" draw:layer="layout" svg:width="1.653cm" svg:height="0.581cm" svg:x="5.85cm" svg:y="26.247cm"><draw:text-box><text:p text:style-name="P2"><text:span text:style-name="T2">wr_addr</text:span></text:p></draw:text-box></draw:frame><draw:frame draw:style-name="gr3" draw:text-style-name="P4" draw:layer="layout" svg:width="1.294cm" svg:height="0.581cm" svg:x="5.851cm" svg:y="27.02cm"><draw:text-box><text:p text:style-name="P2"><text:span text:style-name="T2">rd_en</text:span></text:p></draw:text-box></draw:frame><draw:frame draw:style-name="gr3" draw:text-style-name="P4" draw:layer="layout" svg:width="1.349cm" svg:height="0.581cm" svg:x="5.852cm" svg:y="27.693cm"><draw:text-box><text:p text:style-name="P2"><text:span text:style-name="T2">wr_en</text:span></text:p></draw:text-box></draw:frame></draw:page></office:drawing></office:body></office:document-content>