<?xml version="1.0" encoding="UTF-8"?>
<office:document-styles xmlns:office="urn:oasis:names:tc:opendocument:xmlns:office:1.0" xmlns:style="urn:oasis:names:tc:opendocument:xmlns:style:1.0" xmlns:text="urn:oasis:names:tc:opendocument:xmlns:text:1.0" xmlns:table="urn:oasis:names:tc:opendocument:xmlns:table:1.0" xmlns:draw="urn:oasis:names:tc:opendocument:xmlns:drawing:1.0" xmlns:fo="urn:oasis:names:tc:opendocument:xmlns:xsl-fo-compatible:1.0" xmlns:xlink="http://www.w3.org/1999/xlink" xmlns:dc="http://purl.org/dc/elements/1.1/" xmlns:meta="urn:oasis:names:tc:opendocument:xmlns:meta:1.0" xmlns:number="urn:oasis:names:tc:opendocument:xmlns:datastyle:1.0" xmlns:presentation="urn:oasis:names:tc:opendocument:xmlns:presentation:1.0" xmlns:svg="urn:oasis:names:tc:opendocument:xmlns:svg-compatible:1.0" xmlns:chart="urn:oasis:names:tc:opendocument:xmlns:chart:1.0" xmlns:dr3d="urn:oasis:names:tc:opendocument:xmlns:dr3d:1.0" xmlns:math="http://www.w3.org/1998/Math/MathML" xmlns:form="urn:oasis:names:tc:opendocument:xmlns:form:1.0" xmlns:script="urn:oasis:names:tc:opendocument:xmlns:script:1.0" xmlns:ooo="http://openoffice.org/2004/office" xmlns:ooow="http://openoffice.org/2004/writer" xmlns:oooc="http://openoffice.org/2004/calc" xmlns:dom="http://www.w3.org/2001/xml-events" xmlns:smil="urn:oasis:names:tc:opendocument:xmlns:smil-compatible:1.0" xmlns:anim="urn:oasis:names:tc:opendocument:xmlns:animation:1.0" office:version="1.0"><office:styles><draw:gradient draw:name="Gradient_20_7" draw:display-name="Gradient 7" draw:style="linear" draw:start-color="#000000" draw:end-color="#ffffff" draw:start-intensity="100%" draw:end-intensity="100%" draw:angle="0" draw:border="0%"/><draw:hatch draw:name="Hatch_20_1" draw:display-name="Hatch 1" draw:style="single" draw:color="#000000" draw:distance="0.02cm" draw:rotation="0"/><draw:fill-image draw:name="Bitmape_20_1" draw:display-name="Bitmape 1" xlink:href="Pictures/10000000000000200000002000309F1C.png" xlink:type="simple" xlink:show="embed" xlink:actuate="onLoad"/><draw:marker draw:name="Arrow" svg:viewBox="0 0 20 30" svg:d="m10 0-10 30h20z"/><draw:stroke-dash draw:name="Dash_20_2" draw:display-name="Dash 2" draw:style="rect" draw:dots1="1" draw:dots1-length="0.02cm" draw:dots2="1" draw:dots2-length="0.02cm" draw:distance="0.02cm"/><style:default-style style:family="graphic"><style:paragraph-properties style:text-autospace="ideograph-alpha" style:punctuation-wrap="simple" style:line-break="strict" style:writing-mode="lr-tb" style:font-independent-line-spacing="false"><style:tab-stops/></style:paragraph-properties><style:text-properties style:use-window-font-color="true" fo:font-family="&apos;Nimbus Roman No9 L&apos;" style:font-family-generic="roman" style:font-pitch="variable" fo:font-size="24pt" fo:language="en" fo:country="US" style:font-family-asian="&apos;Nimbus Sans L&apos;" style:font-family-generic-asian="system" style:font-pitch-asian="variable" style:font-size-asian="24pt" style:language-asian="zxx" style:country-asian="none" style:font-family-complex="&apos;Nimbus Sans L&apos;" style:font-family-generic-complex="system" style:font-pitch-complex="variable" style:font-size-complex="24pt" style:language-complex="zxx" style:country-complex="none"/></style:default-style><style:style style:name="standard" style:family="graphic"><style:graphic-properties draw:stroke="solid" draw:stroke-dash="Dash_20_2" svg:stroke-width="0cm" svg:stroke-color="#000000" draw:marker-start-width="0.3cm" draw:marker-start-center="false" draw:marker-end-width="0.3cm" draw:marker-end-center="false" draw:fill="solid" draw:fill-color="#99ccff" draw:fill-gradient-name="Gradient_20_7" draw:fill-hatch-name="Hatch_20_1" draw:fill-image-name="Bitmape_20_1" draw:opacity="15%" fo:padding-top="0.125cm" fo:padding-bottom="0.125cm" fo:padding-left="0.25cm" fo:padding-right="0.25cm" draw:shadow="hidden" draw:shadow-offset-x="0.3cm" draw:shadow-offset-y="0.3cm" draw:shadow-color="#808080" draw:shadow-opacity="15%"><text:list-style style:name="standard"><text:list-level-style-bullet text:level="1" text:bullet-char="●"><style:text-properties fo:font-family="StarSymbol" style:use-window-font-color="true" fo:font-size="45%"/></text:list-level-style-bullet><text:list-level-style-bullet text:level="2" text:bullet-char="●"><style:list-level-properties text:space-before="0.6cm" text:min-label-width="0.6cm"/><style:text-properties fo:font-family="StarSymbol" style:use-window-font-color="true" fo:font-size="45%"/></text:list-level-style-bullet><text:list-level-style-bullet text:level="3" text:bullet-char="●"><style:list-level-properties text:space-before="1.2cm" text:min-label-width="0.6cm"/><style:text-properties fo:font-family="StarSymbol" style:use-window-font-color="true" fo:font-size="45%"/></text:list-level-style-bullet><text:list-level-style-bullet text:level="4" text:bullet-char="●"><style:list-level-properties text:space-before="1.8cm" text:min-label-width="0.6cm"/><style:text-properties fo:font-family="StarSymbol" style:use-window-font-color="true" fo:font-size="45%"/></text:list-level-style-bullet><text:list-level-style-bullet text:level="5" text:bullet-char="●"><style:list-level-properties text:space-before="2.4cm" text:min-label-width="0.6cm"/><style:text-properties fo:font-family="StarSymbol" style:use-window-font-color="true" fo:font-size="45%"/></text:list-level-style-bullet><text:list-level-style-bullet text:level="6" text:bullet-char="●"><style:list-level-properties text:space-before="3cm" text:min-label-width="0.6cm"/><style:text-properties fo:font-family="StarSymbol" style:use-window-font-color="true" fo:font-size="45%"/></text:list-level-style-bullet><text:list-level-style-bullet text:level="7" text:bullet-char="●"><style:list-level-properties text:space-before="3.6cm" text:min-label-width="0.6cm"/><style:text-properties fo:font-family="StarSymbol" style:use-window-font-color="true" fo:font-size="45%"/></text:list-level-style-bullet><text:list-level-style-bullet text:level="8" text:bullet-char="●"><style:list-level-properties text:space-before="4.2cm" text:min-label-width="0.6cm"/><style:text-properties fo:font-family="StarSymbol" style:use-window-font-color="true" fo:font-size="45%"/></text:list-level-style-bullet><text:list-level-style-bullet text:level="9" text:bullet-char="●"><style:list-level-properties text:space-before="4.8cm" text:min-label-width="0.6cm"/><style:text-properties fo:font-family="StarSymbol" style:use-window-font-color="true" fo:font-size="45%"/></text:list-level-style-bullet><text:list-level-style-bullet text:level="10" text:bullet-char="●"><style:list-level-properties text:space-before="5.4cm" text:min-label-width="0.6cm"/><style:text-properties fo:font-family="StarSymbol" style:use-window-font-color="true" fo:font-size="45%"/></text:list-level-style-bullet></text:list-style></style:graphic-properties><style:paragraph-properties fo:margin-left="0cm" fo:margin-right="0cm" fo:margin-top="0cm" fo:margin-bottom="0cm" fo:line-height="100%" text:enable-numbering="false" fo:text-indent="0cm"/><style:text-properties style:use-window-font-color="true" style:text-outline="false" style:text-line-through-style="none" fo:font-family="&apos;Nimbus Sans L&apos;" style:font-family-generic="roman" style:font-pitch="variable" fo:font-size="18pt" fo:font-style="normal" fo:text-shadow="none" style:text-underline-style="none" fo:font-weight="normal" style:letter-kerning="true" style:font-family-asian="&apos;Nimbus Sans L&apos;" style:font-family-generic-asian="system" style:font-pitch-asian="variable" style:font-size-asian="18pt" style:font-style-asian="normal" style:font-weight-asian="normal" style:font-family-complex="&apos;Nimbus Sans L&apos;" style:font-family-generic-complex="system" style:font-pitch-complex="variable" style:font-size-complex="18pt" style:font-style-complex="normal" style:font-weight-complex="normal" style:text-emphasize="none" style:font-relief="none"/></style:style><style:style style:name="objectwitharrow" style:family="graphic" style:parent-style-name="standard"><style:graphic-properties draw:stroke="solid" svg:stroke-width="0.15cm" svg:stroke-color="#000000" draw:marker-start="Arrow" draw:marker-start-width="0.7cm" draw:marker-start-center="true" draw:marker-end-width="0.3cm"/></style:style><style:style style:name="objectwithshadow" style:family="graphic" style:parent-style-name="standard"><style:graphic-properties draw:shadow="visible" draw:shadow-offset-x="0.3cm" draw:shadow-offset-y="0.3cm" draw:shadow-color="#808080"/></style:style><style:style style:name="objectwithoutfill" style:family="graphic" style:parent-style-name="standard"><style:graphic-properties draw:fill="none"/></style:style><style:style style:name="text" style:family="graphic" style:parent-style-name="standard"><style:graphic-properties draw:stroke="none" draw:fill="none"/></style:style><style:style style:name="textbody" style:family="graphic" style:parent-style-name="standard"><style:graphic-properties draw:stroke="none" draw:fill="none"/><style:text-properties fo:font-size="16pt"/></style:style><style:style style:name="textbodyjustfied" style:family="graphic" style:parent-style-name="standard"><style:graphic-properties draw:stroke="none" draw:fill="none"/><style:paragraph-properties fo:text-align="justify"/></style:style><style:style style:name="textbodyindent" style:family="graphic" style:parent-style-name="standard"><style:graphic-properties draw:stroke="none" draw:fill="none"><text:list-style style:name="textbodyindent"><text:list-level-style-bullet text:level="1" text:bullet-char="●"><style:list-level-properties text:space-before="0.6cm"/><style:text-properties fo:font-family="StarSymbol" style:use-window-font-color="true" fo:font-size="45%"/></text:list-level-style-bullet><text:list-level-style-bullet text:level="2" text:bullet-char="●"><style:list-level-properties text:space-before="0.6cm" text:min-label-width="0.6cm"/><style:text-properties fo:font-family="StarSymbol" style:use-window-font-color="true" fo:font-size="45%"/></text:list-level-style-bullet><text:list-level-style-bullet text:level="3" text:bullet-char="●"><style:list-level-properties text:space-before="1.2cm" text:min-label-width="0.6cm"/><style:text-properties fo:font-family="StarSymbol" style:use-window-font-color="true" fo:font-size="45%"/></text:list-level-style-bullet><text:list-level-style-bullet text:level="4" text:bullet-char="●"><style:list-level-properties text:space-before="1.8cm" text:min-label-width="0.6cm"/><style:text-properties fo:font-family="StarSymbol" style:use-window-font-color="true" fo:font-size="45%"/></text:list-level-style-bullet><text:list-level-style-bullet text:level="5" text:bullet-char="●"><style:list-level-properties text:space-before="2.4cm" text:min-label-width="0.6cm"/><style:text-properties fo:font-family="StarSymbol" style:use-window-font-color="true" fo:font-size="45%"/></text:list-level-style-bullet><text:list-level-style-bullet text:level="6" text:bullet-char="●"><style:list-level-properties text:space-before="3cm" text:min-label-width="0.6cm"/><style:text-properties fo:font-family="StarSymbol" style:use-window-font-color="true" fo:font-size="45%"/></text:list-level-style-bullet><text:list-level-style-bullet text:level="7" text:bullet-char="●"><style:list-level-properties text:space-before="3.6cm" text:min-label-width="0.6cm"/><style:text-properties fo:font-family="StarSymbol" style:use-window-font-color="true" fo:font-size="45%"/></text:list-level-style-bullet><text:list-level-style-bullet text:level="8" text:bullet-char="●"><style:list-level-properties text:space-before="4.2cm" text:min-label-width="0.6cm"/><style:text-properties fo:font-family="StarSymbol" style:use-window-font-color="true" fo:font-size="45%"/></text:list-level-style-bullet><text:list-level-style-bullet text:level="9" text:bullet-char="●"><style:list-level-properties text:space-before="4.8cm" text:min-label-width="0.6cm"/><style:text-properties fo:font-family="StarSymbol" style:use-window-font-color="true" fo:font-size="45%"/></text:list-level-style-bullet><text:list-level-style-bullet text:level="10" text:bullet-char="●"><style:list-level-properties text:space-before="5.4cm" text:min-label-width="0.6cm"/><style:text-properties fo:font-family="StarSymbol" style:use-window-font-color="true" fo:font-size="45%"/></text:list-level-style-bullet></text:list-style></style:graphic-properties><style:paragraph-properties fo:margin-left="0cm" fo:margin-right="0cm" fo:text-indent="0.6cm"/></style:style><style:style style:name="title" style:family="graphic" style:parent-style-name="standard"><style:graphic-properties draw:stroke="none" draw:fill="none"/><style:text-properties fo:font-size="44pt"/></style:style><style:style style:name="title1" style:family="graphic" style:parent-style-name="standard"><style:graphic-properties draw:stroke="none" draw:fill="solid" draw:fill-color="#008080" draw:shadow="visible" draw:shadow-offset-x="0.2cm" draw:shadow-offset-y="0.2cm" draw:shadow-color="#808080"/><style:paragraph-properties fo:text-align="center"/><style:text-properties fo:font-size="24pt"/></style:style><style:style style:name="title2" style:family="graphic" style:parent-style-name="standard"><style:graphic-properties svg:stroke-width="0.05cm" draw:fill-color="#ffcc99" draw:shadow="visible" draw:shadow-offset-x="0.2cm" draw:shadow-offset-y="0.2cm" draw:shadow-color="#808080"><text:list-style style:name="title2"><text:list-level-style-bullet text:level="1" text:bullet-char="●"><style:list-level-properties text:space-before="0.2cm"/><style:text-properties fo:font-family="StarSymbol" style:use-window-font-color="true" fo:font-size="45%"/></text:list-level-style-bullet><text:list-level-style-bullet text:level="2" text:bullet-char="●"><style:list-level-properties text:space-before="0.6cm" text:min-label-width="0.6cm"/><style:text-properties fo:font-family="StarSymbol" style:use-window-font-color="true" fo:font-size="45%"/></text:list-level-style-bullet><text:list-level-style-bullet text:level="3" text:bullet-char="●"><style:list-level-properties text:space-before="1.2cm" text:min-label-width="0.6cm"/><style:text-properties fo:font-family="StarSymbol" style:use-window-font-color="true" fo:font-size="45%"/></text:list-level-style-bullet><text:list-level-style-bullet text:level="4" text:bullet-char="●"><style:list-level-properties text:space-before="1.8cm" text:min-label-width="0.6cm"/><style:text-properties fo:font-family="StarSymbol" style:use-window-font-color="true" fo:font-size="45%"/></text:list-level-style-bullet><text:list-level-style-bullet text:level="5" text:bullet-char="●"><style:list-level-properties text:space-before="2.4cm" text:min-label-width="0.6cm"/><style:text-properties fo:font-family="StarSymbol" style:use-window-font-color="true" fo:font-size="45%"/></text:list-level-style-bullet><text:list-level-style-bullet text:level="6" text:bullet-char="●"><style:list-level-properties text:space-before="3cm" text:min-label-width="0.6cm"/><style:text-properties fo:font-family="StarSymbol" style:use-window-font-color="true" fo:font-size="45%"/></text:list-level-style-bullet><text:list-level-style-bullet text:level="7" text:bullet-char="●"><style:list-level-properties text:space-before="3.6cm" text:min-label-width="0.6cm"/><style:text-properties fo:font-family="StarSymbol" style:use-window-font-color="true" fo:font-size="45%"/></text:list-level-style-bullet><text:list-level-style-bullet text:level="8" text:bullet-char="●"><style:list-level-properties text:space-before="4.2cm" text:min-label-width="0.6cm"/><style:text-properties fo:font-family="StarSymbol" style:use-window-font-color="true" fo:font-size="45%"/></text:list-level-style-bullet><text:list-level-style-bullet text:level="9" text:bullet-char="●"><style:list-level-properties text:space-before="4.8cm" text:min-label-width="0.6cm"/><style:text-properties fo:font-family="StarSymbol" style:use-window-font-color="true" fo:font-size="45%"/></text:list-level-style-bullet><text:list-level-style-bullet text:level="10" text:bullet-char="●"><style:list-level-properties text:space-before="5.4cm" text:min-label-width="0.6cm"/><style:text-properties fo:font-family="StarSymbol" style:use-window-font-color="true" fo:font-size="45%"/></text:list-level-style-bullet></text:list-style></style:graphic-properties><style:paragraph-properties fo:margin-left="0.2cm" fo:margin-right="0.2cm" fo:margin-top="0.1cm" fo:margin-bottom="0.1cm" fo:text-align="center" fo:text-indent="0cm"/><style:text-properties fo:font-size="36pt"/></style:style><style:style style:name="headline" style:family="graphic" style:parent-style-name="standard"><style:graphic-properties draw:stroke="none" draw:fill="none"/><style:paragraph-properties fo:margin-top="0.42cm" fo:margin-bottom="0.21cm"/><style:text-properties fo:font-size="24pt"/></style:style><style:style style:name="headline1" style:family="graphic" style:parent-style-name="standard"><style:graphic-properties draw:stroke="none" draw:fill="none"/><style:paragraph-properties fo:margin-top="0.42cm" fo:margin-bottom="0.21cm"/><style:text-properties fo:font-size="18pt" fo:font-weight="bold"/></style:style><style:style style:name="headline2" style:family="graphic" style:parent-style-name="standard"><style:graphic-properties draw:stroke="none" draw:fill="none"/><style:paragraph-properties fo:margin-top="0.42cm" fo:margin-bottom="0.21cm"/><style:text-properties fo:font-size="14pt" fo:font-style="italic" fo:font-weight="bold"/></style:style><style:style style:name="measure" style:family="graphic" style:parent-style-name="standard"><style:graphic-properties draw:stroke="solid" draw:marker-start="Arrow" draw:marker-start-width="0.2cm" draw:marker-end="Arrow" draw:marker-end-width="0.2cm" draw:fill="none" draw:show-unit="true"/><style:text-properties fo:font-size="12pt"/></style:style></office:styles><office:automatic-styles><style:page-layout style:name="PM0"><style:page-layout-properties fo:margin-top="0.695cm" fo:margin-bottom="1cm" fo:margin-left="0.257cm" fo:margin-right="0.317cm" fo:page-width="27.94cm" fo:page-height="30.683cm" style:print-orientation="portrait"/></style:page-layout><style:style style:name="dp1" style:family="drawing-page"><style:drawing-page-properties draw:background-size="border" draw:fill="none"/></style:style><number:date-style style:name="D1" number:automatic-order="true"><number:day number:style="long"/><number:text>.</number:text><number:month number:style="long"/><number:text>.</number:text><number:year number:style="long"/></number:date-style><style:style style:name="gr1" style:family="graphic" style:parent-style-name="standard"><style:graphic-properties draw:stroke="none" draw:fill="none" draw:fill-color="#ffffff" draw:auto-grow-width="true" fo:min-height="0.785cm" fo:min-width="1.947cm"/></style:style><style:style style:name="gr2" style:family="graphic" style:parent-style-name="standard"><style:graphic-properties draw:stroke="none" draw:fill="none" draw:fill-color="#ffffff" draw:auto-grow-width="true" fo:min-height="0.785cm" fo:min-width="1.048cm"/></style:style><style:style style:name="gr3" style:family="graphic" style:parent-style-name="standard"><style:graphic-properties draw:stroke="none" draw:fill="none" draw:fill-color="#ffffff" draw:auto-grow-width="true" fo:min-height="0.785cm" fo:min-width="3.395cm"/></style:style><style:style style:name="gr4" style:family="graphic" style:parent-style-name="standard"><style:graphic-properties draw:stroke="none" svg:stroke-width="0cm" svg:stroke-color="#000000" draw:fill="none" draw:fill-color="#ffffff" draw:textarea-horizontal-align="left" draw:auto-grow-height="true" draw:auto-grow-width="false" fo:min-height="0.513cm" fo:min-width="19.473cm"/></style:style><style:style style:name="P1" style:family="paragraph"><style:paragraph-properties fo:margin-left="0cm" fo:margin-right="0cm" fo:text-indent="0cm"/></style:style><style:style style:name="P2" style:family="paragraph"><style:paragraph-properties fo:margin-left="0cm" fo:margin-right="0cm" fo:text-align="center" fo:text-indent="0cm"/></style:style><style:style style:name="P3" style:family="paragraph"><style:paragraph-properties fo:margin-left="0cm" fo:margin-right="0cm" fo:text-align="center" fo:text-indent="0cm"/><style:text-properties fo:font-size="12.1999998092651pt"/></style:style><style:style style:name="T1" style:family="text"><style:text-properties fo:font-size="8pt"/></style:style><text:list-style style:name="L1"><text:list-level-style-bullet text:level="1" text:bullet-char="●"><style:text-properties fo:font-family="StarSymbol" style:use-window-font-color="true" fo:font-size="45%"/></text:list-level-style-bullet><text:list-level-style-bullet text:level="2" text:bullet-char="●"><style:list-level-properties text:space-before="0.6cm" text:min-label-width="0.6cm"/><style:text-properties fo:font-family="StarSymbol" style:use-window-font-color="true" fo:font-size="45%"/></text:list-level-style-bullet><text:list-level-style-bullet text:level="3" text:bullet-char="●"><style:list-level-properties text:space-before="1.2cm" text:min-label-width="0.6cm"/><style:text-properties fo:font-family="StarSymbol" style:use-window-font-color="true" fo:font-size="45%"/></text:list-level-style-bullet><text:list-level-style-bullet text:level="4" text:bullet-char="●"><style:list-level-properties text:space-before="1.8cm" text:min-label-width="0.6cm"/><style:text-properties fo:font-family="StarSymbol" style:use-window-font-color="true" fo:font-size="45%"/></text:list-level-style-bullet><text:list-level-style-bullet text:level="5" text:bullet-char="●"><style:list-level-properties text:space-before="2.4cm" text:min-label-width="0.6cm"/><style:text-properties fo:font-family="StarSymbol" style:use-window-font-color="true" fo:font-size="45%"/></text:list-level-style-bullet><text:list-level-style-bullet text:level="6" text:bullet-char="●"><style:list-level-properties text:space-before="3cm" text:min-label-width="0.6cm"/><style:text-properties fo:font-family="StarSymbol" style:use-window-font-color="true" fo:font-size="45%"/></text:list-level-style-bullet><text:list-level-style-bullet text:level="7" text:bullet-char="●"><style:list-level-properties text:space-before="3.6cm" text:min-label-width="0.6cm"/><style:text-properties fo:font-family="StarSymbol" style:use-window-font-color="true" fo:font-size="45%"/></text:list-level-style-bullet><text:list-level-style-bullet text:level="8" text:bullet-char="●"><style:list-level-properties text:space-before="4.2cm" text:min-label-width="0.6cm"/><style:text-properties fo:font-family="StarSymbol" style:use-window-font-color="true" fo:font-size="45%"/></text:list-level-style-bullet><text:list-level-style-bullet text:level="9" text:bullet-char="●"><style:list-level-properties text:space-before="4.8cm" text:min-label-width="0.6cm"/><style:text-properties fo:font-family="StarSymbol" style:use-window-font-color="true" fo:font-size="45%"/></text:list-level-style-bullet><text:list-level-style-bullet text:level="10" text:bullet-char="●"><style:list-level-properties text:space-before="5.4cm" text:min-label-width="0.6cm"/><style:text-properties fo:font-family="StarSymbol" style:use-window-font-color="true" fo:font-size="45%"/></text:list-level-style-bullet></text:list-style></office:automatic-styles><office:master-styles><draw:layer-set><draw:layer draw:name="layout"/><draw:layer draw:name="background"/><draw:layer draw:name="backgroundobjects"/><draw:layer draw:name="controls"/><draw:layer draw:name="measurelines"/></draw:layer-set><style:master-page style:name="Default" style:page-layout-name="PM0" draw:style-name="dp1"/><style:master-page style:name="bla" style:page-layout-name="PM0" draw:style-name="dp1"><draw:g><draw:frame draw:style-name="gr1" draw:text-style-name="P1" draw:layer="backgroundobjects" svg:width="2.479cm" svg:height="1.035cm" svg:x="24.96cm" svg:y="0.695cm"><draw:text-box><text:p text:style-name="P1"><text:span text:style-name="T1">page </text:span><text:span text:style-name="T1"><text:page-number>1</text:page-number></text:span></text:p></draw:text-box></draw:frame><draw:frame draw:style-name="gr2" draw:text-style-name="P1" draw:layer="backgroundobjects" svg:width="1.548cm" svg:height="1.035cm" svg:x="24.764cm" svg:y="1.416cm"><draw:text-box><text:p text:style-name="P1"><text:span text:style-name="T1"><text:date style:data-style-name="D1" text:date-value="2008-01-28">1/28/08</text:date></text:span></text:p></draw:text-box></draw:frame><draw:frame draw:style-name="gr3" draw:text-style-name="P1" draw:layer="backgroundobjects" svg:width="3.895cm" svg:height="1.035cm" svg:x="23.557cm" svg:y="2.052cm"><draw:text-box><text:p text:style-name="P1"><text:span text:style-name="T1"><text:file-name text:display="name-and-extension">SReg</text:file-name></text:span></text:p></draw:text-box></draw:frame></draw:g><draw:frame draw:style-name="gr4" draw:text-style-name="P3" draw:layer="backgroundobjects" svg:width="21.711cm" svg:height="0.763cm" svg:x="2.209cm" svg:y="28.918cm"><draw:text-box><text:p text:style-name="P2"><text:span text:style-name="T1">Confidential Copyright © 2007 Fastpath Logic, Inc. Copying in any form without the expressed written permission of Fastpath Logic, Inc. is prohibited.</text:span></text:p></draw:text-box></draw:frame></style:master-page></office:master-styles></office:document-styles>