<?xml version="1.0"?>
<!-- edited with XMLSPY v2004 rel. 2 U (http://www.xmlspy.com) by Christophe Amerijckx (STMicroelectronics) -->
<!--
// Description : apbmst.xml
// Author : SPIRIT Schema Working Group - Christophe Amerijckx
// Version: 1.2
//
// Copyright (c) 2006 SPIRIT.  All rights reserved.
// www.spiritconsortium.com
//
// THIS WORK FORMS PART OF A SPIRIT CONSORTIUM SPECIFICATION.  
// THIS WORK CONTAINS TRADE SECRETS AND PROPRIETARY INFORMATION 
// WHICH IS THE EXCLUSIVE PROPERTY OF INDIVIDUAL MEMBERS OF THE 
// SPIRIT CONSORTIUM. USE OF THESE MATERIALS ARE GOVERNED BY 
// THE LEGAL TERMS AND CONDITIONS OUTLINED IN THE THE SPIRIT 
// SPECIFICATION DISCLAIMER AVAILABLE FROM
// www.spiritconsortium.org
-->
<spirit:component xmlns:spirit="http://www.spiritconsortium.org/XMLSchema/SPIRIT/1.2" xmlns:xsi="http://www.w3.org/2001/XMLSchema-instance" xsi:schemaLocation="http://www.spiritconsortium.org/XMLSchema/SPIRIT/1.2 http://www.spiritconsortium.org/XMLSchema/SPIRIT/1.2/index.xsd">
  <spirit:vendor>spiritconsortium.org</spirit:vendor>
  <spirit:library>Leon2</spirit:library>
  <spirit:name>apbmst</spirit:name>
  <spirit:version>1.2</spirit:version>
  <spirit:busInterfaces>
    <spirit:busInterface>
      <spirit:name>AHBClk</spirit:name>
      <spirit:busType spirit:vendor="spiritconsortium.org" spirit:library="busdef.clock" spirit:name="clock" spirit:version="1.0"/>
      <spirit:slave/>
      <spirit:signalMap>
        <spirit:signalName>
          <spirit:componentSignalName>clk</spirit:componentSignalName>
          <spirit:busSignalName>CLK</spirit:busSignalName>
        </spirit:signalName>
      </spirit:signalMap>
    </spirit:busInterface>
    <spirit:busInterface>
      <spirit:name>AHBReset</spirit:name>
      <spirit:busType spirit:vendor="spiritconsortium.org" spirit:library="busdef.reset" spirit:name="reset" spirit:version="1.0"/>
      <spirit:slave/>
      <spirit:signalMap>
        <spirit:signalName>
          <spirit:componentSignalName>rst</spirit:componentSignalName>
          <spirit:busSignalName>RESETn</spirit:busSignalName>
        </spirit:signalName>
      </spirit:signalMap>
    </spirit:busInterface>
    <spirit:busInterface>
      <spirit:name>ambaAHB</spirit:name>
      <spirit:busType spirit:vendor="amba.com" spirit:library="AMBA2" spirit:name="AHB" spirit:version="r2p0_6"/>
      <spirit:slave>
        <spirit:memoryMapRef spirit:memoryMapRef="ambaAHB"/>
        <spirit:bridge spirit:masterRef="ambaAPB" spirit:opaque="true"/>
      </spirit:slave>
      <spirit:connection>required</spirit:connection>
      <spirit:signalMap>
        <spirit:signalName>
          <spirit:componentSignalName>hsize</spirit:componentSignalName>
          <spirit:busSignalName>HSIZE</spirit:busSignalName>
        </spirit:signalName>
        <spirit:signalName>
          <spirit:componentSignalName>haddr</spirit:componentSignalName>
          <spirit:busSignalName>HADDR</spirit:busSignalName>
        </spirit:signalName>
        <spirit:signalName>
          <spirit:componentSignalName>htrans</spirit:componentSignalName>
          <spirit:busSignalName>HTRANS</spirit:busSignalName>
        </spirit:signalName>
        <spirit:signalName>
          <spirit:componentSignalName>hwrite</spirit:componentSignalName>
          <spirit:busSignalName>HWRITE</spirit:busSignalName>
        </spirit:signalName>
        <spirit:signalName>
          <spirit:componentSignalName>hwdata</spirit:componentSignalName>
          <spirit:busSignalName>HWDATA</spirit:busSignalName>
        </spirit:signalName>
        <spirit:signalName>
          <spirit:componentSignalName>hreadyin</spirit:componentSignalName>
          <spirit:busSignalName>HREADY</spirit:busSignalName>
        </spirit:signalName>
        <spirit:signalName>
          <spirit:componentSignalName>hsel</spirit:componentSignalName>
          <spirit:busSignalName>HSELx</spirit:busSignalName>
        </spirit:signalName>
        <spirit:signalName>
          <spirit:componentSignalName>hrdata</spirit:componentSignalName>
          <spirit:busSignalName>HRDATA</spirit:busSignalName>
        </spirit:signalName>
        <spirit:signalName>
          <spirit:componentSignalName>hreadyout</spirit:componentSignalName>
          <spirit:busSignalName>HREADYOUT</spirit:busSignalName>
        </spirit:signalName>
        <spirit:signalName>
          <spirit:componentSignalName>hresp</spirit:componentSignalName>
          <spirit:busSignalName>HRESP</spirit:busSignalName>
        </spirit:signalName>
        <spirit:signalName>
          <spirit:componentSignalName>hprot</spirit:componentSignalName>
          <spirit:busSignalName>HPROT</spirit:busSignalName>
        </spirit:signalName>
        <spirit:signalName>
          <spirit:componentSignalName>hburst</spirit:componentSignalName>
          <spirit:busSignalName>HBURST</spirit:busSignalName>
        </spirit:signalName>
        <spirit:signalName>
          <spirit:componentSignalName>clk</spirit:componentSignalName>
          <spirit:busSignalName>HCLK</spirit:busSignalName>
        </spirit:signalName>
        <spirit:signalName>
          <spirit:componentSignalName>rst</spirit:componentSignalName>
          <spirit:busSignalName>HRESETn</spirit:busSignalName>
        </spirit:signalName>
      </spirit:signalMap>
    </spirit:busInterface>
    <spirit:busInterface>
      <spirit:name>ambaAPB</spirit:name>
      <spirit:busType spirit:vendor="amba.com" spirit:library="AMBA2" spirit:name="APB" spirit:version="r2p0_4"/>
      <spirit:master>
        <spirit:addressSpaceRef spirit:addressSpaceRef="apb"/>
      </spirit:master>
      <spirit:signalMap>
        <spirit:signalName>
          <spirit:componentSignalName>prdata</spirit:componentSignalName>
          <spirit:busSignalName>PRDATA</spirit:busSignalName>
        </spirit:signalName>
        <spirit:signalName>
          <spirit:componentSignalName>pwdata</spirit:componentSignalName>
          <spirit:busSignalName>PWDATA</spirit:busSignalName>
        </spirit:signalName>
        <spirit:signalName>
          <spirit:componentSignalName>penable</spirit:componentSignalName>
          <spirit:busSignalName>PENABLE</spirit:busSignalName>
        </spirit:signalName>
        <spirit:signalName>
          <spirit:componentSignalName>paddr</spirit:componentSignalName>
          <spirit:busSignalName>PADDR</spirit:busSignalName>
        </spirit:signalName>
        <spirit:signalName>
          <spirit:componentSignalName>pwrite</spirit:componentSignalName>
          <spirit:busSignalName>PWRITE</spirit:busSignalName>
        </spirit:signalName>
        <spirit:signalName>
          <spirit:componentSignalName>psel</spirit:componentSignalName>
          <spirit:busSignalName>PSELx</spirit:busSignalName>
        </spirit:signalName>
        <spirit:signalName>
          <spirit:componentSignalName>clk</spirit:componentSignalName>
          <spirit:busSignalName>PCLK</spirit:busSignalName>
        </spirit:signalName>
        <spirit:signalName>
          <spirit:componentSignalName>rst</spirit:componentSignalName>
          <spirit:busSignalName>PRESETn</spirit:busSignalName>
        </spirit:signalName>
      </spirit:signalMap>
    </spirit:busInterface>
  </spirit:busInterfaces>
  <spirit:addressSpaces>
    <spirit:addressSpace>
      <spirit:name>apb</spirit:name>
      <spirit:range spirit:choiceRef="addressWidthChoice" spirit:choiceStyle="combo" spirit:configGroups="requiredConfig" spirit:format="choice" spirit:id="masterRange" spirit:prompt="Master Port Size :" spirit:resolve="user">1M</spirit:range>
      <spirit:width spirit:format="long">32</spirit:width>
    </spirit:addressSpace>
  </spirit:addressSpaces>
  <spirit:memoryMaps>
    <spirit:memoryMap>
      <spirit:name>ambaAHB</spirit:name>
      <spirit:subspaceMap spirit:masterRef="ambaAPB">
        <spirit:baseAddress>0</spirit:baseAddress>
        <spirit:bitOffset spirit:format="long">0</spirit:bitOffset>
      </spirit:subspaceMap>
    </spirit:memoryMap>
  </spirit:memoryMaps>
  <spirit:model>
    <spirit:views>
      <spirit:view>
        <spirit:name>vhdlsource</spirit:name>
        <spirit:envIdentifier>:modelsim.mentor.com:</spirit:envIdentifier>
        <spirit:envIdentifier>:ncsim.cadence.com:</spirit:envIdentifier>
        <spirit:envIdentifier>:vcs.synopsys.com:</spirit:envIdentifier>
        <spirit:envIdentifier>:designcompiler.synopsys.com:</spirit:envIdentifier>
        <spirit:language>vhdl</spirit:language>
        <spirit:modelName>leon2Apbmst(struct)</spirit:modelName>
        <spirit:fileSetRef>fs-vhdlSource</spirit:fileSetRef>
      </spirit:view>
    </spirit:views>
    <spirit:signals>
      <spirit:signal>
        <spirit:name>clk</spirit:name>
        <spirit:direction>in</spirit:direction>
        <spirit:export spirit:configGroups="export" spirit:id="sig_clk" spirit:prompt="clk">false</spirit:export>
      </spirit:signal>
      <spirit:signal>
        <spirit:name>rst</spirit:name>
        <spirit:direction>in</spirit:direction>
        <spirit:export spirit:configGroups="export" spirit:id="sig_rst" spirit:prompt="rst">false</spirit:export>
      </spirit:signal>
      <spirit:signal>
        <spirit:name>hsize</spirit:name>
        <spirit:direction>in</spirit:direction>
        <spirit:left>2</spirit:left>
        <spirit:right>0</spirit:right>
        <spirit:export spirit:configGroups="export" spirit:id="sig_hsize" spirit:prompt="hsize">false</spirit:export>
      </spirit:signal>
      <spirit:signal>
        <spirit:name>haddr</spirit:name>
        <spirit:direction>in</spirit:direction>
        <spirit:left>31</spirit:left>
        <spirit:right>0</spirit:right>
        <spirit:export spirit:configGroups="export" spirit:id="sig_haddr" spirit:prompt="haddr">false</spirit:export>
      </spirit:signal>
      <spirit:signal>
        <spirit:name>htrans</spirit:name>
        <spirit:direction>in</spirit:direction>
        <spirit:left>1</spirit:left>
        <spirit:right>0</spirit:right>
        <spirit:export spirit:configGroups="export" spirit:id="sig_htrans" spirit:prompt="htrans">false</spirit:export>
      </spirit:signal>
      <spirit:signal>
        <spirit:name>hwrite</spirit:name>
        <spirit:direction>in</spirit:direction>
        <spirit:export spirit:configGroups="export" spirit:id="sig_hwrite" spirit:prompt="hwrite">false</spirit:export>
      </spirit:signal>
      <spirit:signal>
        <spirit:name>hwdata</spirit:name>
        <spirit:direction>in</spirit:direction>
        <spirit:left>31</spirit:left>
        <spirit:right>0</spirit:right>
        <spirit:export spirit:configGroups="export" spirit:id="sig_hwdata" spirit:prompt="hwdata">false</spirit:export>
      </spirit:signal>
      <spirit:signal>
        <spirit:name>hreadyin</spirit:name>
        <spirit:direction>in</spirit:direction>
        <spirit:export spirit:configGroups="export" spirit:id="sig_hreadyin" spirit:prompt="hreadyin">false</spirit:export>
      </spirit:signal>
      <spirit:signal>
        <spirit:name>hsel</spirit:name>
        <spirit:direction>in</spirit:direction>
        <spirit:export spirit:configGroups="export" spirit:id="sig_hsel" spirit:prompt="hsel">false</spirit:export>
      </spirit:signal>
      <spirit:signal>
        <spirit:name>hrdata</spirit:name>
        <spirit:direction>out</spirit:direction>
        <spirit:left>31</spirit:left>
        <spirit:right>0</spirit:right>
        <spirit:export spirit:configGroups="export" spirit:id="sig_hrdata" spirit:prompt="hrdata">false</spirit:export>
      </spirit:signal>
      <spirit:signal>
        <spirit:name>hreadyout</spirit:name>
        <spirit:direction>out</spirit:direction>
        <spirit:export spirit:configGroups="export" spirit:id="sig_hreadyout" spirit:prompt="hreadyout">false</spirit:export>
      </spirit:signal>
      <spirit:signal>
        <spirit:name>hresp</spirit:name>
        <spirit:direction>out</spirit:direction>
        <spirit:left>1</spirit:left>
        <spirit:right>0</spirit:right>
        <spirit:export spirit:configGroups="export" spirit:id="sig_hresp" spirit:prompt="hresp">false</spirit:export>
      </spirit:signal>
      <spirit:signal>
        <spirit:name>hprot</spirit:name>
        <spirit:direction>in</spirit:direction>
        <spirit:left>3</spirit:left>
        <spirit:right>0</spirit:right>
        <spirit:export spirit:configGroups="export" spirit:id="sig_hprot" spirit:prompt="hprot">false</spirit:export>
      </spirit:signal>
      <spirit:signal>
        <spirit:name>hburst</spirit:name>
        <spirit:direction>in</spirit:direction>
        <spirit:left>2</spirit:left>
        <spirit:right>0</spirit:right>
        <spirit:export spirit:configGroups="export" spirit:id="sig_hburst" spirit:prompt="hburst">false</spirit:export>
      </spirit:signal>
      <spirit:signal>
        <spirit:name>prdata</spirit:name>
        <spirit:direction>in</spirit:direction>
        <spirit:left>31</spirit:left>
        <spirit:right>0</spirit:right>
        <spirit:export spirit:configGroups="export" spirit:id="sig_prdata" spirit:prompt="prdata">false</spirit:export>
      </spirit:signal>
      <spirit:signal>
        <spirit:name>pwdata</spirit:name>
        <spirit:direction>out</spirit:direction>
        <spirit:left>31</spirit:left>
        <spirit:right>0</spirit:right>
        <spirit:export spirit:configGroups="export" spirit:id="sig_pwdata" spirit:prompt="pwdata">false</spirit:export>
      </spirit:signal>
      <spirit:signal>
        <spirit:name>penable</spirit:name>
        <spirit:direction>out</spirit:direction>
        <spirit:export spirit:configGroups="export" spirit:id="sig_penable" spirit:prompt="penable">false</spirit:export>
      </spirit:signal>
      <spirit:signal>
        <spirit:name>paddr</spirit:name>
        <spirit:direction>out</spirit:direction>
        <spirit:left>31</spirit:left>
        <spirit:right>0</spirit:right>
        <spirit:export spirit:configGroups="export" spirit:id="sig_paddr" spirit:prompt="paddr">false</spirit:export>
      </spirit:signal>
      <spirit:signal>
        <spirit:name>pwrite</spirit:name>
        <spirit:direction>out</spirit:direction>
        <spirit:export spirit:configGroups="export" spirit:id="sig_pwrite" spirit:prompt="pwrite">false</spirit:export>
      </spirit:signal>
      <spirit:signal>
        <spirit:name>psel</spirit:name>
        <spirit:direction>out</spirit:direction>
        <spirit:export spirit:configGroups="export" spirit:id="sig_psel" spirit:prompt="psel">false</spirit:export>
      </spirit:signal>
    </spirit:signals>
  </spirit:model>
  <spirit:choices>
    <spirit:choice>
      <spirit:name>addressWidthChoice</spirit:name>
      <spirit:enumeration spirit:text="8K">8K</spirit:enumeration>
      <spirit:enumeration spirit:text="16K">16K</spirit:enumeration>
      <spirit:enumeration spirit:text="32K">32K</spirit:enumeration>
      <spirit:enumeration spirit:text="64K">64K</spirit:enumeration>
      <spirit:enumeration spirit:text="128K">128K</spirit:enumeration>
      <spirit:enumeration spirit:text="256K">256K</spirit:enumeration>
      <spirit:enumeration spirit:text="512K">512K</spirit:enumeration>
      <spirit:enumeration spirit:text="1M">1M</spirit:enumeration>
      <spirit:enumeration spirit:text="2M">2M</spirit:enumeration>
      <spirit:enumeration spirit:text="4M">4M</spirit:enumeration>
      <spirit:enumeration spirit:text="8M">8M</spirit:enumeration>
      <spirit:enumeration spirit:text="16M">16M</spirit:enumeration>
      <spirit:enumeration spirit:text="32M">32M</spirit:enumeration>
      <spirit:enumeration spirit:text="64M">64M</spirit:enumeration>
      <spirit:enumeration spirit:text="128M">128M</spirit:enumeration>
      <spirit:enumeration spirit:text="256M">256M</spirit:enumeration>
      <spirit:enumeration spirit:text="1024M">1024M</spirit:enumeration>
      <spirit:enumeration spirit:text="2048M">2048M</spirit:enumeration>
    </spirit:choice>
  </spirit:choices>
  <spirit:fileSets>
    <spirit:fileSet spirit:fileSetId="fs-vhdlSource">
      <spirit:file>
        <spirit:name>../../common/target.vhd</spirit:name>
        <spirit:fileType>vhdlSource</spirit:fileType>
        <spirit:logicalName>leon2apbmst_lib</spirit:logicalName>
      </spirit:file>
      <spirit:file>
        <spirit:name>../../common/device.vhd</spirit:name>
        <spirit:fileType>vhdlSource</spirit:fileType>
        <spirit:logicalName>leon2apbmst_lib</spirit:logicalName>
      </spirit:file>
      <spirit:file>
        <spirit:name>../../common/config.vhd</spirit:name>
        <spirit:fileType>vhdlSource</spirit:fileType>
        <spirit:logicalName>leon2apbmst_lib</spirit:logicalName>
      </spirit:file>
      <spirit:file>
        <spirit:name>../../common/sparcv8.vhd</spirit:name>
        <spirit:fileType>vhdlSource</spirit:fileType>
        <spirit:logicalName>leon2apbmst_lib</spirit:logicalName>
      </spirit:file>
      <spirit:file>
        <spirit:name>../../common/iface.vhd</spirit:name>
        <spirit:fileType>vhdlSource</spirit:fileType>
        <spirit:logicalName>leon2apbmst_lib</spirit:logicalName>
      </spirit:file>
      <spirit:file>
        <spirit:name>../../common/amba.vhd</spirit:name>
        <spirit:fileType>vhdlSource</spirit:fileType>
        <spirit:logicalName>leon2apbmst_lib</spirit:logicalName>
      </spirit:file>
      <spirit:file>
        <spirit:name>../../common/ambacomp.vhd</spirit:name>
        <spirit:fileType>vhdlSource</spirit:fileType>
        <spirit:logicalName>leon2apbmst_lib</spirit:logicalName>
      </spirit:file>
      <spirit:file>
        <spirit:name>../../common/macro.vhd</spirit:name>
        <spirit:fileType>vhdlSource</spirit:fileType>
        <spirit:logicalName>leon2apbmst_lib</spirit:logicalName>
      </spirit:file>
      <spirit:file>
        <spirit:name>../../common/tech_generic.vhd</spirit:name>
        <spirit:fileType>vhdlSource</spirit:fileType>
        <spirit:logicalName>leon2apbmst_lib</spirit:logicalName>
      </spirit:file>
      <spirit:file>
        <spirit:name>../../common/tech_atc25.vhd</spirit:name>
        <spirit:fileType>vhdlSource</spirit:fileType>
        <spirit:logicalName>leon2apbmst_lib</spirit:logicalName>
      </spirit:file>
      <spirit:file>
        <spirit:name>../../common/tech_atc35.vhd</spirit:name>
        <spirit:fileType>vhdlSource</spirit:fileType>
        <spirit:logicalName>leon2apbmst_lib</spirit:logicalName>
      </spirit:file>
      <spirit:file>
        <spirit:name>../../common/tech_fs90.vhd</spirit:name>
        <spirit:fileType>vhdlSource</spirit:fileType>
        <spirit:logicalName>leon2apbmst_lib</spirit:logicalName>
      </spirit:file>
      <spirit:file>
        <spirit:name>../../common/tech_umc18.vhd</spirit:name>
        <spirit:fileType>vhdlSource</spirit:fileType>
        <spirit:logicalName>leon2apbmst_lib</spirit:logicalName>
      </spirit:file>
      <spirit:file>
        <spirit:name>../../common/tech_virtex.vhd</spirit:name>
        <spirit:fileType>vhdlSource</spirit:fileType>
        <spirit:logicalName>leon2apbmst_lib</spirit:logicalName>
      </spirit:file>
      <spirit:file>
        <spirit:name>../../common/tech_tsmc25.vhd</spirit:name>
        <spirit:fileType>vhdlSource</spirit:fileType>
        <spirit:logicalName>leon2apbmst_lib</spirit:logicalName>
      </spirit:file>
      <spirit:file>
        <spirit:name>../../common/tech_proasic.vhd</spirit:name>
        <spirit:fileType>vhdlSource</spirit:fileType>
        <spirit:logicalName>leon2apbmst_lib</spirit:logicalName>
      </spirit:file>
      <spirit:file>
        <spirit:name>../../common/tech_axcel.vhd</spirit:name>
        <spirit:fileType>vhdlSource</spirit:fileType>
        <spirit:logicalName>leon2apbmst_lib</spirit:logicalName>
      </spirit:file>
      <spirit:file>
        <spirit:name>../../common/multlib.vhd</spirit:name>
        <spirit:fileType>vhdlSource</spirit:fileType>
        <spirit:logicalName>leon2apbmst_lib</spirit:logicalName>
      </spirit:file>
      <spirit:file>
        <spirit:name>../../common/tech_map.vhd</spirit:name>
        <spirit:fileType>vhdlSource</spirit:fileType>
        <spirit:logicalName>leon2apbmst_lib</spirit:logicalName>
      </spirit:file>
      <spirit:file>
        <spirit:name>hdlsrc/apbmst.vhd</spirit:name>
        <spirit:fileType>vhdlSource</spirit:fileType>
        <spirit:logicalName>leon2apbmst_lib</spirit:logicalName>
      </spirit:file>
      <spirit:file>
        <spirit:name>hdlsrc/leon2Apbmst.vhd</spirit:name>
        <spirit:fileType>vhdlSource</spirit:fileType>
        <spirit:logicalName>leon2apbmst_lib</spirit:logicalName>
      </spirit:file>
    </spirit:fileSet>
  </spirit:fileSets>
</spirit:component>
