<?xml version="1.0"?>
<!--
// Description : clockSingle_rtl.xml
// Author : SPIRIT Schema Working Group
// Version: 1.00
//
// Copyright (c) 2007 SPIRIT.  All rights reserved.
// www.spiritconsortium.org
//
// THIS WORK FORMS PART OF A SPIRIT CONSORTIUM SPECIFICATION.  
// THIS WORK CONTAINS TRADE SECRETS AND PROPRIETARY INFORMATION 
// WHICH IS THE EXCLUSIVE PROPERTY OF INDIVIDUAL MEMBERS OF THE 
// SPIRIT CONSORTIUM. USE OF THESE MATERIALS ARE GOVERNED BY 
// THE LEGAL TERMS AND CONDITIONS OUTLINED IN THE THE SPIRIT 
// SPECIFICATION DISCLAIMER AVAILABLE FROM
// www.spiritconsortium.org
-->
<spirit:abstractionDefinition xmlns:spirit="http://www.spiritconsortium.org/XMLSchema/SPIRIT/1.4" xmlns:xsi="http://www.w3.org/2001/XMLSchema-instance" xsi:schemaLocation="http://www.spiritconsortium.org/XMLSchema/SPIRIT/1.4 http://www.spiritconsortium.org/XMLSchema/SPIRIT/1.4/index.xsd">
    <spirit:vendor>spiritconsortium.org</spirit:vendor>
    <spirit:library>busdef.clock</spirit:library>
    <spirit:name>clockSingle_rtl</spirit:name>
    <spirit:version>1.0</spirit:version>
    <spirit:busType spirit:vendor="spiritconsortium.org" spirit:library="busdef.clock" spirit:name="clockSingle" spirit:version="1.0"/>
    <spirit:extends spirit:vendor="spiritconsortium.org" spirit:library="busdef.clock" spirit:name="clock_rtl" spirit:version="1.0"/>
    <spirit:ports>
        <spirit:port>
            <spirit:logicalName>CLK</spirit:logicalName>
            <spirit:wire>
                <spirit:qualifier>
                    <spirit:isClock>true</spirit:isClock>
                </spirit:qualifier>
                <spirit:onMaster>
                    <spirit:width>1</spirit:width>
                    <spirit:direction>out</spirit:direction>
                </spirit:onMaster>
                <spirit:onSlave>
                    <spirit:width>1</spirit:width>
                    <spirit:direction>in</spirit:direction>
                </spirit:onSlave>
            </spirit:wire>
        </spirit:port>
    </spirit:ports>
    <spirit:description>Wire type abstraction definition for a single master(output) multiple slave(input) clock bus definition</spirit:description>
</spirit:abstractionDefinition>
