<?xml version="1.0"?>
<!--
// Description : Int.xml
// Author : SPIRIT Schema Working Group - Christophe Amerijckx
// Version: 1.00
//
// Copyright (c) 2004 SPIRIT.  All rights reserved.
// www.spiritconsortium.com
//
// THIS WORK FORMS PART OF A SPIRIT CONSORTIUM SPECIFICATION.  
// THIS WORK CONTAINS TRADE SECRETS AND PROPRIETARY INFORMATION 
// WHICH IS THE EXCLUSIVE PROPERTY OF INDIVIDUAL MEMBERS OF THE 
// SPIRIT CONSORTIUM. USE OF THESE MATERIALS ARE GOVERNED BY 
// THE LEGAL TERMS AND CONDITIONS OUTLINED IN THE THE SPIRIT 
// SPECIFICATION DISCLAIMER AVAILABLE FROM
// www.spiritconsortium.org
-->
<spirit:abstractionDefinition xmlns:spirit="http://www.spiritconsortium.org/XMLSchema/SPIRIT/1.4" xmlns:xsi="http://www.w3.org/2001/XMLSchema-instance" xsi:schemaLocation="http://www.spiritconsortium.org/XMLSchema/SPIRIT/1.4 http://www.spiritconsortium.org/XMLSchema/SPIRIT/1.4/index.xsd">
    <spirit:vendor>spiritconsortium.org</spirit:vendor>
    <spirit:library>busdef.leon2</spirit:library>
    <spirit:name>IntProc_rtl</spirit:name>
    <spirit:version>v1.0</spirit:version>
    <spirit:busType spirit:vendor="spiritconsortium.org" spirit:library="busdef.leon2" spirit:name="IntProc" spirit:version="v1.0"/>
    <spirit:ports>
        <spirit:port>
            <spirit:logicalName>IRL</spirit:logicalName>
            <spirit:wire>
                <spirit:onMaster>
                    <spirit:width>4</spirit:width>
                    <spirit:direction>out</spirit:direction>
                </spirit:onMaster>
                <spirit:onSlave>
                    <spirit:width>4</spirit:width>
                    <spirit:direction>in</spirit:direction>
                </spirit:onSlave>
                <spirit:defaultValue>0</spirit:defaultValue>
            </spirit:wire>
        </spirit:port>
        <spirit:port>
            <spirit:logicalName>IRQVEC</spirit:logicalName>
            <spirit:wire>
                <spirit:onMaster>
                    <spirit:width>4</spirit:width>
                    <spirit:direction>in</spirit:direction>
                </spirit:onMaster>
                <spirit:onSlave>
                    <spirit:width>4</spirit:width>
                    <spirit:direction>out</spirit:direction>
                </spirit:onSlave>
            </spirit:wire>
        </spirit:port>
        <spirit:port>
            <spirit:logicalName>INTack</spirit:logicalName>
            <spirit:wire>
                <spirit:onMaster>
                    <spirit:width>1</spirit:width>
                    <spirit:direction>in</spirit:direction>
                </spirit:onMaster>
                <spirit:onSlave>
                    <spirit:width>1</spirit:width>
                    <spirit:direction>out</spirit:direction>
                </spirit:onSlave>
            </spirit:wire>
        </spirit:port>
    </spirit:ports>
</spirit:abstractionDefinition>
