<?xml version="1.0" encoding="UTF-8"?>
<!--
// Description : ft-can.xml Fault tolerant CAN bus standard ISO11898-3
// Author : SPIRIT Schema Working Group
// Version: 1.0
// 
// Revision:    $Revision:$
// Date:        $Date:$
// 
// Copyright (c) 2007, 2008 The SPIRIT Consortium.
// 
// This work forms part of a deliverable of The SPIRIT Consortium.
// 
// Use of these materials are governed by the legal terms and conditions
// outlined in the disclaimer available from www.spiritconsortium.org.
// 
// This source file is provided on an AS IS basis.  The SPIRIT
// Consortium disclaims any warranty express or implied including
// any warranty of merchantability and fitness for use for a
// particular purpose.
// 
// The user of the source file shall indemnify and hold The SPIRIT
// Consortium and its members harmless from any damages or liability.
// 
-->
<spirit:abstractionDefinition xmlns:spirit="http://www.spiritconsortium.org/XMLSchema/SPIRIT/1.4" xmlns:xsi="http://www.w3.org/2001/XMLSchema-instance" xsi:schemaLocation="http://www.spiritconsortium.org/XMLSchema/SPIRIT/1.4 http://www.spiritconsortium.org/XMLSchema/SPIRIT/1.4/index.xsd">
	<spirit:vendor>spiritconsortium.org</spirit:vendor>
	<spirit:library>busdef.bosch.can</spirit:library>
	<spirit:name>ft-can_2.0_rtl</spirit:name>
	<spirit:version>1.0</spirit:version>
	<spirit:busType spirit:vendor="spiritconsortium.org" spirit:library="busdef.bosch.can" spirit:name="ft-can_2.0" spirit:version="1.0"/>
	<spirit:ports>
		<spirit:port>
			<spirit:logicalName>CANH</spirit:logicalName>
			<spirit:wire>
				<spirit:onMaster>
					<spirit:width>1</spirit:width>
					<spirit:direction>inout</spirit:direction>
					<spirit:modeConstraints/>
				</spirit:onMaster>
			</spirit:wire>
		</spirit:port>
		<spirit:port>
			<spirit:logicalName>CANL</spirit:logicalName>
			<spirit:wire>
				<spirit:onMaster>
					<spirit:width>1</spirit:width>
					<spirit:direction>inout</spirit:direction>
					<spirit:modeConstraints/>
				</spirit:onMaster>
			</spirit:wire>
		</spirit:port>
	</spirit:ports>
</spirit:abstractionDefinition>
