<?xml version="1.0"?>
<!--
// Description : busdef.jtag.jtag
// Author : SPIRIT Schema Working Group 
// Version: 1.2
//
// Copyright (c) 2006 The SPIRIT Consortium.  All rights reserved.
// www.spiritconsortium.org
//
// THIS WORK FORMS PART OF A SPIRIT CONSORTIUM SPECIFICATION.  
// THIS WORK CONTAINS TRADE SECRETS AND PROPRIETARY INFORMATION 
// WHICH IS THE EXCLUSIVE PROPERTY OF INDIVIDUAL MEMBERS OF THE 
// SPIRIT CONSORTIUM. USE OF THESE MATERIALS ARE GOVERNED BY 
// THE LEGAL TERMS AND CONDITIONS OUTLINED IN THE THE SPIRIT 
// SPECIFICATION DISCLAIMER AVAILABLE FROM
// www.spiritconsortium.org
-->
<!--
Derived from busdef VLNV  mentor.com/PlatformExpress.ip.utility/jtag/1.0
Original Copyright Mentor Graphics Corporation 2006
All Rights Reserved.
For questions, testcases etc related to this busdef, please contact John Wilson at Mentor Graphics (mailto:john_wilson@mentor.com)
-->
<spirit:abstractionDefinition xmlns:spirit="http://www.spiritconsortium.org/XMLSchema/SPIRIT/1.4" xmlns:xsi="http://www.w3.org/2001/XMLSchema-instance" xsi:schemaLocation="http://www.spiritconsortium.org/XMLSchema/SPIRIT/1.4                 http://www.spiritconsortium.org/XMLSchema/SPIRIT/1.4/index.xsd">
    <spirit:vendor>spiritconsortium.org</spirit:vendor>
    <spirit:library>busdef.jtag</spirit:library>
    <spirit:name>jtag_rtl</spirit:name>
    <spirit:version>1.0</spirit:version>
    <spirit:busType spirit:vendor="spiritconsortium.org" spirit:library="busdef.jtag" spirit:name="jtag" spirit:version="1.0"/>
    <spirit:ports>
        <spirit:port>
            <spirit:logicalName>TCK</spirit:logicalName>
            <spirit:wire>
                <spirit:qualifier>
                    <spirit:isClock>true</spirit:isClock>
                </spirit:qualifier>
                <spirit:onMaster>
                    <spirit:width>1</spirit:width>
                    <spirit:direction>in</spirit:direction>
                </spirit:onMaster>
                <spirit:onSlave>
                    <spirit:width>1</spirit:width>
                    <spirit:direction>in</spirit:direction>
                </spirit:onSlave>
                <spirit:requiresDriver spirit:driverType="clock">true</spirit:requiresDriver>
            </spirit:wire>
        </spirit:port>
        <spirit:port>
            <spirit:logicalName>NTRST</spirit:logicalName>
            <spirit:wire>
                <spirit:qualifier>
                    <spirit:isReset>true</spirit:isReset>
                </spirit:qualifier>
                <spirit:onMaster>
                    <spirit:width>1</spirit:width>
                    <spirit:direction>in</spirit:direction>
                </spirit:onMaster>
                <spirit:onSlave>
                    <spirit:width>1</spirit:width>
                    <spirit:direction>in</spirit:direction>
                </spirit:onSlave>
                <spirit:requiresDriver spirit:driverType="singleShot">true</spirit:requiresDriver>
            </spirit:wire>
        </spirit:port>
        <spirit:port>
            <spirit:logicalName>TDI</spirit:logicalName>
            <spirit:wire>
                <spirit:onMaster>
                    <spirit:width>1</spirit:width>
                    <spirit:direction>in</spirit:direction>
                </spirit:onMaster>
                <spirit:onSlave>
                    <spirit:width>1</spirit:width>
                    <spirit:direction>in</spirit:direction>
                </spirit:onSlave>
            </spirit:wire>
        </spirit:port>
        <spirit:port>
            <spirit:logicalName>TDO</spirit:logicalName>
            <spirit:wire>
                <spirit:onMaster>
                    <spirit:width>1</spirit:width>
                    <spirit:direction>out</spirit:direction>
                </spirit:onMaster>
                <spirit:onSlave>
                    <spirit:width>1</spirit:width>
                    <spirit:direction>out</spirit:direction>
                </spirit:onSlave>
            </spirit:wire>
        </spirit:port>
        <spirit:port>
            <spirit:logicalName>TMS</spirit:logicalName>
            <spirit:wire>
                <spirit:onMaster>
                    <spirit:width>1</spirit:width>
                    <spirit:direction>out</spirit:direction>
                </spirit:onMaster>
                <spirit:onSlave>
                    <spirit:width>1</spirit:width>
                    <spirit:direction>in</spirit:direction>
                </spirit:onSlave>
            </spirit:wire>
        </spirit:port>
    </spirit:ports>
</spirit:abstractionDefinition>
