<?xml version="1.0"?>
<!-- edited with XMLSPY v2004 rel. 2 U (http://www.xmlspy.com) by Christophe Amerijckx (STMicroelectronics) -->
<!--
// Description : ahbbus.xml
// Author : SPIRIT Schema Working Group - Christophe Amerijckx
// Version: 1.2
//
// Copyright (c) 2007 SPIRIT.  All rights reserved.
// www.spiritconsortium.org
//
// THIS WORK FORMS PART OF A SPIRIT CONSORTIUM SPECIFICATION.  
// THIS WORK CONTAINS TRADE SECRETS AND PROPRIETARY INFORMATION 
// WHICH IS THE EXCLUSIVE PROPERTY OF INDIVIDUAL MEMBERS OF THE 
// SPIRIT CONSORTIUM. USE OF THESE MATERIALS ARE GOVERNED BY 
// THE LEGAL TERMS AND CONDITIONS OUTLINED IN THE THE SPIRIT 
// SPECIFICATION DISCLAIMER AVAILABLE FROM
// www.spiritconsortium.org
-->
<spirit:component xmlns:spirit="http://www.spiritconsortium.org/XMLSchema/SPIRIT/1.2" xmlns:xsi="http://www.w3.org/2001/XMLSchema-instance" xsi:schemaLocation="http://www.spiritconsortium.org/XMLSchema/SPIRIT/1.2 http://www.spiritconsortium.org/XMLSchema/SPIRIT/1.2/index.xsd">
  <spirit:vendor>spiritconsortium.org</spirit:vendor>
  <spirit:library>Leon2</spirit:library>
  <spirit:name>ahbbus34</spirit:name>
  <spirit:version>1.2</spirit:version>
  <spirit:busInterfaces>
    <spirit:busInterface>
      <spirit:name>AHBClk</spirit:name>
      <spirit:busType spirit:vendor="spiritconsortium.org" spirit:library="busdef.clock" spirit:name="clock" spirit:version="1.0"/>
      <spirit:slave/>
      <spirit:signalMap>
        <spirit:signalName>
          <spirit:componentSignalName>clk</spirit:componentSignalName>
          <spirit:busSignalName>CLK</spirit:busSignalName>
        </spirit:signalName>
      </spirit:signalMap>
    </spirit:busInterface>
    <spirit:busInterface>
      <spirit:name>AMBAHCLK</spirit:name>
      <spirit:busType spirit:vendor="amba.com" spirit:library="AMBA2" spirit:name="AHB" spirit:version="r2p0_6"/>
      <spirit:mirroredSystem>
        <spirit:group>ahb_clk</spirit:group>
      </spirit:mirroredSystem>
      <spirit:signalMap>
        <spirit:signalName>
          <spirit:componentSignalName>clk</spirit:componentSignalName>
          <spirit:busSignalName>HCLK</spirit:busSignalName>
        </spirit:signalName>
      </spirit:signalMap>
    </spirit:busInterface>
    <spirit:busInterface>
      <spirit:name>AHBReset</spirit:name>
      <spirit:busType spirit:vendor="spiritconsortium.org" spirit:library="busdef.reset" spirit:name="reset" spirit:version="1.0"/>
      <spirit:slave/>
      <spirit:signalMap>
        <spirit:signalName>
          <spirit:componentSignalName>rst</spirit:componentSignalName>
          <spirit:busSignalName>RESETn</spirit:busSignalName>
        </spirit:signalName>
      </spirit:signalMap>
    </spirit:busInterface>
    <spirit:busInterface>
      <spirit:name>AMBAHRESET</spirit:name>
      <spirit:busType spirit:vendor="amba.com" spirit:library="AMBA2" spirit:name="AHB" spirit:version="r2p0_6"/>
      <spirit:mirroredSystem>
        <spirit:group>ahb_reset</spirit:group>
      </spirit:mirroredSystem>
      <spirit:signalMap>
        <spirit:signalName>
          <spirit:componentSignalName>rst</spirit:componentSignalName>
          <spirit:busSignalName>HRESETn</spirit:busSignalName>
        </spirit:signalName>
      </spirit:signalMap>
    </spirit:busInterface>
    <spirit:busInterface>
      <spirit:name>MirroredMaster0</spirit:name>
      <spirit:busType spirit:vendor="amba.com" spirit:library="AMBA2" spirit:name="AHB" spirit:version="r2p0_6"/>
      <spirit:mirroredMaster/>
      <spirit:connection>required</spirit:connection>
      <spirit:signalMap>
        <spirit:signalName>
          <spirit:componentSignalName>hgrant_mst0</spirit:componentSignalName>
          <spirit:busSignalName>HGRANTx</spirit:busSignalName>
        </spirit:signalName>
        <spirit:signalName>
          <spirit:componentSignalName>hready_mst0</spirit:componentSignalName>
          <spirit:busSignalName>HREADY</spirit:busSignalName>
        </spirit:signalName>
        <spirit:signalName>
          <spirit:componentSignalName>hresp_mst0</spirit:componentSignalName>
          <spirit:busSignalName>HRESP</spirit:busSignalName>
        </spirit:signalName>
        <spirit:signalName>
          <spirit:componentSignalName>hrdata_mst0</spirit:componentSignalName>
          <spirit:busSignalName>HRDATA</spirit:busSignalName>
        </spirit:signalName>
        <spirit:signalName>
          <spirit:componentSignalName>hbusreq_mst0</spirit:componentSignalName>
          <spirit:busSignalName>HBUSREQx</spirit:busSignalName>
        </spirit:signalName>
        <spirit:signalName>
          <spirit:componentSignalName>hlock_mst0</spirit:componentSignalName>
          <spirit:busSignalName>HLOCKx</spirit:busSignalName>
        </spirit:signalName>
        <spirit:signalName>
          <spirit:componentSignalName>htrans_mst0</spirit:componentSignalName>
          <spirit:busSignalName>HTRANS</spirit:busSignalName>
        </spirit:signalName>
        <spirit:signalName>
          <spirit:componentSignalName>haddr_mst0</spirit:componentSignalName>
          <spirit:busSignalName>HADDR</spirit:busSignalName>
        </spirit:signalName>
        <spirit:signalName>
          <spirit:componentSignalName>hwrite_mst0</spirit:componentSignalName>
          <spirit:busSignalName>HWRITE</spirit:busSignalName>
        </spirit:signalName>
        <spirit:signalName>
          <spirit:componentSignalName>hsize_mst0</spirit:componentSignalName>
          <spirit:busSignalName>HSIZE</spirit:busSignalName>
        </spirit:signalName>
        <spirit:signalName>
          <spirit:componentSignalName>hburst_mst0</spirit:componentSignalName>
          <spirit:busSignalName>HBURST</spirit:busSignalName>
        </spirit:signalName>
        <spirit:signalName>
          <spirit:componentSignalName>hprot_mst0</spirit:componentSignalName>
          <spirit:busSignalName>HPROT</spirit:busSignalName>
        </spirit:signalName>
        <spirit:signalName>
          <spirit:componentSignalName>hwdata_mst0</spirit:componentSignalName>
          <spirit:busSignalName>HWDATA</spirit:busSignalName>
        </spirit:signalName>
      </spirit:signalMap>
    </spirit:busInterface>
    <spirit:busInterface>
      <spirit:name>MirroredMaster1</spirit:name>
      <spirit:busType spirit:vendor="amba.com" spirit:library="AMBA2" spirit:name="AHB" spirit:version="r2p0_6"/>
      <spirit:mirroredMaster/>
      <spirit:connection>required</spirit:connection>
      <spirit:signalMap>
        <spirit:signalName>
          <spirit:componentSignalName>hgrant_mst1</spirit:componentSignalName>
          <spirit:busSignalName>HGRANTx</spirit:busSignalName>
        </spirit:signalName>
        <spirit:signalName>
          <spirit:componentSignalName>hready_mst1</spirit:componentSignalName>
          <spirit:busSignalName>HREADY</spirit:busSignalName>
        </spirit:signalName>
        <spirit:signalName>
          <spirit:componentSignalName>hresp_mst1</spirit:componentSignalName>
          <spirit:busSignalName>HRESP</spirit:busSignalName>
        </spirit:signalName>
        <spirit:signalName>
          <spirit:componentSignalName>hrdata_mst1</spirit:componentSignalName>
          <spirit:busSignalName>HRDATA</spirit:busSignalName>
        </spirit:signalName>
        <spirit:signalName>
          <spirit:componentSignalName>hbusreq_mst1</spirit:componentSignalName>
          <spirit:busSignalName>HBUSREQx</spirit:busSignalName>
        </spirit:signalName>
        <spirit:signalName>
          <spirit:componentSignalName>hlock_mst1</spirit:componentSignalName>
          <spirit:busSignalName>HLOCKx</spirit:busSignalName>
        </spirit:signalName>
        <spirit:signalName>
          <spirit:componentSignalName>htrans_mst1</spirit:componentSignalName>
          <spirit:busSignalName>HTRANS</spirit:busSignalName>
        </spirit:signalName>
        <spirit:signalName>
          <spirit:componentSignalName>haddr_mst1</spirit:componentSignalName>
          <spirit:busSignalName>HADDR</spirit:busSignalName>
        </spirit:signalName>
        <spirit:signalName>
          <spirit:componentSignalName>hwrite_mst1</spirit:componentSignalName>
          <spirit:busSignalName>HWRITE</spirit:busSignalName>
        </spirit:signalName>
        <spirit:signalName>
          <spirit:componentSignalName>hsize_mst1</spirit:componentSignalName>
          <spirit:busSignalName>HSIZE</spirit:busSignalName>
        </spirit:signalName>
        <spirit:signalName>
          <spirit:componentSignalName>hburst_mst1</spirit:componentSignalName>
          <spirit:busSignalName>HBURST</spirit:busSignalName>
        </spirit:signalName>
        <spirit:signalName>
          <spirit:componentSignalName>hprot_mst1</spirit:componentSignalName>
          <spirit:busSignalName>HPROT</spirit:busSignalName>
        </spirit:signalName>
        <spirit:signalName>
          <spirit:componentSignalName>hwdata_mst1</spirit:componentSignalName>
          <spirit:busSignalName>HWDATA</spirit:busSignalName>
        </spirit:signalName>
      </spirit:signalMap>
    </spirit:busInterface>
    <spirit:busInterface>
      <spirit:name>MirroredMaster2</spirit:name>
      <spirit:busType spirit:vendor="amba.com" spirit:library="AMBA2" spirit:name="AHB" spirit:version="r2p0_6"/>
      <spirit:mirroredMaster/>
      <spirit:connection>required</spirit:connection>
      <spirit:signalMap>
        <spirit:signalName>
          <spirit:componentSignalName>hgrant_mst2</spirit:componentSignalName>
          <spirit:busSignalName>HGRANTx</spirit:busSignalName>
        </spirit:signalName>
        <spirit:signalName>
          <spirit:componentSignalName>hready_mst2</spirit:componentSignalName>
          <spirit:busSignalName>HREADY</spirit:busSignalName>
        </spirit:signalName>
        <spirit:signalName>
          <spirit:componentSignalName>hresp_mst2</spirit:componentSignalName>
          <spirit:busSignalName>HRESP</spirit:busSignalName>
        </spirit:signalName>
        <spirit:signalName>
          <spirit:componentSignalName>hrdata_mst2</spirit:componentSignalName>
          <spirit:busSignalName>HRDATA</spirit:busSignalName>
        </spirit:signalName>
        <spirit:signalName>
          <spirit:componentSignalName>hbusreq_mst2</spirit:componentSignalName>
          <spirit:busSignalName>HBUSREQx</spirit:busSignalName>
        </spirit:signalName>
        <spirit:signalName>
          <spirit:componentSignalName>hlock_mst2</spirit:componentSignalName>
          <spirit:busSignalName>HLOCKx</spirit:busSignalName>
        </spirit:signalName>
        <spirit:signalName>
          <spirit:componentSignalName>htrans_mst2</spirit:componentSignalName>
          <spirit:busSignalName>HTRANS</spirit:busSignalName>
        </spirit:signalName>
        <spirit:signalName>
          <spirit:componentSignalName>haddr_mst2</spirit:componentSignalName>
          <spirit:busSignalName>HADDR</spirit:busSignalName>
        </spirit:signalName>
        <spirit:signalName>
          <spirit:componentSignalName>hwrite_mst2</spirit:componentSignalName>
          <spirit:busSignalName>HWRITE</spirit:busSignalName>
        </spirit:signalName>
        <spirit:signalName>
          <spirit:componentSignalName>hsize_mst2</spirit:componentSignalName>
          <spirit:busSignalName>HSIZE</spirit:busSignalName>
        </spirit:signalName>
        <spirit:signalName>
          <spirit:componentSignalName>hburst_mst2</spirit:componentSignalName>
          <spirit:busSignalName>HBURST</spirit:busSignalName>
        </spirit:signalName>
        <spirit:signalName>
          <spirit:componentSignalName>hprot_mst2</spirit:componentSignalName>
          <spirit:busSignalName>HPROT</spirit:busSignalName>
        </spirit:signalName>
        <spirit:signalName>
          <spirit:componentSignalName>hwdata_mst2</spirit:componentSignalName>
          <spirit:busSignalName>HWDATA</spirit:busSignalName>
        </spirit:signalName>
      </spirit:signalMap>
    </spirit:busInterface>
    <spirit:busInterface>
      <spirit:name>MirroredSlave0</spirit:name>
      <spirit:busType spirit:vendor="amba.com" spirit:library="AMBA2" spirit:name="AHB" spirit:version="r2p0_6"/>
      <spirit:mirroredSlave>
        <spirit:baseAddresses>
          <spirit:remapAddress spirit:resolve="user" spirit:id="start_addr_slv0_mirror" spirit:choiceRef="BaseAddressChoices" spirit:configGroups="requiredConfig" spirit:format="choice" spirit:prompt="Slave 0 Starting Address:">0x00000000</spirit:remapAddress>
          <spirit:remapAddress spirit:resolve="user" spirit:id="restart_addr_slv0_mirror" spirit:choiceRef="BaseAddressChoices" spirit:configGroups="requiredConfig" spirit:format="choice" spirit:prompt="Remap Slave 0 Starting Address:" spirit:state="remapped">0x00000000</spirit:remapAddress>
          <spirit:range spirit:resolve="user" spirit:id="range_slv0_mirror" spirit:configGroups="requiredConfig" spirit:prompt="Slave 0 Range:">0x00010000</spirit:range>
        </spirit:baseAddresses>
      </spirit:mirroredSlave>
      <spirit:signalMap>
        <spirit:signalName>
          <spirit:componentSignalName>hsel_slv0</spirit:componentSignalName>
          <spirit:busSignalName>HSELx</spirit:busSignalName>
        </spirit:signalName>
        <spirit:signalName>
          <spirit:componentSignalName>haddr_slv0</spirit:componentSignalName>
          <spirit:busSignalName>HADDR</spirit:busSignalName>
        </spirit:signalName>
        <spirit:signalName>
          <spirit:componentSignalName>hwrite_slv0</spirit:componentSignalName>
          <spirit:busSignalName>HWRITE</spirit:busSignalName>
        </spirit:signalName>
        <spirit:signalName>
          <spirit:componentSignalName>htrans_slv0</spirit:componentSignalName>
          <spirit:busSignalName>HTRANS</spirit:busSignalName>
        </spirit:signalName>
        <spirit:signalName>
          <spirit:componentSignalName>hsize_slv0</spirit:componentSignalName>
          <spirit:busSignalName>HSIZE</spirit:busSignalName>
        </spirit:signalName>
        <spirit:signalName>
          <spirit:componentSignalName>hburst_slv0</spirit:componentSignalName>
          <spirit:busSignalName>HBURST</spirit:busSignalName>
        </spirit:signalName>
        <spirit:signalName>
          <spirit:componentSignalName>hwdata_slv0</spirit:componentSignalName>
          <spirit:busSignalName>HWDATA</spirit:busSignalName>
        </spirit:signalName>
        <spirit:signalName>
          <spirit:componentSignalName>hprot_slv0</spirit:componentSignalName>
          <spirit:busSignalName>HPROT</spirit:busSignalName>
        </spirit:signalName>
        <spirit:signalName>
          <spirit:componentSignalName>hreadyin_slv0</spirit:componentSignalName>
          <spirit:busSignalName>HREADY</spirit:busSignalName>
        </spirit:signalName>
        <spirit:signalName>
          <spirit:componentSignalName>hmaster_slv0</spirit:componentSignalName>
          <spirit:busSignalName>HMASTER</spirit:busSignalName>
        </spirit:signalName>
        <spirit:signalName>
          <spirit:componentSignalName>hmastlock_slv0</spirit:componentSignalName>
          <spirit:busSignalName>HMASTLOCK</spirit:busSignalName>
        </spirit:signalName>
        <spirit:signalName>
          <spirit:componentSignalName>hreadyout_slv0</spirit:componentSignalName>
          <spirit:busSignalName>HREADYOUT</spirit:busSignalName>
        </spirit:signalName>
        <spirit:signalName>
          <spirit:componentSignalName>hresp_slv0</spirit:componentSignalName>
          <spirit:busSignalName>HRESP</spirit:busSignalName>
        </spirit:signalName>
        <spirit:signalName>
          <spirit:componentSignalName>hrdata_slv0</spirit:componentSignalName>
          <spirit:busSignalName>HRDATA</spirit:busSignalName>
        </spirit:signalName>
        <spirit:signalName>
          <spirit:componentSignalName>hsplit_slv0</spirit:componentSignalName>
          <spirit:busSignalName>HSPLITx</spirit:busSignalName>
        </spirit:signalName>
      </spirit:signalMap>
    </spirit:busInterface>
    <spirit:busInterface>
      <spirit:name>MirroredSlave1</spirit:name>
      <spirit:busType spirit:vendor="amba.com" spirit:library="AMBA2" spirit:name="AHB" spirit:version="r2p0_6"/>
      <spirit:mirroredSlave>
        <spirit:baseAddresses>
          <spirit:remapAddress spirit:resolve="user" spirit:id="start_addr_slv1_mirror" spirit:choiceRef="BaseAddressChoices" spirit:configGroups="requiredConfig" spirit:format="choice" spirit:prompt="Slave 1 Starting Address:">0x10000000</spirit:remapAddress>
          <spirit:remapAddress spirit:resolve="user" spirit:id="restart_addr_slv1_mirror" spirit:choiceRef="BaseAddressChoices" spirit:configGroups="requiredConfig" spirit:format="choice" spirit:prompt="Remap Slave 1 Starting Address:" spirit:state="remapped">0x10000000</spirit:remapAddress>
          <spirit:range spirit:resolve="user" spirit:id="range_slv1_mirror" spirit:configGroups="requiredConfig" spirit:prompt="Slave 1 Range:">0x00010000</spirit:range>
        </spirit:baseAddresses>
      </spirit:mirroredSlave>
      <spirit:signalMap>
        <spirit:signalName>
          <spirit:componentSignalName>hsel_slv1</spirit:componentSignalName>
          <spirit:busSignalName>HSELx</spirit:busSignalName>
        </spirit:signalName>
        <spirit:signalName>
          <spirit:componentSignalName>haddr_slv1</spirit:componentSignalName>
          <spirit:busSignalName>HADDR</spirit:busSignalName>
        </spirit:signalName>
        <spirit:signalName>
          <spirit:componentSignalName>hwrite_slv1</spirit:componentSignalName>
          <spirit:busSignalName>HWRITE</spirit:busSignalName>
        </spirit:signalName>
        <spirit:signalName>
          <spirit:componentSignalName>htrans_slv1</spirit:componentSignalName>
          <spirit:busSignalName>HTRANS</spirit:busSignalName>
        </spirit:signalName>
        <spirit:signalName>
          <spirit:componentSignalName>hsize_slv1</spirit:componentSignalName>
          <spirit:busSignalName>HSIZE</spirit:busSignalName>
        </spirit:signalName>
        <spirit:signalName>
          <spirit:componentSignalName>hburst_slv1</spirit:componentSignalName>
          <spirit:busSignalName>HBURST</spirit:busSignalName>
        </spirit:signalName>
        <spirit:signalName>
          <spirit:componentSignalName>hwdata_slv1</spirit:componentSignalName>
          <spirit:busSignalName>HWDATA</spirit:busSignalName>
        </spirit:signalName>
        <spirit:signalName>
          <spirit:componentSignalName>hprot_slv1</spirit:componentSignalName>
          <spirit:busSignalName>HPROT</spirit:busSignalName>
        </spirit:signalName>
        <spirit:signalName>
          <spirit:componentSignalName>hreadyin_slv1</spirit:componentSignalName>
          <spirit:busSignalName>HREADY</spirit:busSignalName>
        </spirit:signalName>
        <spirit:signalName>
          <spirit:componentSignalName>hmaster_slv1</spirit:componentSignalName>
          <spirit:busSignalName>HMASTER</spirit:busSignalName>
        </spirit:signalName>
        <spirit:signalName>
          <spirit:componentSignalName>hmastlock_slv1</spirit:componentSignalName>
          <spirit:busSignalName>HMASTLOCK</spirit:busSignalName>
        </spirit:signalName>
        <spirit:signalName>
          <spirit:componentSignalName>hreadyout_slv1</spirit:componentSignalName>
          <spirit:busSignalName>HREADYOUT</spirit:busSignalName>
        </spirit:signalName>
        <spirit:signalName>
          <spirit:componentSignalName>hresp_slv1</spirit:componentSignalName>
          <spirit:busSignalName>HRESP</spirit:busSignalName>
        </spirit:signalName>
        <spirit:signalName>
          <spirit:componentSignalName>hrdata_slv1</spirit:componentSignalName>
          <spirit:busSignalName>HRDATA</spirit:busSignalName>
        </spirit:signalName>
        <spirit:signalName>
          <spirit:componentSignalName>hsplit_slv1</spirit:componentSignalName>
          <spirit:busSignalName>HSPLITx</spirit:busSignalName>
        </spirit:signalName>
      </spirit:signalMap>
    </spirit:busInterface>
    <spirit:busInterface>
      <spirit:name>MirroredSlave2</spirit:name>
      <spirit:busType spirit:vendor="amba.com" spirit:library="AMBA2" spirit:name="AHB" spirit:version="r2p0_6"/>
      <spirit:mirroredSlave>
        <spirit:baseAddresses>
          <spirit:remapAddress spirit:resolve="user" spirit:id="start_addr_slv2_mirror" spirit:choiceRef="BaseAddressChoices" spirit:configGroups="requiredConfig" spirit:format="choice" spirit:prompt="Slave 2 Starting Address:">0x20000000</spirit:remapAddress>
          <spirit:remapAddress spirit:resolve="user" spirit:id="restart_addr_slv2_mirror" spirit:choiceRef="BaseAddressChoices" spirit:configGroups="requiredConfig" spirit:format="choice" spirit:prompt="Remap Slave 2 Starting Address:" spirit:state="remapped">0x20000000</spirit:remapAddress>
          <spirit:range spirit:resolve="user" spirit:id="range_slv2_mirror" spirit:configGroups="requiredConfig" spirit:prompt="Slave 2 Range:">0x00010000</spirit:range>
        </spirit:baseAddresses>
      </spirit:mirroredSlave>
      <spirit:signalMap>
        <spirit:signalName>
          <spirit:componentSignalName>hsel_slv2</spirit:componentSignalName>
          <spirit:busSignalName>HSELx</spirit:busSignalName>
        </spirit:signalName>
        <spirit:signalName>
          <spirit:componentSignalName>haddr_slv2</spirit:componentSignalName>
          <spirit:busSignalName>HADDR</spirit:busSignalName>
        </spirit:signalName>
        <spirit:signalName>
          <spirit:componentSignalName>hwrite_slv2</spirit:componentSignalName>
          <spirit:busSignalName>HWRITE</spirit:busSignalName>
        </spirit:signalName>
        <spirit:signalName>
          <spirit:componentSignalName>htrans_slv2</spirit:componentSignalName>
          <spirit:busSignalName>HTRANS</spirit:busSignalName>
        </spirit:signalName>
        <spirit:signalName>
          <spirit:componentSignalName>hsize_slv2</spirit:componentSignalName>
          <spirit:busSignalName>HSIZE</spirit:busSignalName>
        </spirit:signalName>
        <spirit:signalName>
          <spirit:componentSignalName>hburst_slv2</spirit:componentSignalName>
          <spirit:busSignalName>HBURST</spirit:busSignalName>
        </spirit:signalName>
        <spirit:signalName>
          <spirit:componentSignalName>hwdata_slv2</spirit:componentSignalName>
          <spirit:busSignalName>HWDATA</spirit:busSignalName>
        </spirit:signalName>
        <spirit:signalName>
          <spirit:componentSignalName>hprot_slv2</spirit:componentSignalName>
          <spirit:busSignalName>HPROT</spirit:busSignalName>
        </spirit:signalName>
        <spirit:signalName>
          <spirit:componentSignalName>hreadyin_slv2</spirit:componentSignalName>
          <spirit:busSignalName>HREADY</spirit:busSignalName>
        </spirit:signalName>
        <spirit:signalName>
          <spirit:componentSignalName>hmaster_slv2</spirit:componentSignalName>
          <spirit:busSignalName>HMASTER</spirit:busSignalName>
        </spirit:signalName>
        <spirit:signalName>
          <spirit:componentSignalName>hmastlock_slv2</spirit:componentSignalName>
          <spirit:busSignalName>HMASTLOCK</spirit:busSignalName>
        </spirit:signalName>
        <spirit:signalName>
          <spirit:componentSignalName>hreadyout_slv2</spirit:componentSignalName>
          <spirit:busSignalName>HREADYOUT</spirit:busSignalName>
        </spirit:signalName>
        <spirit:signalName>
          <spirit:componentSignalName>hresp_slv2</spirit:componentSignalName>
          <spirit:busSignalName>HRESP</spirit:busSignalName>
        </spirit:signalName>
        <spirit:signalName>
          <spirit:componentSignalName>hrdata_slv2</spirit:componentSignalName>
          <spirit:busSignalName>HRDATA</spirit:busSignalName>
        </spirit:signalName>
        <spirit:signalName>
          <spirit:componentSignalName>hsplit_slv2</spirit:componentSignalName>
          <spirit:busSignalName>HSPLITx</spirit:busSignalName>
        </spirit:signalName>
      </spirit:signalMap>
    </spirit:busInterface>
    <spirit:busInterface>
      <spirit:name>MirroredSlave3</spirit:name>
      <spirit:busType spirit:vendor="amba.com" spirit:library="AMBA2" spirit:name="AHB" spirit:version="r2p0_6"/>
      <spirit:mirroredSlave>
        <spirit:baseAddresses>
          <spirit:remapAddress spirit:resolve="user" spirit:id="start_addr_slv3_mirror" spirit:choiceRef="BaseAddressChoices" spirit:configGroups="requiredConfig" spirit:format="choice" spirit:prompt="Slave 3 Starting Address:">0x30000000</spirit:remapAddress>
          <spirit:remapAddress spirit:resolve="user" spirit:id="restart_addr_slv3_mirror" spirit:choiceRef="BaseAddressChoices" spirit:configGroups="requiredConfig" spirit:format="choice" spirit:prompt="Remap Slave 3 Starting Address:" spirit:state="remapped">0x30000000</spirit:remapAddress>
          <spirit:range spirit:resolve="user" spirit:id="range_slv3_mirror" spirit:configGroups="requiredConfig" spirit:prompt="Slave 3 Range:">0x00010000</spirit:range>
        </spirit:baseAddresses>
      </spirit:mirroredSlave>
      <spirit:signalMap>
        <spirit:signalName>
          <spirit:componentSignalName>hsel_slv3</spirit:componentSignalName>
          <spirit:busSignalName>HSELx</spirit:busSignalName>
        </spirit:signalName>
        <spirit:signalName>
          <spirit:componentSignalName>haddr_slv3</spirit:componentSignalName>
          <spirit:busSignalName>HADDR</spirit:busSignalName>
        </spirit:signalName>
        <spirit:signalName>
          <spirit:componentSignalName>hwrite_slv3</spirit:componentSignalName>
          <spirit:busSignalName>HWRITE</spirit:busSignalName>
        </spirit:signalName>
        <spirit:signalName>
          <spirit:componentSignalName>htrans_slv3</spirit:componentSignalName>
          <spirit:busSignalName>HTRANS</spirit:busSignalName>
        </spirit:signalName>
        <spirit:signalName>
          <spirit:componentSignalName>hsize_slv3</spirit:componentSignalName>
          <spirit:busSignalName>HSIZE</spirit:busSignalName>
        </spirit:signalName>
        <spirit:signalName>
          <spirit:componentSignalName>hburst_slv3</spirit:componentSignalName>
          <spirit:busSignalName>HBURST</spirit:busSignalName>
        </spirit:signalName>
        <spirit:signalName>
          <spirit:componentSignalName>hwdata_slv3</spirit:componentSignalName>
          <spirit:busSignalName>HWDATA</spirit:busSignalName>
        </spirit:signalName>
        <spirit:signalName>
          <spirit:componentSignalName>hprot_slv3</spirit:componentSignalName>
          <spirit:busSignalName>HPROT</spirit:busSignalName>
        </spirit:signalName>
        <spirit:signalName>
          <spirit:componentSignalName>hreadyin_slv3</spirit:componentSignalName>
          <spirit:busSignalName>HREADY</spirit:busSignalName>
        </spirit:signalName>
        <spirit:signalName>
          <spirit:componentSignalName>hmaster_slv3</spirit:componentSignalName>
          <spirit:busSignalName>HMASTER</spirit:busSignalName>
        </spirit:signalName>
        <spirit:signalName>
          <spirit:componentSignalName>hmastlock_slv3</spirit:componentSignalName>
          <spirit:busSignalName>HMASTLOCK</spirit:busSignalName>
        </spirit:signalName>
        <spirit:signalName>
          <spirit:componentSignalName>hreadyout_slv3</spirit:componentSignalName>
          <spirit:busSignalName>HREADYOUT</spirit:busSignalName>
        </spirit:signalName>
        <spirit:signalName>
          <spirit:componentSignalName>hresp_slv3</spirit:componentSignalName>
          <spirit:busSignalName>HRESP</spirit:busSignalName>
        </spirit:signalName>
        <spirit:signalName>
          <spirit:componentSignalName>hrdata_slv3</spirit:componentSignalName>
          <spirit:busSignalName>HRDATA</spirit:busSignalName>
        </spirit:signalName>
        <spirit:signalName>
          <spirit:componentSignalName>hsplit_slv3</spirit:componentSignalName>
          <spirit:busSignalName>HSPLITx</spirit:busSignalName>
        </spirit:signalName>
      </spirit:signalMap>
    </spirit:busInterface>
  </spirit:busInterfaces>
  <spirit:channels>
    <spirit:channel>
      <spirit:name>AHBChannel</spirit:name>
      <spirit:maxMasters>3</spirit:maxMasters>
      <spirit:maxSlaves>4</spirit:maxSlaves>
      <spirit:busInterfaceRef>MirroredMaster0</spirit:busInterfaceRef>
      <spirit:busInterfaceRef>MirroredMaster1</spirit:busInterfaceRef>
      <spirit:busInterfaceRef>MirroredMaster2</spirit:busInterfaceRef>
      <spirit:busInterfaceRef>MirroredSlave0</spirit:busInterfaceRef>
      <spirit:busInterfaceRef>MirroredSlave1</spirit:busInterfaceRef>
      <spirit:busInterfaceRef>MirroredSlave2</spirit:busInterfaceRef>
      <spirit:busInterfaceRef>MirroredSlave3</spirit:busInterfaceRef>
      <spirit:busInterfaceRef>AMBAHCLK</spirit:busInterfaceRef>
      <spirit:busInterfaceRef>AMBAHRESET</spirit:busInterfaceRef>
    </spirit:channel>
  </spirit:channels>
  <spirit:remapStates>
    <spirit:remapState spirit:name="remapped">
      <spirit:remapSignal spirit:id="remap">true</spirit:remapSignal>
    </spirit:remapState>
  </spirit:remapStates>
  <spirit:model>
    <spirit:views>
      <spirit:view>
        <spirit:name>vhdlsource</spirit:name>
        <spirit:envIdentifier>:modelsim.mentor.com:</spirit:envIdentifier>
        <spirit:envIdentifier>:ncsim.cadence.com:</spirit:envIdentifier>
        <spirit:envIdentifier>:vcs.synopsys.com:</spirit:envIdentifier>
        <spirit:envIdentifier>:designcompiler.synopsys.com:</spirit:envIdentifier>
        <spirit:language>vhdl</spirit:language>
        <spirit:modelName>leon2Ahbbus34(struct)</spirit:modelName>
        <spirit:fileSetRef>fs-vhdlSource</spirit:fileSetRef>
      </spirit:view>
    </spirit:views>
    <spirit:signals>
      <spirit:signal>
        <spirit:name>rst</spirit:name>
        <spirit:direction>in</spirit:direction>
      </spirit:signal>
      <spirit:signal>
        <spirit:name>remap</spirit:name>
        <spirit:direction>in</spirit:direction>
        <spirit:defaultValue>
          <spirit:value>0x0</spirit:value>
        </spirit:defaultValue>
      </spirit:signal>
      <spirit:signal>
        <spirit:name>clk</spirit:name>
        <spirit:direction>in</spirit:direction>
      </spirit:signal>
      <spirit:signal>
        <spirit:name>hgrant_mst0</spirit:name>
        <spirit:direction>out</spirit:direction>
      </spirit:signal>
      <spirit:signal>
        <spirit:name>hready_mst0</spirit:name>
        <spirit:direction>out</spirit:direction>
      </spirit:signal>
      <spirit:signal>
        <spirit:name>hresp_mst0</spirit:name>
        <spirit:direction>out</spirit:direction>
        <spirit:left>1</spirit:left>
        <spirit:right>0</spirit:right>
      </spirit:signal>
      <spirit:signal>
        <spirit:name>hrdata_mst0</spirit:name>
        <spirit:direction>out</spirit:direction>
        <spirit:left>31</spirit:left>
        <spirit:right>0</spirit:right>
      </spirit:signal>
      <spirit:signal>
        <spirit:name>hgrant_mst1</spirit:name>
        <spirit:direction>out</spirit:direction>
      </spirit:signal>
      <spirit:signal>
        <spirit:name>hready_mst1</spirit:name>
        <spirit:direction>out</spirit:direction>
      </spirit:signal>
      <spirit:signal>
        <spirit:name>hresp_mst1</spirit:name>
        <spirit:direction>out</spirit:direction>
        <spirit:left>1</spirit:left>
        <spirit:right>0</spirit:right>
      </spirit:signal>
      <spirit:signal>
        <spirit:name>hrdata_mst1</spirit:name>
        <spirit:direction>out</spirit:direction>
        <spirit:left>31</spirit:left>
        <spirit:right>0</spirit:right>
      </spirit:signal>
      <spirit:signal>
        <spirit:name>hbusreq_mst0</spirit:name>
        <spirit:direction>in</spirit:direction>
      </spirit:signal>
      <spirit:signal>
        <spirit:name>hlock_mst0</spirit:name>
        <spirit:direction>in</spirit:direction>
      </spirit:signal>
      <spirit:signal>
        <spirit:name>htrans_mst0</spirit:name>
        <spirit:direction>in</spirit:direction>
        <spirit:left>1</spirit:left>
        <spirit:right>0</spirit:right>
      </spirit:signal>
      <spirit:signal>
        <spirit:name>haddr_mst0</spirit:name>
        <spirit:direction>in</spirit:direction>
        <spirit:left>31</spirit:left>
        <spirit:right>0</spirit:right>
      </spirit:signal>
      <spirit:signal>
        <spirit:name>hwrite_mst0</spirit:name>
        <spirit:direction>in</spirit:direction>
      </spirit:signal>
      <spirit:signal>
        <spirit:name>hsize_mst0</spirit:name>
        <spirit:direction>in</spirit:direction>
        <spirit:left>2</spirit:left>
        <spirit:right>0</spirit:right>
      </spirit:signal>
      <spirit:signal>
        <spirit:name>hburst_mst0</spirit:name>
        <spirit:direction>in</spirit:direction>
        <spirit:left>2</spirit:left>
        <spirit:right>0</spirit:right>
      </spirit:signal>
      <spirit:signal>
        <spirit:name>hprot_mst0</spirit:name>
        <spirit:direction>in</spirit:direction>
        <spirit:left>3</spirit:left>
        <spirit:right>0</spirit:right>
      </spirit:signal>
      <spirit:signal>
        <spirit:name>hwdata_mst0</spirit:name>
        <spirit:direction>in</spirit:direction>
        <spirit:left>31</spirit:left>
        <spirit:right>0</spirit:right>
      </spirit:signal>
      <spirit:signal>
        <spirit:name>hbusreq_mst1</spirit:name>
        <spirit:direction>in</spirit:direction>
      </spirit:signal>
      <spirit:signal>
        <spirit:name>hlock_mst1</spirit:name>
        <spirit:direction>in</spirit:direction>
      </spirit:signal>
      <spirit:signal>
        <spirit:name>htrans_mst1</spirit:name>
        <spirit:direction>in</spirit:direction>
        <spirit:left>1</spirit:left>
        <spirit:right>0</spirit:right>
      </spirit:signal>
      <spirit:signal>
        <spirit:name>haddr_mst1</spirit:name>
        <spirit:direction>in</spirit:direction>
        <spirit:left>31</spirit:left>
        <spirit:right>0</spirit:right>
      </spirit:signal>
      <spirit:signal>
        <spirit:name>hwrite_mst1</spirit:name>
        <spirit:direction>in</spirit:direction>
      </spirit:signal>
      <spirit:signal>
        <spirit:name>hsize_mst1</spirit:name>
        <spirit:direction>in</spirit:direction>
        <spirit:left>2</spirit:left>
        <spirit:right>0</spirit:right>
      </spirit:signal>
      <spirit:signal>
        <spirit:name>hburst_mst1</spirit:name>
        <spirit:direction>in</spirit:direction>
        <spirit:left>2</spirit:left>
        <spirit:right>0</spirit:right>
      </spirit:signal>
      <spirit:signal>
        <spirit:name>hprot_mst1</spirit:name>
        <spirit:direction>in</spirit:direction>
        <spirit:left>3</spirit:left>
        <spirit:right>0</spirit:right>
      </spirit:signal>
      <spirit:signal>
        <spirit:name>hwdata_mst1</spirit:name>
        <spirit:direction>in</spirit:direction>
        <spirit:left>31</spirit:left>
        <spirit:right>0</spirit:right>
      </spirit:signal>
      <spirit:signal>
        <spirit:name>hbusreq_mst2</spirit:name>
        <spirit:direction>in</spirit:direction>
      </spirit:signal>
      <spirit:signal>
        <spirit:name>hlock_mst2</spirit:name>
        <spirit:direction>in</spirit:direction>
      </spirit:signal>
      <spirit:signal>
        <spirit:name>htrans_mst2</spirit:name>
        <spirit:direction>in</spirit:direction>
        <spirit:left>1</spirit:left>
        <spirit:right>0</spirit:right>
      </spirit:signal>
      <spirit:signal>
        <spirit:name>haddr_mst2</spirit:name>
        <spirit:direction>in</spirit:direction>
        <spirit:left>31</spirit:left>
        <spirit:right>0</spirit:right>
      </spirit:signal>
      <spirit:signal>
        <spirit:name>hwrite_mst2</spirit:name>
        <spirit:direction>in</spirit:direction>
      </spirit:signal>
      <spirit:signal>
        <spirit:name>hsize_mst2</spirit:name>
        <spirit:direction>in</spirit:direction>
        <spirit:left>2</spirit:left>
        <spirit:right>0</spirit:right>
      </spirit:signal>
      <spirit:signal>
        <spirit:name>hburst_mst2</spirit:name>
        <spirit:direction>in</spirit:direction>
        <spirit:left>2</spirit:left>
        <spirit:right>0</spirit:right>
      </spirit:signal>
      <spirit:signal>
        <spirit:name>hprot_mst2</spirit:name>
        <spirit:direction>in</spirit:direction>
        <spirit:left>3</spirit:left>
        <spirit:right>0</spirit:right>
      </spirit:signal>
      <spirit:signal>
        <spirit:name>hwdata_mst2</spirit:name>
        <spirit:direction>in</spirit:direction>
        <spirit:left>31</spirit:left>
        <spirit:right>0</spirit:right>
      </spirit:signal>
      <spirit:signal>
        <spirit:name>hgrant_mst2</spirit:name>
        <spirit:direction>out</spirit:direction>
      </spirit:signal>
      <spirit:signal>
        <spirit:name>hready_mst2</spirit:name>
        <spirit:direction>out</spirit:direction>
      </spirit:signal>
      <spirit:signal>
        <spirit:name>hresp_mst2</spirit:name>
        <spirit:direction>out</spirit:direction>
        <spirit:left>1</spirit:left>
        <spirit:right>0</spirit:right>
      </spirit:signal>
      <spirit:signal>
        <spirit:name>hrdata_mst2</spirit:name>
        <spirit:direction>out</spirit:direction>
        <spirit:left>31</spirit:left>
        <spirit:right>0</spirit:right>
      </spirit:signal>
      <spirit:signal>
        <spirit:name>hsel_slv0</spirit:name>
        <spirit:direction>out</spirit:direction>
      </spirit:signal>
      <spirit:signal>
        <spirit:name>haddr_slv0</spirit:name>
        <spirit:direction>out</spirit:direction>
        <spirit:left>31</spirit:left>
        <spirit:right>0</spirit:right>
      </spirit:signal>
      <spirit:signal>
        <spirit:name>hwrite_slv0</spirit:name>
        <spirit:direction>out</spirit:direction>
      </spirit:signal>
      <spirit:signal>
        <spirit:name>htrans_slv0</spirit:name>
        <spirit:direction>out</spirit:direction>
        <spirit:left>1</spirit:left>
        <spirit:right>0</spirit:right>
      </spirit:signal>
      <spirit:signal>
        <spirit:name>hsize_slv0</spirit:name>
        <spirit:direction>out</spirit:direction>
        <spirit:left>2</spirit:left>
        <spirit:right>0</spirit:right>
      </spirit:signal>
      <spirit:signal>
        <spirit:name>hburst_slv0</spirit:name>
        <spirit:direction>out</spirit:direction>
        <spirit:left>2</spirit:left>
        <spirit:right>0</spirit:right>
      </spirit:signal>
      <spirit:signal>
        <spirit:name>hwdata_slv0</spirit:name>
        <spirit:direction>out</spirit:direction>
        <spirit:left>31</spirit:left>
        <spirit:right>0</spirit:right>
      </spirit:signal>
      <spirit:signal>
        <spirit:name>hprot_slv0</spirit:name>
        <spirit:direction>out</spirit:direction>
        <spirit:left>3</spirit:left>
        <spirit:right>0</spirit:right>
      </spirit:signal>
      <spirit:signal>
        <spirit:name>hreadyin_slv0</spirit:name>
        <spirit:direction>out</spirit:direction>
      </spirit:signal>
      <spirit:signal>
        <spirit:name>hmaster_slv0</spirit:name>
        <spirit:direction>out</spirit:direction>
        <spirit:left>3</spirit:left>
        <spirit:right>0</spirit:right>
      </spirit:signal>
      <spirit:signal>
        <spirit:name>hmastlock_slv0</spirit:name>
        <spirit:direction>out</spirit:direction>
      </spirit:signal>
      <spirit:signal>
        <spirit:name>hreadyout_slv0</spirit:name>
        <spirit:direction>in</spirit:direction>
        <spirit:defaultValue>
          <spirit:value>0x0</spirit:value>
        </spirit:defaultValue>
      </spirit:signal>
      <spirit:signal>
        <spirit:name>hresp_slv0</spirit:name>
        <spirit:direction>in</spirit:direction>
        <spirit:left>1</spirit:left>
        <spirit:right>0</spirit:right>
        <spirit:defaultValue>
          <spirit:value>0x0</spirit:value>
        </spirit:defaultValue>
      </spirit:signal>
      <spirit:signal>
        <spirit:name>hrdata_slv0</spirit:name>
        <spirit:direction>in</spirit:direction>
        <spirit:left>31</spirit:left>
        <spirit:right>0</spirit:right>
        <spirit:defaultValue>
          <spirit:value>0x0</spirit:value>
        </spirit:defaultValue>
      </spirit:signal>
      <spirit:signal>
        <spirit:name>hsplit_slv0</spirit:name>
        <spirit:direction>in</spirit:direction>
        <spirit:left>15</spirit:left>
        <spirit:right>0</spirit:right>
        <spirit:defaultValue>
          <spirit:value>0x0</spirit:value>
        </spirit:defaultValue>
      </spirit:signal>
      <spirit:signal>
        <spirit:name>hsel_slv1</spirit:name>
        <spirit:direction>out</spirit:direction>
      </spirit:signal>
      <spirit:signal>
        <spirit:name>haddr_slv1</spirit:name>
        <spirit:direction>out</spirit:direction>
        <spirit:left>31</spirit:left>
        <spirit:right>0</spirit:right>
      </spirit:signal>
      <spirit:signal>
        <spirit:name>hwrite_slv1</spirit:name>
        <spirit:direction>out</spirit:direction>
      </spirit:signal>
      <spirit:signal>
        <spirit:name>htrans_slv1</spirit:name>
        <spirit:direction>out</spirit:direction>
        <spirit:left>1</spirit:left>
        <spirit:right>0</spirit:right>
      </spirit:signal>
      <spirit:signal>
        <spirit:name>hsize_slv1</spirit:name>
        <spirit:direction>out</spirit:direction>
        <spirit:left>2</spirit:left>
        <spirit:right>0</spirit:right>
      </spirit:signal>
      <spirit:signal>
        <spirit:name>hburst_slv1</spirit:name>
        <spirit:direction>out</spirit:direction>
        <spirit:left>2</spirit:left>
        <spirit:right>0</spirit:right>
      </spirit:signal>
      <spirit:signal>
        <spirit:name>hwdata_slv1</spirit:name>
        <spirit:direction>out</spirit:direction>
        <spirit:left>31</spirit:left>
        <spirit:right>0</spirit:right>
      </spirit:signal>
      <spirit:signal>
        <spirit:name>hprot_slv1</spirit:name>
        <spirit:direction>out</spirit:direction>
        <spirit:left>3</spirit:left>
        <spirit:right>0</spirit:right>
      </spirit:signal>
      <spirit:signal>
        <spirit:name>hreadyin_slv1</spirit:name>
        <spirit:direction>out</spirit:direction>
      </spirit:signal>
      <spirit:signal>
        <spirit:name>hmaster_slv1</spirit:name>
        <spirit:direction>out</spirit:direction>
        <spirit:left>3</spirit:left>
        <spirit:right>0</spirit:right>
      </spirit:signal>
      <spirit:signal>
        <spirit:name>hmastlock_slv1</spirit:name>
        <spirit:direction>out</spirit:direction>
      </spirit:signal>
      <spirit:signal>
        <spirit:name>hreadyout_slv1</spirit:name>
        <spirit:direction>in</spirit:direction>
        <spirit:defaultValue>
          <spirit:value>0x0</spirit:value>
        </spirit:defaultValue>
      </spirit:signal>
      <spirit:signal>
        <spirit:name>hresp_slv1</spirit:name>
        <spirit:direction>in</spirit:direction>
        <spirit:left>1</spirit:left>
        <spirit:right>0</spirit:right>
        <spirit:defaultValue>
          <spirit:value>0x0</spirit:value>
        </spirit:defaultValue>
      </spirit:signal>
      <spirit:signal>
        <spirit:name>hrdata_slv1</spirit:name>
        <spirit:direction>in</spirit:direction>
        <spirit:left>31</spirit:left>
        <spirit:right>0</spirit:right>
        <spirit:defaultValue>
          <spirit:value>0x0</spirit:value>
        </spirit:defaultValue>
      </spirit:signal>
      <spirit:signal>
        <spirit:name>hsplit_slv1</spirit:name>
        <spirit:direction>in</spirit:direction>
        <spirit:left>15</spirit:left>
        <spirit:right>0</spirit:right>
        <spirit:defaultValue>
          <spirit:value>0x0</spirit:value>
        </spirit:defaultValue>
      </spirit:signal>
      <spirit:signal>
        <spirit:name>hsel_slv2</spirit:name>
        <spirit:direction>out</spirit:direction>
      </spirit:signal>
      <spirit:signal>
        <spirit:name>haddr_slv2</spirit:name>
        <spirit:direction>out</spirit:direction>
        <spirit:left>31</spirit:left>
        <spirit:right>0</spirit:right>
      </spirit:signal>
      <spirit:signal>
        <spirit:name>hwrite_slv2</spirit:name>
        <spirit:direction>out</spirit:direction>
      </spirit:signal>
      <spirit:signal>
        <spirit:name>htrans_slv2</spirit:name>
        <spirit:direction>out</spirit:direction>
        <spirit:left>1</spirit:left>
        <spirit:right>0</spirit:right>
      </spirit:signal>
      <spirit:signal>
        <spirit:name>hsize_slv2</spirit:name>
        <spirit:direction>out</spirit:direction>
        <spirit:left>2</spirit:left>
        <spirit:right>0</spirit:right>
      </spirit:signal>
      <spirit:signal>
        <spirit:name>hburst_slv2</spirit:name>
        <spirit:direction>out</spirit:direction>
        <spirit:left>2</spirit:left>
        <spirit:right>0</spirit:right>
      </spirit:signal>
      <spirit:signal>
        <spirit:name>hwdata_slv2</spirit:name>
        <spirit:direction>out</spirit:direction>
        <spirit:left>31</spirit:left>
        <spirit:right>0</spirit:right>
      </spirit:signal>
      <spirit:signal>
        <spirit:name>hprot_slv2</spirit:name>
        <spirit:direction>out</spirit:direction>
        <spirit:left>3</spirit:left>
        <spirit:right>0</spirit:right>
      </spirit:signal>
      <spirit:signal>
        <spirit:name>hreadyin_slv2</spirit:name>
        <spirit:direction>out</spirit:direction>
      </spirit:signal>
      <spirit:signal>
        <spirit:name>hmaster_slv2</spirit:name>
        <spirit:direction>out</spirit:direction>
        <spirit:left>3</spirit:left>
        <spirit:right>0</spirit:right>
      </spirit:signal>
      <spirit:signal>
        <spirit:name>hmastlock_slv2</spirit:name>
        <spirit:direction>out</spirit:direction>
      </spirit:signal>
      <spirit:signal>
        <spirit:name>hreadyout_slv2</spirit:name>
        <spirit:direction>in</spirit:direction>
        <spirit:defaultValue>
          <spirit:value>0x0</spirit:value>
        </spirit:defaultValue>
      </spirit:signal>
      <spirit:signal>
        <spirit:name>hresp_slv2</spirit:name>
        <spirit:direction>in</spirit:direction>
        <spirit:left>1</spirit:left>
        <spirit:right>0</spirit:right>
        <spirit:defaultValue>
          <spirit:value>0x0</spirit:value>
        </spirit:defaultValue>
      </spirit:signal>
      <spirit:signal>
        <spirit:name>hrdata_slv2</spirit:name>
        <spirit:direction>in</spirit:direction>
        <spirit:left>31</spirit:left>
        <spirit:right>0</spirit:right>
        <spirit:defaultValue>
          <spirit:value>0x0</spirit:value>
        </spirit:defaultValue>
      </spirit:signal>
      <spirit:signal>
        <spirit:name>hsplit_slv2</spirit:name>
        <spirit:direction>in</spirit:direction>
        <spirit:left>15</spirit:left>
        <spirit:right>0</spirit:right>
        <spirit:defaultValue>
          <spirit:value>0x0</spirit:value>
        </spirit:defaultValue>
      </spirit:signal>
      <spirit:signal>
        <spirit:name>hsel_slv3</spirit:name>
        <spirit:direction>out</spirit:direction>
      </spirit:signal>
      <spirit:signal>
        <spirit:name>haddr_slv3</spirit:name>
        <spirit:direction>out</spirit:direction>
        <spirit:left>31</spirit:left>
        <spirit:right>0</spirit:right>
      </spirit:signal>
      <spirit:signal>
        <spirit:name>hwrite_slv3</spirit:name>
        <spirit:direction>out</spirit:direction>
      </spirit:signal>
      <spirit:signal>
        <spirit:name>htrans_slv3</spirit:name>
        <spirit:direction>out</spirit:direction>
        <spirit:left>1</spirit:left>
        <spirit:right>0</spirit:right>
      </spirit:signal>
      <spirit:signal>
        <spirit:name>hsize_slv3</spirit:name>
        <spirit:direction>out</spirit:direction>
        <spirit:left>2</spirit:left>
        <spirit:right>0</spirit:right>
      </spirit:signal>
      <spirit:signal>
        <spirit:name>hburst_slv3</spirit:name>
        <spirit:direction>out</spirit:direction>
        <spirit:left>2</spirit:left>
        <spirit:right>0</spirit:right>
      </spirit:signal>
      <spirit:signal>
        <spirit:name>hwdata_slv3</spirit:name>
        <spirit:direction>out</spirit:direction>
        <spirit:left>31</spirit:left>
        <spirit:right>0</spirit:right>
      </spirit:signal>
      <spirit:signal>
        <spirit:name>hprot_slv3</spirit:name>
        <spirit:direction>out</spirit:direction>
        <spirit:left>3</spirit:left>
        <spirit:right>0</spirit:right>
      </spirit:signal>
      <spirit:signal>
        <spirit:name>hreadyin_slv3</spirit:name>
        <spirit:direction>out</spirit:direction>
      </spirit:signal>
      <spirit:signal>
        <spirit:name>hmaster_slv3</spirit:name>
        <spirit:direction>out</spirit:direction>
        <spirit:left>3</spirit:left>
        <spirit:right>0</spirit:right>
      </spirit:signal>
      <spirit:signal>
        <spirit:name>hmastlock_slv3</spirit:name>
        <spirit:direction>out</spirit:direction>
      </spirit:signal>
      <spirit:signal>
        <spirit:name>hreadyout_slv3</spirit:name>
        <spirit:direction>in</spirit:direction>
        <spirit:defaultValue>
          <spirit:value>0x0</spirit:value>
        </spirit:defaultValue>
      </spirit:signal>
      <spirit:signal>
        <spirit:name>hresp_slv3</spirit:name>
        <spirit:direction>in</spirit:direction>
        <spirit:left>1</spirit:left>
        <spirit:right>0</spirit:right>
        <spirit:defaultValue>
          <spirit:value>0x0</spirit:value>
        </spirit:defaultValue>
      </spirit:signal>
      <spirit:signal>
        <spirit:name>hrdata_slv3</spirit:name>
        <spirit:direction>in</spirit:direction>
        <spirit:left>31</spirit:left>
        <spirit:right>0</spirit:right>
        <spirit:defaultValue>
          <spirit:value>0x0</spirit:value>
        </spirit:defaultValue>
      </spirit:signal>
      <spirit:signal>
        <spirit:name>hsplit_slv3</spirit:name>
        <spirit:direction>in</spirit:direction>
        <spirit:left>15</spirit:left>
        <spirit:right>0</spirit:right>
        <spirit:defaultValue>
          <spirit:value>0x0</spirit:value>
        </spirit:defaultValue>
      </spirit:signal>
    </spirit:signals>
    <spirit:modelParameters>
      <spirit:modelParameter spirit:dataType="integer" spirit:id="start_addr_slv0" spirit:name="start_addr_slv0" spirit:resolve="dependent" spirit:dependency="(spirit:decode(id('start_addr_slv0_mirror'))) div 65536">0</spirit:modelParameter>
      <spirit:modelParameter spirit:dataType="integer" spirit:id="restart_addr_slv0" spirit:name="restart_addr_slv0" spirit:resolve="dependent" spirit:dependency="(spirit:decode(id('restart_addr_slv0_mirror'))) div 65536">0</spirit:modelParameter>
      <spirit:modelParameter spirit:dataType="integer" spirit:id="range_slv0" spirit:name="range_slv0" spirit:resolve="dependent" spirit:dependency="spirit:decode(id('range_slv0_mirror'))">65536</spirit:modelParameter>
      <spirit:modelParameter spirit:choiceRef="BooleanChoices" spirit:configGroups="requiredConfig" spirit:dataType="boolean" spirit:format="choice" spirit:id="split_slv0" spirit:name="split_slv0" spirit:prompt="Slave 0 Splitted Transactions:" spirit:resolve="user">false</spirit:modelParameter>
      <spirit:modelParameter spirit:dataType="integer" spirit:id="mst_access_slv0" spirit:name="mst_access_slv0" spirit:prompt="Masters that can access Slave 0:" spirit:resolve="immediate">7</spirit:modelParameter>
      <spirit:modelParameter spirit:dataType="integer" spirit:id="start_addr_slv1" spirit:name="start_addr_slv1" spirit:resolve="dependent" spirit:dependency="spirit:decode(id('start_addr_slv1_mirror')) div 65536">4096</spirit:modelParameter>
      <spirit:modelParameter spirit:dataType="integer" spirit:id="restart_addr_slv1" spirit:name="restart_addr_slv1" spirit:resolve="dependent" spirit:dependency="spirit:decode(id('restart_addr_slv1_mirror')) div 65536">4096</spirit:modelParameter>
      <spirit:modelParameter spirit:dataType="integer" spirit:id="range_slv1" spirit:name="range_slv1" spirit:resolve="dependent" spirit:dependency="spirit:decode(id('range_slv1_mirror'))">65536</spirit:modelParameter>
      <spirit:modelParameter spirit:choiceRef="BooleanChoices" spirit:configGroups="requiredConfig" spirit:dataType="boolean" spirit:format="choice" spirit:id="split_slv1" spirit:name="split_slv1" spirit:prompt="Slave 1 Splitted Transactions:" spirit:resolve="user">false</spirit:modelParameter>
      <spirit:modelParameter spirit:dataType="integer" spirit:id="mst_access_slv1" spirit:name="mst_access_slv1" spirit:prompt="Masters that can access Slave 1:" spirit:resolve="immediate">7</spirit:modelParameter>
      <spirit:modelParameter spirit:dataType="integer" spirit:id="start_addr_slv2" spirit:name="start_addr_slv2" spirit:resolve="dependent" spirit:dependency="spirit:decode(id('start_addr_slv2_mirror')) div 65536">4096</spirit:modelParameter>
      <spirit:modelParameter spirit:dataType="integer" spirit:id="restart_addr_slv2" spirit:name="restart_addr_slv2" spirit:resolve="dependent" spirit:dependency="spirit:decode(id('restart_addr_slv2_mirror')) div 65536">4096</spirit:modelParameter>
      <spirit:modelParameter spirit:dataType="integer" spirit:id="range_slv2" spirit:name="range_slv2" spirit:resolve="dependent" spirit:dependency="spirit:decode(id('range_slv2_mirror'))">65536</spirit:modelParameter>
      <spirit:modelParameter spirit:choiceRef="BooleanChoices" spirit:configGroups="requiredConfig" spirit:dataType="boolean" spirit:format="choice" spirit:id="split_slv2" spirit:name="split_slv2" spirit:prompt="Slave 2 Splitted Transactions:" spirit:resolve="user">false</spirit:modelParameter>
      <spirit:modelParameter spirit:dataType="integer" spirit:id="mst_access_slv2" spirit:name="mst_access_slv2" spirit:prompt="Masters that can access Slave 2:" spirit:resolve="immediate">7</spirit:modelParameter>
      <spirit:modelParameter spirit:dataType="integer" spirit:id="start_addr_slv3" spirit:name="start_addr_slv3" spirit:resolve="dependent" spirit:dependency="spirit:decode(id('start_addr_slv3_mirror')) div 65536">4096</spirit:modelParameter>
      <spirit:modelParameter spirit:dataType="integer" spirit:id="restart_addr_slv3" spirit:name="restart_addr_slv3" spirit:resolve="dependent" spirit:dependency="spirit:decode(id('restart_addr_slv3_mirror')) div 65536">4096</spirit:modelParameter>
      <spirit:modelParameter spirit:dataType="integer" spirit:id="range_slv3" spirit:name="range_slv3" spirit:resolve="dependent" spirit:dependency="spirit:decode(id('range_slv3_mirror'))">65536</spirit:modelParameter>
      <spirit:modelParameter spirit:choiceRef="BooleanChoices" spirit:configGroups="requiredConfig" spirit:dataType="boolean" spirit:format="choice" spirit:id="split_slv3" spirit:name="split_slv3" spirit:prompt="Slave 3 Splitted Transactions:" spirit:resolve="user">false</spirit:modelParameter>
      <spirit:modelParameter spirit:dataType="integer" spirit:id="mst_access_slv3" spirit:name="mst_access_slv3" spirit:prompt="Masters that can access Slave 3:" spirit:resolve="immediate">7</spirit:modelParameter>
      <spirit:modelParameter spirit:choiceRef="MasterChoices" spirit:configGroups="requiredConfig" spirit:dataType="integer" spirit:format="choice" spirit:id="defmast" spirit:name="defmast" spirit:prompt="Default master:" spirit:resolve="user">2</spirit:modelParameter>
    </spirit:modelParameters>
  </spirit:model>
  <spirit:choices>
    <spirit:choice>
      <spirit:name>BaseAddressChoices</spirit:name>
      <spirit:enumeration spirit:text="0x00000000">0x00000000</spirit:enumeration>
      <spirit:enumeration spirit:text="0x10000000">0x10000000</spirit:enumeration>
      <spirit:enumeration spirit:text="0x20000000">0x20000000</spirit:enumeration>
      <spirit:enumeration spirit:text="0x30000000">0x30000000</spirit:enumeration>
      <spirit:enumeration spirit:text="0x40000000">0x40000000</spirit:enumeration>
      <spirit:enumeration spirit:text="0x50000000">0x50000000</spirit:enumeration>
      <spirit:enumeration spirit:text="0x60000000">0x60000000</spirit:enumeration>
      <spirit:enumeration spirit:text="0x70000000">0x70000000</spirit:enumeration>
      <spirit:enumeration spirit:text="0x80000000">0x80000000</spirit:enumeration>
      <spirit:enumeration spirit:text="0x90000000">0x90000000</spirit:enumeration>
      <spirit:enumeration spirit:text="0xa0000000">0xa0000000</spirit:enumeration>
      <spirit:enumeration spirit:text="0xb0000000">0xb0000000</spirit:enumeration>
      <spirit:enumeration spirit:text="0xc0000000">0xc0000000</spirit:enumeration>
      <spirit:enumeration spirit:text="0xd0000000">0xd0000000</spirit:enumeration>
      <spirit:enumeration spirit:text="0xe0000000">0xe0000000</spirit:enumeration>
      <spirit:enumeration spirit:text="0xf0000000">0xf0000000</spirit:enumeration>
    </spirit:choice>
    <spirit:choice>
      <spirit:name>BooleanChoices</spirit:name>
      <spirit:enumeration spirit:text="false">false</spirit:enumeration>
      <spirit:enumeration spirit:text="true">true</spirit:enumeration>
    </spirit:choice>
    <spirit:choice>
      <spirit:name>MasterChoices</spirit:name>
      <spirit:enumeration spirit:text="0">0</spirit:enumeration>
      <spirit:enumeration spirit:text="1">1</spirit:enumeration>
      <spirit:enumeration spirit:text="2">2</spirit:enumeration>
    </spirit:choice>
  </spirit:choices>
  <spirit:fileSets>
    <spirit:fileSet spirit:fileSetId="fs-vhdlSource">
      <spirit:file>
        <spirit:name>../../common/target.vhd</spirit:name>
        <spirit:fileType>vhdlSource</spirit:fileType>
        <spirit:logicalName>leon2ahbbus_lib</spirit:logicalName>
      </spirit:file>
      <spirit:file>
        <spirit:name>../../common/device.vhd</spirit:name>
        <spirit:fileType>vhdlSource</spirit:fileType>
        <spirit:logicalName>leon2ahbbus_lib</spirit:logicalName>
      </spirit:file>
      <spirit:file>
        <spirit:name>../../common/config.vhd</spirit:name>
        <spirit:fileType>vhdlSource</spirit:fileType>
        <spirit:logicalName>leon2ahbbus_lib</spirit:logicalName>
      </spirit:file>
      <spirit:file>
        <spirit:name>../../common/sparcv8.vhd</spirit:name>
        <spirit:fileType>vhdlSource</spirit:fileType>
        <spirit:logicalName>leon2ahbbus_lib</spirit:logicalName>
      </spirit:file>
      <spirit:file>
        <spirit:name>../../common/iface.vhd</spirit:name>
        <spirit:fileType>vhdlSource</spirit:fileType>
        <spirit:logicalName>leon2ahbbus_lib</spirit:logicalName>
      </spirit:file>
      <spirit:file>
        <spirit:name>../../common/amba.vhd</spirit:name>
        <spirit:fileType>vhdlSource</spirit:fileType>
        <spirit:logicalName>leon2ahbbus_lib</spirit:logicalName>
      </spirit:file>
      <spirit:file>
        <spirit:name>../../common/ambacomp.vhd</spirit:name>
        <spirit:fileType>vhdlSource</spirit:fileType>
        <spirit:logicalName>leon2ahbbus_lib</spirit:logicalName>
      </spirit:file>
      <spirit:file>
        <spirit:name>../../common/macro.vhd</spirit:name>
        <spirit:fileType>vhdlSource</spirit:fileType>
        <spirit:logicalName>leon2ahbbus_lib</spirit:logicalName>
      </spirit:file>
      <spirit:file>
        <spirit:name>../../common/tech_generic.vhd</spirit:name>
        <spirit:fileType>vhdlSource</spirit:fileType>
        <spirit:logicalName>leon2ahbbus_lib</spirit:logicalName>
      </spirit:file>
      <spirit:file>
        <spirit:name>../../common/tech_atc25.vhd</spirit:name>
        <spirit:fileType>vhdlSource</spirit:fileType>
        <spirit:logicalName>leon2ahbbus_lib</spirit:logicalName>
      </spirit:file>
      <spirit:file>
        <spirit:name>../../common/tech_atc35.vhd</spirit:name>
        <spirit:fileType>vhdlSource</spirit:fileType>
        <spirit:logicalName>leon2ahbbus_lib</spirit:logicalName>
      </spirit:file>
      <spirit:file>
        <spirit:name>../../common/tech_fs90.vhd</spirit:name>
        <spirit:fileType>vhdlSource</spirit:fileType>
        <spirit:logicalName>leon2ahbbus_lib</spirit:logicalName>
      </spirit:file>
      <spirit:file>
        <spirit:name>../../common/tech_umc18.vhd</spirit:name>
        <spirit:fileType>vhdlSource</spirit:fileType>
        <spirit:logicalName>leon2ahbbus_lib</spirit:logicalName>
      </spirit:file>
      <spirit:file>
        <spirit:name>../../common/tech_virtex.vhd</spirit:name>
        <spirit:fileType>vhdlSource</spirit:fileType>
        <spirit:logicalName>leon2ahbbus_lib</spirit:logicalName>
      </spirit:file>
      <spirit:file>
        <spirit:name>../../common/tech_tsmc25.vhd</spirit:name>
        <spirit:fileType>vhdlSource</spirit:fileType>
        <spirit:logicalName>leon2ahbbus_lib</spirit:logicalName>
      </spirit:file>
      <spirit:file>
        <spirit:name>../../common/tech_proasic.vhd</spirit:name>
        <spirit:fileType>vhdlSource</spirit:fileType>
        <spirit:logicalName>leon2ahbbus_lib</spirit:logicalName>
      </spirit:file>
      <spirit:file>
        <spirit:name>../../common/tech_axcel.vhd</spirit:name>
        <spirit:fileType>vhdlSource</spirit:fileType>
        <spirit:logicalName>leon2ahbbus_lib</spirit:logicalName>
      </spirit:file>
      <spirit:file>
        <spirit:name>../../common/multlib.vhd</spirit:name>
        <spirit:fileType>vhdlSource</spirit:fileType>
        <spirit:logicalName>leon2ahbbus_lib</spirit:logicalName>
      </spirit:file>
      <spirit:file>
        <spirit:name>../../common/tech_map.vhd</spirit:name>
        <spirit:fileType>vhdlSource</spirit:fileType>
        <spirit:logicalName>leon2ahbbus_lib</spirit:logicalName>
      </spirit:file>
      <spirit:file>
        <spirit:name>hdlsrc/ahbbus.vhd</spirit:name>
        <spirit:fileType>vhdlSource</spirit:fileType>
        <spirit:logicalName>leon2ahbbus_lib</spirit:logicalName>
      </spirit:file>
      <spirit:file>
        <spirit:name>hdlsrc/leon2Ahbbus34.vhd</spirit:name>
        <spirit:fileType>vhdlSource</spirit:fileType>
        <spirit:logicalName>leon2ahbbus_lib</spirit:logicalName>
      </spirit:file>
    </spirit:fileSet>
  </spirit:fileSets>
</spirit:component>
