<?xml version="1.0"?>
<!--
// Description : processor.xml
// Author : SPIRIT Schema Working Group - Christophe Amerijckx
// Version: 1.2
//
// Copyright (c) 2006 SPIRIT.  All rights reserved.
// www.spiritconsortium.org
//
// THIS WORK FORMS PART OF A SPIRIT CONSORTIUM SPECIFICATION.  
// THIS WORK CONTAINS TRADE SECRETS AND PROPRIETARY INFORMATION 
// WHICH IS THE EXCLUSIVE PROPERTY OF INDIVIDUAL MEMBERS OF THE 
// SPIRIT CONSORTIUM. USE OF THESE MATERIALS ARE GOVERNED BY 
// THE LEGAL TERMS AND CONDITIONS OUTLINED IN THE THE SPIRIT 
// SPECIFICATION DISCLAIMER AVAILABLE FROM
// www.spiritconsortium.org
-->
<spirit:component xmlns:spirit="http://www.spiritconsortium.org/XMLSchema/SPIRIT/1.2" xmlns:xsi="http://www.w3.org/2001/XMLSchema-instance" xsi:schemaLocation="http://www.spiritconsortium.org/XMLSchema/SPIRIT/1.2 http://www.spiritconsortium.org/XMLSchema/SPIRIT/1.2/index.xsd">
  <spirit:vendor>spiritconsortium.org</spirit:vendor>
  <spirit:library>Leon2</spirit:library>
  <spirit:name>processor</spirit:name>
  <spirit:version>1.2</spirit:version>
  <spirit:busInterfaces>
    <spirit:busInterface>
      <spirit:name>AHBClk</spirit:name>
      <spirit:busType spirit:vendor="spiritconsortium.org" spirit:library="busdef.clock" spirit:name="clock" spirit:version="1.0"/>
      <spirit:slave/>
      <spirit:signalMap>
        <spirit:signalName>
          <spirit:componentSignalName>hclk</spirit:componentSignalName>
          <spirit:busSignalName>CLK</spirit:busSignalName>
        </spirit:signalName>
      </spirit:signalMap>
    </spirit:busInterface>
    <spirit:busInterface>
      <spirit:name>AHBReset</spirit:name>
      <spirit:busType spirit:vendor="spiritconsortium.org" spirit:library="busdef.reset" spirit:name="reset" spirit:version="1.0"/>
      <spirit:slave/>
      <spirit:signalMap>
        <spirit:signalName>
          <spirit:componentSignalName>hresetn</spirit:componentSignalName>
          <spirit:busSignalName>RESETn</spirit:busSignalName>
        </spirit:signalName>
      </spirit:signalMap>
    </spirit:busInterface>
    <spirit:busInterface>
      <spirit:name>AHBmaster</spirit:name>
      <spirit:busType spirit:vendor="amba.com" spirit:library="AMBA2" spirit:name="AHB" spirit:version="r2p0_6"/>
      <spirit:master>
        <spirit:addressSpaceRef spirit:addressSpaceRef="main"/>
      </spirit:master>
      <spirit:connection>required</spirit:connection>
      <spirit:signalMap>
        <spirit:signalName>
          <spirit:componentSignalName>hrdata</spirit:componentSignalName>
          <spirit:busSignalName>HRDATA</spirit:busSignalName>
        </spirit:signalName>
        <spirit:signalName>
          <spirit:componentSignalName>hgrant</spirit:componentSignalName>
          <spirit:busSignalName>HGRANTx</spirit:busSignalName>
        </spirit:signalName>
        <spirit:signalName>
          <spirit:componentSignalName>haddr</spirit:componentSignalName>
          <spirit:busSignalName>HADDR</spirit:busSignalName>
        </spirit:signalName>
        <spirit:signalName>
          <spirit:componentSignalName>htrans</spirit:componentSignalName>
          <spirit:busSignalName>HTRANS</spirit:busSignalName>
        </spirit:signalName>
        <spirit:signalName>
          <spirit:componentSignalName>hwrite</spirit:componentSignalName>
          <spirit:busSignalName>HWRITE</spirit:busSignalName>
        </spirit:signalName>
        <spirit:signalName>
          <spirit:componentSignalName>hsize</spirit:componentSignalName>
          <spirit:busSignalName>HSIZE</spirit:busSignalName>
        </spirit:signalName>
        <spirit:signalName>
          <spirit:componentSignalName>hburst</spirit:componentSignalName>
          <spirit:busSignalName>HBURST</spirit:busSignalName>
        </spirit:signalName>
        <spirit:signalName>
          <spirit:componentSignalName>hprot</spirit:componentSignalName>
          <spirit:busSignalName>HPROT</spirit:busSignalName>
        </spirit:signalName>
        <spirit:signalName>
          <spirit:componentSignalName>hwdata</spirit:componentSignalName>
          <spirit:busSignalName>HWDATA</spirit:busSignalName>
        </spirit:signalName>
        <spirit:signalName>
          <spirit:componentSignalName>hbusreq</spirit:componentSignalName>
          <spirit:busSignalName>HBUSREQx</spirit:busSignalName>
        </spirit:signalName>
        <spirit:signalName>
          <spirit:componentSignalName>hready</spirit:componentSignalName>
          <spirit:busSignalName>HREADY</spirit:busSignalName>
        </spirit:signalName>
        <spirit:signalName>
          <spirit:componentSignalName>hresp</spirit:componentSignalName>
          <spirit:busSignalName>HRESP</spirit:busSignalName>
        </spirit:signalName>
        <spirit:signalName>
          <spirit:componentSignalName>hclk</spirit:componentSignalName>
          <spirit:busSignalName>HCLK</spirit:busSignalName>
        </spirit:signalName>
        <spirit:signalName>
          <spirit:componentSignalName>hresetn</spirit:componentSignalName>
          <spirit:busSignalName>HRESETn</spirit:busSignalName>
        </spirit:signalName>
      </spirit:signalMap>
    </spirit:busInterface>
    <spirit:busInterface>
      <spirit:name>APBClk</spirit:name>
      <spirit:busType spirit:vendor="spiritconsortium.org" spirit:library="busdef.clock" spirit:name="clock" spirit:version="1.0"/>
      <spirit:slave/>
      <spirit:signalMap>
        <spirit:signalName>
          <spirit:componentSignalName>pclk</spirit:componentSignalName>
          <spirit:busSignalName>CLK</spirit:busSignalName>
        </spirit:signalName>
      </spirit:signalMap>
    </spirit:busInterface>
    <spirit:busInterface>
      <spirit:name>APBReset</spirit:name>
      <spirit:busType spirit:vendor="spiritconsortium.org" spirit:library="busdef.reset" spirit:name="reset" spirit:version="1.0"/>
      <spirit:slave/>
      <spirit:signalMap>
        <spirit:signalName>
          <spirit:componentSignalName>presetn</spirit:componentSignalName>
          <spirit:busSignalName>RESETn</spirit:busSignalName>
        </spirit:signalName>
      </spirit:signalMap>
    </spirit:busInterface>
    <spirit:busInterface>
      <spirit:name>APBslave</spirit:name>
      <spirit:busType spirit:vendor="amba.com" spirit:library="AMBA2" spirit:name="APB" spirit:version="r2p0_4"/>
      <spirit:slave>
        <spirit:memoryMapRef spirit:memoryMapRef="ambaAPB"/>
      </spirit:slave>
      <spirit:signalMap>
        <spirit:signalName>
          <spirit:componentSignalName>paddr</spirit:componentSignalName>
          <spirit:busSignalName>PADDR</spirit:busSignalName>
        </spirit:signalName>
        <spirit:signalName>
          <spirit:componentSignalName>pwdata</spirit:componentSignalName>
          <spirit:busSignalName>PWDATA</spirit:busSignalName>
        </spirit:signalName>
        <spirit:signalName>
          <spirit:componentSignalName>prdata</spirit:componentSignalName>
          <spirit:busSignalName>PRDATA</spirit:busSignalName>
        </spirit:signalName>
        <spirit:signalName>
          <spirit:componentSignalName>pwrite</spirit:componentSignalName>
          <spirit:busSignalName>PWRITE</spirit:busSignalName>
        </spirit:signalName>
        <spirit:signalName>
          <spirit:componentSignalName>psel</spirit:componentSignalName>
          <spirit:busSignalName>PSELx</spirit:busSignalName>
        </spirit:signalName>
        <spirit:signalName>
          <spirit:componentSignalName>penable</spirit:componentSignalName>
          <spirit:busSignalName>PENABLE</spirit:busSignalName>
        </spirit:signalName>
        <spirit:signalName>
          <spirit:componentSignalName>pclk</spirit:componentSignalName>
          <spirit:busSignalName>PCLK</spirit:busSignalName>
        </spirit:signalName>
        <spirit:signalName>
          <spirit:componentSignalName>presetn</spirit:componentSignalName>
          <spirit:busSignalName>PRESETn</spirit:busSignalName>
        </spirit:signalName>
      </spirit:signalMap>
    </spirit:busInterface>
    <spirit:busInterface>
      <spirit:name>SlaveIntController</spirit:name>
      <spirit:busType spirit:vendor="spiritconsortium.org" spirit:library="busdef.leon2" spirit:name="IntProc" spirit:version="v1.0"/>
      <spirit:slave/>
      <spirit:signalMap>
        <spirit:signalName>
          <spirit:componentSignalName>irl</spirit:componentSignalName>
          <spirit:busSignalName>IRL</spirit:busSignalName>
        </spirit:signalName>
        <spirit:signalName>
          <spirit:componentSignalName>irqvec</spirit:componentSignalName>
          <spirit:busSignalName>IRQVEC</spirit:busSignalName>
        </spirit:signalName>
        <spirit:signalName>
          <spirit:componentSignalName>intack</spirit:componentSignalName>
          <spirit:busSignalName>INTack</spirit:busSignalName>
        </spirit:signalName>
      </spirit:signalMap>
    </spirit:busInterface>
    <spirit:busInterface>
      <spirit:name>JTAG</spirit:name>
      <spirit:busType spirit:vendor="spiritconsortium.org" spirit:library="busdef.jtag" spirit:name="jtag" spirit:version="1.0"/>
      <spirit:slave/>
      <spirit:signalMap>
        <spirit:signalName>
          <spirit:componentSignalName>tck</spirit:componentSignalName>
          <spirit:busSignalName>TCK</spirit:busSignalName>
        </spirit:signalName>
        <spirit:signalName>
          <spirit:componentSignalName>ntrst</spirit:componentSignalName>
          <spirit:busSignalName>NTRST</spirit:busSignalName>
        </spirit:signalName>
        <spirit:signalName>
          <spirit:componentSignalName>tms</spirit:componentSignalName>
          <spirit:busSignalName>TMS</spirit:busSignalName>
        </spirit:signalName>
        <spirit:signalName>
          <spirit:componentSignalName>tdi</spirit:componentSignalName>
          <spirit:busSignalName>TDI</spirit:busSignalName>
        </spirit:signalName>
        <spirit:signalName>
          <spirit:componentSignalName>tdo</spirit:componentSignalName>
          <spirit:busSignalName>TDO</spirit:busSignalName>
        </spirit:signalName>
      </spirit:signalMap>
    </spirit:busInterface>
  </spirit:busInterfaces>
  <spirit:addressSpaces>
    <spirit:addressSpace>
      <spirit:name>main</spirit:name>
      <spirit:range>4G</spirit:range>
      <spirit:width>32</spirit:width>
      <spirit:localMemoryMap>
        <spirit:addressBlock>
          <spirit:baseAddress spirit:resolve="user" spirit:id="start_addr_local" spirit:choiceRef="BaseAddressChoices" spirit:configGroups="requiredConfig" spirit:format="choice" spirit:prompt="Local Memory Map Starting Address:">0x10000000</spirit:baseAddress>
          <spirit:bitOffset>0</spirit:bitOffset>
          <spirit:range spirit:resolve="user" spirit:id="range_local" spirit:configGroups="requiredConfig" spirit:prompt="Local Memory Map Range (bytes):" spirit:format="choice" spirit:choiceRef="RangeChoice">4096</spirit:range>
          <spirit:width spirit:id="width">32</spirit:width>
          <spirit:usage>memory</spirit:usage>
        </spirit:addressBlock>
      </spirit:localMemoryMap>
    </spirit:addressSpace>
  </spirit:addressSpaces>
  <spirit:memoryMaps>
    <spirit:memoryMap>
      <spirit:name>ambaAPB</spirit:name>
      <spirit:bank spirit:bankAlignment="serial">
        <spirit:baseAddress>0</spirit:baseAddress>
        <spirit:bitOffset>0</spirit:bitOffset>
        <spirit:addressBlock spirit:name="registers">
          <spirit:range>4</spirit:range>
          <spirit:width>32</spirit:width>
          <spirit:usage>register</spirit:usage>
          <spirit:access>read-only</spirit:access>
          <spirit:register>
            <spirit:name>Failures</spirit:name>
            <spirit:addressOffset>0x0</spirit:addressOffset>
            <spirit:size>32</spirit:size>
            <spirit:access>read-only</spirit:access>
            <spirit:field>
              <spirit:name>NumFailures</spirit:name>
              <spirit:bitOffset>0</spirit:bitOffset>
              <spirit:bitWidth>32</spirit:bitWidth>
              <spirit:access>read-only</spirit:access>
              <spirit:description>Number of failures from the AHB BFM</spirit:description>
            </spirit:field>
          </spirit:register>
        </spirit:addressBlock>
        <spirit:addressBlock spirit:name="lowest1k">
          <spirit:range>1020</spirit:range>
          <spirit:width>32</spirit:width>
          <spirit:usage>memory</spirit:usage>
          <spirit:access>read-write</spirit:access>
        </spirit:addressBlock>
        <spirit:addressBlock spirit:name="midlow1k">
          <spirit:range>1k</spirit:range>
          <spirit:width>32</spirit:width>
          <spirit:usage>memory</spirit:usage>
          <spirit:access>read-write</spirit:access>
        </spirit:addressBlock>
        <spirit:addressBlock spirit:name="midhigh1k">
          <spirit:range>1k</spirit:range>
          <spirit:width>32</spirit:width>
          <spirit:usage>memory</spirit:usage>
          <spirit:access>read-write</spirit:access>
        </spirit:addressBlock>
        <spirit:bank spirit:bankAlignment="parallel">
          <spirit:addressBlock spirit:name="highest1kx7_0">
            <spirit:range>1k</spirit:range>
            <spirit:width>8</spirit:width>
            <spirit:usage>memory</spirit:usage>
            <spirit:access>read-write</spirit:access>
          </spirit:addressBlock>
          <spirit:addressBlock spirit:name="highest1kx15_8">
            <spirit:range>1k</spirit:range>
            <spirit:width>8</spirit:width>
            <spirit:usage>memory</spirit:usage>
            <spirit:access>read-write</spirit:access>
          </spirit:addressBlock>
          <spirit:addressBlock spirit:name="highest1kx23_16">
            <spirit:range>1k</spirit:range>
            <spirit:width>8</spirit:width>
            <spirit:usage>memory</spirit:usage>
            <spirit:access>read-write</spirit:access>
          </spirit:addressBlock>
          <spirit:addressBlock spirit:name="highest1kx31_24">
            <spirit:range>1k</spirit:range>
            <spirit:width>8</spirit:width>
            <spirit:usage>memory</spirit:usage>
            <spirit:access>read-write</spirit:access>
          </spirit:addressBlock>
          <spirit:usage>memory</spirit:usage>
          <spirit:access>read-write</spirit:access>
        </spirit:bank>
        <spirit:usage>memory</spirit:usage>
        <spirit:access>read-write</spirit:access>
      </spirit:bank>
    </spirit:memoryMap>
  </spirit:memoryMaps>
  <spirit:model>
    <spirit:views>
      <spirit:view>
        <spirit:name>vhdlsource</spirit:name>
        <spirit:envIdentifier>:modelsim.mentor.com:</spirit:envIdentifier>
        <spirit:envIdentifier>:ncsim.cadence.com:</spirit:envIdentifier>
        <spirit:envIdentifier>:vcs.synopsys.com:</spirit:envIdentifier>
        <spirit:envIdentifier>:designcompiler.synopsys.com:</spirit:envIdentifier>
        <spirit:language spirit:strict="true">vhdl</spirit:language>
        <spirit:modelName>processor(bfm)</spirit:modelName>
        <spirit:fileSetRef>fs-vhdlSource</spirit:fileSetRef>
        <spirit:whiteboxElementRefs>
          <spirit:whiteboxElementRef spirit:name="simDonePin">
            <spirit:whiteboxPath>
              <spirit:pathName>SimDone</spirit:pathName>
            </spirit:whiteboxPath>
          </spirit:whiteboxElementRef>
          <spirit:whiteboxElementRef spirit:name="failReg">
            <spirit:whiteboxPath>
              <spirit:pathName>ahbMaster/failures</spirit:pathName>
              <spirit:left>31</spirit:left>
              <spirit:right>0</spirit:right>
            </spirit:whiteboxPath>
          </spirit:whiteboxElementRef>
          <spirit:whiteboxElementRef spirit:name="failSignal">
            <spirit:whiteboxPath>
              <spirit:pathName>ahbMaster/failures</spirit:pathName>
              <spirit:left>31</spirit:left>
              <spirit:right>0</spirit:right>
            </spirit:whiteboxPath>
          </spirit:whiteboxElementRef>
        </spirit:whiteboxElementRefs>
      </spirit:view>
    </spirit:views>
    <spirit:signals>
      <spirit:signal>
        <spirit:name>rst_an</spirit:name>
        <spirit:direction>in</spirit:direction>
      </spirit:signal>
      <spirit:signal>
        <spirit:name>clk</spirit:name>
        <spirit:direction>in</spirit:direction>
      </spirit:signal>
      <spirit:signal>
        <spirit:name>clkn</spirit:name>
        <spirit:direction>in</spirit:direction>
      </spirit:signal>
      <spirit:signal>
        <spirit:name>pclk</spirit:name>
        <spirit:direction>in</spirit:direction>
      </spirit:signal>
      <spirit:signal>
        <spirit:name>presetn</spirit:name>
        <spirit:direction>in</spirit:direction>
      </spirit:signal>
      <spirit:signal>
        <spirit:name>psel</spirit:name>
        <spirit:direction>in</spirit:direction>
      </spirit:signal>
      <spirit:signal>
        <spirit:name>penable</spirit:name>
        <spirit:direction>in</spirit:direction>
      </spirit:signal>
      <spirit:signal>
        <spirit:name>paddr</spirit:name>
        <spirit:direction>in</spirit:direction>
        <spirit:left>11</spirit:left>
        <spirit:right>0</spirit:right>
      </spirit:signal>
      <spirit:signal>
        <spirit:name>pwrite</spirit:name>
        <spirit:direction>in</spirit:direction>
      </spirit:signal>
      <spirit:signal>
        <spirit:name>pwdata</spirit:name>
        <spirit:direction>in</spirit:direction>
        <spirit:left>31</spirit:left>
        <spirit:right>0</spirit:right>
      </spirit:signal>
      <spirit:signal>
        <spirit:name>prdata</spirit:name>
        <spirit:direction>out</spirit:direction>
        <spirit:left>31</spirit:left>
        <spirit:right>0</spirit:right>
      </spirit:signal>
      <spirit:signal>
        <spirit:name>hclk</spirit:name>
        <spirit:direction>in</spirit:direction>
      </spirit:signal>
      <spirit:signal>
        <spirit:name>hresetn</spirit:name>
        <spirit:direction>in</spirit:direction>
      </spirit:signal>
      <spirit:signal>
        <spirit:name>hgrant</spirit:name>
        <spirit:direction>in</spirit:direction>
      </spirit:signal>
      <spirit:signal>
        <spirit:name>hready</spirit:name>
        <spirit:direction>in</spirit:direction>
      </spirit:signal>
      <spirit:signal>
        <spirit:name>hresp</spirit:name>
        <spirit:direction>in</spirit:direction>
        <spirit:left>1</spirit:left>
        <spirit:right>0</spirit:right>
      </spirit:signal>
      <spirit:signal>
        <spirit:name>hrdata</spirit:name>
        <spirit:direction>in</spirit:direction>
        <spirit:left>31</spirit:left>
        <spirit:right>0</spirit:right>
      </spirit:signal>
      <spirit:signal>
        <spirit:name>hbusreq</spirit:name>
        <spirit:direction>out</spirit:direction>
      </spirit:signal>
      <spirit:signal>
        <spirit:name>htrans</spirit:name>
        <spirit:direction>out</spirit:direction>
        <spirit:left>1</spirit:left>
        <spirit:right>0</spirit:right>
      </spirit:signal>
      <spirit:signal>
        <spirit:name>haddr</spirit:name>
        <spirit:direction>out</spirit:direction>
        <spirit:left>31</spirit:left>
        <spirit:right>0</spirit:right>
      </spirit:signal>
      <spirit:signal>
        <spirit:name>hwrite</spirit:name>
        <spirit:direction>out</spirit:direction>
      </spirit:signal>
      <spirit:signal>
        <spirit:name>hsize</spirit:name>
        <spirit:direction>out</spirit:direction>
        <spirit:left>2</spirit:left>
        <spirit:right>0</spirit:right>
      </spirit:signal>
      <spirit:signal>
        <spirit:name>hburst</spirit:name>
        <spirit:direction>out</spirit:direction>
        <spirit:left>2</spirit:left>
        <spirit:right>0</spirit:right>
      </spirit:signal>
      <spirit:signal>
        <spirit:name>hprot</spirit:name>
        <spirit:direction>out</spirit:direction>
        <spirit:left>3</spirit:left>
        <spirit:right>0</spirit:right>
      </spirit:signal>
      <spirit:signal>
        <spirit:name>hwdata</spirit:name>
        <spirit:direction>out</spirit:direction>
        <spirit:left>31</spirit:left>
        <spirit:right>0</spirit:right>
      </spirit:signal>
      <spirit:signal>
        <spirit:name>irl</spirit:name>
        <spirit:direction>in</spirit:direction>
        <spirit:left>3</spirit:left>
        <spirit:right>0</spirit:right>
        <spirit:defaultValue>
          <spirit:value>0x0</spirit:value>
        </spirit:defaultValue>
      </spirit:signal>
      <spirit:signal>
        <spirit:name>intack</spirit:name>
        <spirit:direction>out</spirit:direction>
      </spirit:signal>
      <spirit:signal>
        <spirit:name>irqvec</spirit:name>
        <spirit:direction>out</spirit:direction>
        <spirit:left>3</spirit:left>
        <spirit:right>0</spirit:right>
      </spirit:signal>
      <spirit:signal>
        <spirit:name>tck</spirit:name>
        <spirit:direction>in</spirit:direction>
        <spirit:defaultValue>
          <spirit:value>0x0</spirit:value>
        </spirit:defaultValue>
      </spirit:signal>
      <spirit:signal>
        <spirit:name>ntrst</spirit:name>
        <spirit:direction>in</spirit:direction>
        <spirit:defaultValue>
          <spirit:value>0x0</spirit:value>
        </spirit:defaultValue>
      </spirit:signal>
      <spirit:signal>
        <spirit:name>tms</spirit:name>
        <spirit:direction>in</spirit:direction>
        <spirit:defaultValue>
          <spirit:value>0x0</spirit:value>
        </spirit:defaultValue>
      </spirit:signal>
      <spirit:signal>
        <spirit:name>tdi</spirit:name>
        <spirit:direction>in</spirit:direction>
        <spirit:defaultValue>
          <spirit:value>0x0</spirit:value>
        </spirit:defaultValue>
      </spirit:signal>
      <spirit:signal>
        <spirit:name>tdo</spirit:name>
        <spirit:direction>out</spirit:direction>
      </spirit:signal>
      <spirit:signal>
        <spirit:name>SimDone</spirit:name>
        <spirit:direction>out</spirit:direction>
      </spirit:signal>
    </spirit:signals>
    <spirit:modelParameters>
      <spirit:modelParameter spirit:dataType="integer" spirit:id="local_memory_start_addr" spirit:name="local_memory_start_addr" spirit:resolve="dependent" spirit:dependency="(spirit:decode(id('start_addr_local'))) div 65536" spirit:prompt="Upper 16 bits of the address">0x1000</spirit:modelParameter>
      <spirit:modelParameter spirit:dataType="integer" spirit:id="local_memory_addr_bits" spirit:name="local_memory_addr_bits" spirit:resolve="dependent" spirit:dependency="floor(spirit:log(2,id('range_local')+1))" spirit:prompt="Number of address bit for the local memoryMap">12</spirit:modelParameter>
      <spirit:modelParameter spirit:dataType="string" spirit:id="code_file" spirit:name="code_file" spirit:resolve="user" spirit:configGroups="requiredConfig" spirit:prompt="File to read commands from:">master.tbl</spirit:modelParameter>
    </spirit:modelParameters>
  </spirit:model>
  <spirit:choices>
    <spirit:choice>
      <spirit:name>BaseAddressChoices</spirit:name>
      <spirit:enumeration spirit:text="0x00000000">0x00000000</spirit:enumeration>
      <spirit:enumeration spirit:text="0x10000000">0x10000000</spirit:enumeration>
      <spirit:enumeration spirit:text="0x20000000">0x20000000</spirit:enumeration>
      <spirit:enumeration spirit:text="0x30000000">0x30000000</spirit:enumeration>
      <spirit:enumeration spirit:text="0x40000000">0x40000000</spirit:enumeration>
      <spirit:enumeration spirit:text="0x50000000">0x50000000</spirit:enumeration>
      <spirit:enumeration spirit:text="0x60000000">0x60000000</spirit:enumeration>
      <spirit:enumeration spirit:text="0x70000000">0x70000000</spirit:enumeration>
      <spirit:enumeration spirit:text="0x80000000">0x80000000</spirit:enumeration>
      <spirit:enumeration spirit:text="0x90000000">0x90000000</spirit:enumeration>
      <spirit:enumeration spirit:text="0xa0000000">0xa0000000</spirit:enumeration>
      <spirit:enumeration spirit:text="0xb0000000">0xb0000000</spirit:enumeration>
      <spirit:enumeration spirit:text="0xc0000000">0xc0000000</spirit:enumeration>
      <spirit:enumeration spirit:text="0xd0000000">0xd0000000</spirit:enumeration>
      <spirit:enumeration spirit:text="0xe0000000">0xe0000000</spirit:enumeration>
      <spirit:enumeration spirit:text="0xf0000000">0xf0000000</spirit:enumeration>
    </spirit:choice>
    <spirit:choice>
      <spirit:name>RangeChoice</spirit:name>
      <spirit:enumeration spirit:text="0">0</spirit:enumeration>
      <spirit:enumeration spirit:text="128">128</spirit:enumeration>
      <spirit:enumeration spirit:text="256">256</spirit:enumeration>
      <spirit:enumeration spirit:text="1k">1024</spirit:enumeration>
      <spirit:enumeration spirit:text="2k">2048</spirit:enumeration>
      <spirit:enumeration spirit:text="4k">4096</spirit:enumeration>
      <spirit:enumeration spirit:text="8k">8192</spirit:enumeration>
      <spirit:enumeration spirit:text="16k">16384</spirit:enumeration>
    </spirit:choice>
  </spirit:choices>
  <spirit:fileSets>
    <spirit:fileSet spirit:fileSetId="fs-vhdlSource">
      <spirit:file>
        <spirit:name>hdlsrc/processorPackage.vhd</spirit:name>
        <spirit:fileType>vhdlSource</spirit:fileType>
        <spirit:logicalName>processor_lib</spirit:logicalName>
      </spirit:file>
      <spirit:file>
        <spirit:name>hdlsrc/processorApbSlave.vhd</spirit:name>
        <spirit:fileType>vhdlSource</spirit:fileType>
        <spirit:logicalName>processor_lib</spirit:logicalName>
      </spirit:file>
      <spirit:file>
        <spirit:name>hdlsrc/processorAhbMaster.vhd</spirit:name>
        <spirit:fileType>vhdlSource</spirit:fileType>
        <spirit:logicalName>processor_lib</spirit:logicalName>
      </spirit:file>
      <spirit:file>
        <spirit:name>hdlsrc/processor.vhd</spirit:name>
        <spirit:fileType>vhdlSource</spirit:fileType>
        <spirit:logicalName>processor_lib</spirit:logicalName>
      </spirit:file>
    </spirit:fileSet>
  </spirit:fileSets>
  <spirit:whiteboxElements>
    <spirit:whiteboxElement>
      <spirit:name>simDonePin</spirit:name>
      <spirit:whiteboxType>pin</spirit:whiteboxType>
      <spirit:description>Pin that indicates that the AHB BFM model is done processing commands</spirit:description>
    </spirit:whiteboxElement>
    <spirit:whiteboxElement>
      <spirit:name>failReg</spirit:name>
      <spirit:whiteboxType>register</spirit:whiteboxType>
      <spirit:description>Register with the number of failures in the AHB BFM model</spirit:description>
      <spirit:registerRef>Failures</spirit:registerRef>
    </spirit:whiteboxElement>
    <spirit:whiteboxElement>
      <spirit:name>failSignal</spirit:name>
      <spirit:whiteboxType>signal</spirit:whiteboxType>
      <spirit:description>A signal internat to the model that indicates the number of failures in the AHB BFM model</spirit:description>
    </spirit:whiteboxElement>
  </spirit:whiteboxElements>
  <spirit:cpus>
    <spirit:cpu>
      <spirit:name>processor</spirit:name>
      <spirit:addressSpaceRef spirit:addressSpaceRef="main"/>
    </spirit:cpu>
  </spirit:cpus>
</spirit:component>
