<?xml version="1.0" encoding="UTF-8"?>
<!--
// Description : busdef.generic.serial
// Author : SPIRIT Schema Working Group 
// Version: 1.2
// 
// Revision:    $Revision:$
// Date:        $Date:$
// 
// Copyright (c) 2006, 2008 The SPIRIT Consortium.
// 
// This work forms part of a deliverable of The SPIRIT Consortium.
// 
// Use of these materials are governed by the legal terms and conditions
// outlined in the disclaimer available from www.spiritconsortium.org.
// 
// This source file is provided on an AS IS basis.  The SPIRIT
// Consortium disclaims any warranty express or implied including
// any warranty of merchantability and fitness for use for a
// particular purpose.
// 
// The user of the source file shall indemnify and hold The SPIRIT
// Consortium and its members harmless from any damages or liability.
// 
-->


<!--
Derived from busdef VLNV  mentor.com/PlatformExpress.ip.utility/serial/1.0
Original Copyright Mentor Graphics Corporation 2006
All Rights Reserved.
For questions, testcases etc related to this busdef, please contact John Wilson at Mentor Graphics (mailto:john_wilson@mentor.com)
-->

<spirit:busDefinition xmlns:spirit="http://www.spiritconsortium.org/XMLSchema/SPIRIT/1.2" xmlns:xsi="http://www.w3.org/2001/XMLSchema-instance" xsi:schemaLocation="http://www.spiritconsortium.org/XMLSchema/SPIRIT/1.2                 http://www.spiritconsortium.org/XMLSchema/SPIRIT/1.2/index.xsd"> 

    <spirit:vendor>spiritconsortium.org</spirit:vendor>
    <spirit:library>busdef.generic</spirit:library>
    <spirit:name>serial</spirit:name>
    <spirit:version>1.0</spirit:version>

    
    <!-- Generic  UART Interface for Point To Point Connection                   -->
    <!-- Because of the p2p nature only master to master connections are allowed -->
    <!-- Naming follows RS232 abbreviations                                      -->

    <spirit:directConnection>false</spirit:directConnection>
    <spirit:maxMasters>2</spirit:maxMasters>
    <spirit:maxSlaves>0</spirit:maxSlaves>

    <spirit:signals>
        <!-- System Signals -->
        <spirit:signal>
            <spirit:logicalName>TxD</spirit:logicalName>
            <spirit:onMaster>
                <spirit:bitWidth>1</spirit:bitWidth>
                <spirit:direction>out</spirit:direction>
            </spirit:onMaster>
            <spirit:onSlave>
                <spirit:direction>illegal</spirit:direction>
            </spirit:onSlave>
        </spirit:signal>

        <spirit:signal>
            <spirit:logicalName>RxD</spirit:logicalName>
            <spirit:onMaster>
                <spirit:bitWidth>1</spirit:bitWidth>
                <spirit:direction>in</spirit:direction>
            </spirit:onMaster>
            <spirit:onSlave>
                <spirit:direction>illegal</spirit:direction>
            </spirit:onSlave>
        </spirit:signal>

        <spirit:signal>
            <spirit:logicalName>RTSn</spirit:logicalName>
            <spirit:onMaster>
                <spirit:bitWidth>1</spirit:bitWidth>
                <spirit:direction>out</spirit:direction>
            </spirit:onMaster>
            <spirit:onSlave>
                <spirit:direction>illegal</spirit:direction>
            </spirit:onSlave>
        </spirit:signal>

        <spirit:signal>
            <spirit:logicalName>CTSn</spirit:logicalName>
            <spirit:onMaster>
                <spirit:bitWidth>1</spirit:bitWidth>
                <spirit:direction>in</spirit:direction>
            </spirit:onMaster>
            <spirit:onSlave>
                <spirit:direction>illegal</spirit:direction>
            </spirit:onSlave>
        </spirit:signal>

        <spirit:signal>
            <spirit:logicalName>DSRn</spirit:logicalName>
            <spirit:onMaster>
                <spirit:bitWidth>1</spirit:bitWidth>
                <spirit:direction>in</spirit:direction>
            </spirit:onMaster>
            <spirit:onSlave>
                <spirit:direction>illegal</spirit:direction>
            </spirit:onSlave>
        </spirit:signal>

        <spirit:signal>
            <spirit:logicalName>DTRn</spirit:logicalName>
            <spirit:onMaster>
                <spirit:bitWidth>1</spirit:bitWidth>
                <spirit:direction>out</spirit:direction>
            </spirit:onMaster>
            <spirit:onSlave>
                <spirit:direction>illegal</spirit:direction>
            </spirit:onSlave>
        </spirit:signal>

        <spirit:signal>
            <spirit:logicalName>RIn</spirit:logicalName>
            <spirit:onMaster>
                <spirit:bitWidth>1</spirit:bitWidth>
                <spirit:direction>in</spirit:direction>
            </spirit:onMaster>
            <spirit:onSlave>
                <spirit:direction>illegal</spirit:direction>
            </spirit:onSlave>
        </spirit:signal>

        <spirit:signal>
            <spirit:logicalName>DCDn</spirit:logicalName>
            <spirit:onMaster>
                <spirit:bitWidth>1</spirit:bitWidth>
                <spirit:direction>in</spirit:direction>
            </spirit:onMaster>
            <spirit:onSlave>
                <spirit:direction>illegal</spirit:direction>
            </spirit:onSlave>
        </spirit:signal>

    </spirit:signals>
 
</spirit:busDefinition>
