<?xml version="1.0"?>
<!--
// Copyright (c) 2005, 2006, 2007 The SPIRIT Consortium.  All rights reserved.
// www.spiritconsortium.org
//
// THIS WORK FORMS PART OF A SPIRIT CONSORTIUM SPECIFICATION.
// USE OF THESE MATERIALS ARE GOVERNED BY
// THE LEGAL TERMS AND CONDITIONS OUTLINED IN THE SPIRIT
// SPECIFICATION DISCLAIMER AVAILABLE FROM
// www.spiritconsortium.org
//
// This source file is provided on an AS IS basis. The SPIRIT Consortium disclaims 
// ANY WARRANTY EXPRESS OR IMPLIED INCLUDING ANY WARRANTY OF
// MERCHANTABILITY AND FITNESS FOR USE FOR A PARTICULAR PURPOSE. 
// The user of the source file shall indemnify and hold The SPIRIT Consortium harmless
// from any damages or liability arising out of the use thereof or the performance or
// implementation or partial implementation of the schema.
-->
<spirit:abstractor xmlns:spirit="http://www.spiritconsortium.org/XMLSchema/SPIRIT/1.4" xmlns:xsi="http://www.w3.org/2001/XMLSchema-instance" xsi:schemaLocation="http://www.spiritconsortium.org/XMLSchema/SPIRIT/1.4 http://www.spiritconsortium.org/XMLSchema/SPIRIT/1.4/index.xsd">
  <spirit:vendor>spiritconsortium.org</spirit:vendor>
  <spirit:library>abstractor.tlm</spirit:library>
  <spirit:name>pvapb_2_tacapb</spirit:name>
  <spirit:version>1.4</spirit:version>
  <spirit:abstractorMode>slave</spirit:abstractorMode>
  <spirit:busType spirit:vendor="amba.com" spirit:library="AMBA2" spirit:name="APB" spirit:version="r2p0_4"/>
  <spirit:abstractorInterfaces>
    <spirit:abstractorInterface>
      <spirit:name>PV_APB</spirit:name>
      <spirit:abstractionType spirit:vendor="spiritconsortium.org" spirit:library="abstractiondef.tlm" spirit:name="apb_pv" spirit:version="1.4"/>
      <spirit:portMaps>
        <spirit:portMap>
          <spirit:logicalPort>
            <spirit:name>PV_TRANS</spirit:name>
          </spirit:logicalPort>
          <spirit:physicalPort>
            <spirit:name>tlmpv_slave_port</spirit:name>
          </spirit:physicalPort>
        </spirit:portMap>
      </spirit:portMaps>
    </spirit:abstractorInterface>
    <spirit:abstractorInterface>
      <spirit:name>TAC_APB</spirit:name>
      <spirit:abstractionType  spirit:vendor="st.com" spirit:library="SPG" spirit:name="tlm_tac" spirit:version="2.0"/>
      <spirit:portMaps>
        <spirit:portMap>
          <spirit:logicalPort>
            <spirit:name>tac_if</spirit:name>
          </spirit:logicalPort>
          <spirit:physicalPort>
            <spirit:name>tac_master_port</spirit:name>
          </spirit:physicalPort>
        </spirit:portMap>
      </spirit:portMaps>
    </spirit:abstractorInterface>
  </spirit:abstractorInterfaces>
  <spirit:model>
    <spirit:views>
      <spirit:view>
        <spirit:name>PV2TAC</spirit:name>
        <spirit:envIdentifier>systemCSource:OSCI:v21</spirit:envIdentifier>
        <spirit:envIdentifier>systemCSource:NCSim:ncsc</spirit:envIdentifier>
        <spirit:language>systemc2.1</spirit:language>
        <spirit:modelName>pv2tac</spirit:modelName>
        <spirit:fileSetRef>sourceCode</spirit:fileSetRef>
      </spirit:view>
    </spirit:views>
    <spirit:ports>
      <spirit:port>
        <spirit:name>tlmpv_slave_port</spirit:name>
        <spirit:transactional>
          <spirit:transTypeDef>
            <spirit:typeName>pv_target_port</spirit:typeName>
            <spirit:typeDefinition>pv_target_port.h</spirit:typeDefinition>
          </spirit:transTypeDef>
          <spirit:service>
            <spirit:initiative>provides</spirit:initiative>
            <spirit:serviceTypeDefs>
              <spirit:serviceTypeDef>
                <spirit:typeName spirit:implicit="true">OSCI_TLM_PV</spirit:typeName>
                <spirit:parameters>
                  <spirit:parameter>
                    <spirit:name>typedef1</spirit:name>
                    <spirit:value>ADDRESS_TYPE</spirit:value>
                  </spirit:parameter>
                  <spirit:parameter>
                    <spirit:name>typedef2</spirit:name>
                    <spirit:value>DATA_TYPE</spirit:value>
                  </spirit:parameter>
                </spirit:parameters>
              </spirit:serviceTypeDef>
            </spirit:serviceTypeDefs>
          </spirit:service>
        </spirit:transactional>
      </spirit:port>
      <spirit:port>
        <spirit:name>tac_master_port</spirit:name>
        <spirit:transactional>
          <spirit:transTypeDef>
            <spirit:typeName>prt_tlm_tac::tac_target_port</spirit:typeName>
            <spirit:typeDefinition>tac_initiator_port.h</spirit:typeDefinition>
          </spirit:transTypeDef>
          <spirit:service>
            <spirit:initiative>requires</spirit:initiative>
            <spirit:serviceTypeDefs>
              <spirit:serviceTypeDef>
                <spirit:typeName spirit:implicit="true">TAC</spirit:typeName>
                <spirit:parameters>
                  <spirit:parameter>
                    <spirit:name>BFM_ADDRESS_TYPE</spirit:name>
                    <spirit:value spirit:resolve="immediate">tlm_uint32_t</spirit:value>
                  </spirit:parameter>
                  <spirit:parameter>
                    <spirit:name>BFM_DATA_TYPE</spirit:name>
                    <spirit:value spirit:resolve="immediate">tlm_uint32_t</spirit:value>
                  </spirit:parameter>
                </spirit:parameters>
              </spirit:serviceTypeDef>
            </spirit:serviceTypeDefs>
          </spirit:service>
          <spirit:access>
            <spirit:portAccessType>ref</spirit:portAccessType>
            <spirit:portAccessHandle>ambaAPB</spirit:portAccessHandle>
          </spirit:access>
        </spirit:transactional>
      </spirit:port>
    </spirit:ports>
  </spirit:model>
  <spirit:fileSets>
    <spirit:fileSet>
      <spirit:name>sourceCode</spirit:name>
      <spirit:file>
        <spirit:name>tlmsrc/pv2tac.h</spirit:name>
        <spirit:fileType>systemCSource-2.1</spirit:fileType>
        <spirit:isIncludeFile spirit:externalDeclarations="true">true</spirit:isIncludeFile>
        <spirit:logicalName>pv2tac</spirit:logicalName>
      </spirit:file>
    </spirit:fileSet>
  </spirit:fileSets>
</spirit:abstractor>
