<?xml version="1.0"?>
<spirit:component xmlns:spirit="http://www.spiritconsortium.org/XMLSchema/SPIRIT/1.4" xmlns:xsi="http://www.w3.org/2001/XMLSchema-instance" xsi:schemaLocation="http://www.spiritconsortium.org/XMLSchema/SPIRIT/1.4 http://www.spiritconsortium.org/XMLSchema/SPIRIT/1.4/index.xsd">
  <spirit:vendor>spiritconsortium.org</spirit:vendor>
  <spirit:library>Leon2RTL</spirit:library>
  <spirit:name>Leon2Platform</spirit:name>
  <spirit:version>4.0</spirit:version>
  <spirit:model>
    <spirit:views>
      <spirit:view>
        <spirit:name>spirit-design</spirit:name>
        <spirit:envIdentifier>::Hierarchy</spirit:envIdentifier>
        <spirit:hierarchyRef spirit:vendor="spiritconsortium.org" spirit:library="Leon2RTL" spirit:name="design_Leon2Platform" spirit:version="4.0"/>
      </spirit:view>
      <!-- Not a valid view, the fileSet is not complete.
      <spirit:view>
        <spirit:name>RTL</spirit:name>
        <spirit:envIdentifier>:*Synthesis:</spirit:envIdentifier>
        <spirit:language spirit:strict="true">vhdl</spirit:language>
        <spirit:modelName>Leon2Platform(structure)</spirit:modelName>
        <spirit:fileSetRef>source-code</spirit:fileSetRef>
      </spirit:view>
      -->
    </spirit:views>
    <spirit:ports>
      <spirit:port>
        <spirit:name>clkin</spirit:name>
        <spirit:wire>
          <spirit:direction>in</spirit:direction>
          <spirit:driver>
            <spirit:clockDriver spirit:clockName="clk">
              <spirit:clockPeriod>100</spirit:clockPeriod>
              <spirit:clockPulseOffset>50</spirit:clockPulseOffset>
              <spirit:clockPulseValue>1</spirit:clockPulseValue>
              <spirit:clockPulseDuration>50</spirit:clockPulseDuration>
            </spirit:clockDriver>
          </spirit:driver>
        </spirit:wire>
      </spirit:port>
      <spirit:port>
        <spirit:name>rstin_an</spirit:name>
        <spirit:wire>
          <spirit:direction>in</spirit:direction>
          <spirit:driver>
            <spirit:singleShotDriver>
              <spirit:singleShotOffset>500</spirit:singleShotOffset>
              <spirit:singleShotValue>1</spirit:singleShotValue>
              <spirit:singleShotDuration>1000</spirit:singleShotDuration>
            </spirit:singleShotDriver>
          </spirit:driver>
        </spirit:wire>
      </spirit:port>
      <spirit:port>
        <spirit:name>SimDone</spirit:name>
        <spirit:wire>
          <spirit:direction>out</spirit:direction>
        </spirit:wire>
      </spirit:port>
    </spirit:ports>
  </spirit:model>
  <spirit:fileSets>
    <spirit:fileSet>
      <spirit:name>source-code</spirit:name>
      <spirit:file>
        <spirit:name>hdlsrc/Leon2Platform_ent.vhd</spirit:name>
        <spirit:fileType>vhdlSource</spirit:fileType>
        <spirit:logicalName>work</spirit:logicalName>
      </spirit:file>
      <spirit:file>
        <spirit:name>hdlsrc/Leon2Platform_pack.vhd</spirit:name>
        <spirit:fileType>vhdlSource</spirit:fileType>
        <spirit:logicalName>work</spirit:logicalName>
      </spirit:file>
      <spirit:file>
        <spirit:name>hdlsrc/Leon2Platform_arch.vhd</spirit:name>
        <spirit:fileType>vhdlSource</spirit:fileType>
        <spirit:logicalName>work</spirit:logicalName>
      </spirit:file>
    </spirit:fileSet>
  </spirit:fileSets>
  <spirit:description>System4 same as System1 except changes abstraction for the UART to a different definition and uses a design configuration to reference 2 abstractors</spirit:description>
</spirit:component>
