<?xml version="1.0" encoding="UTF-8"?>
<!--
//
// Copyright (c) 2005, 2006, 2007 The SPIRIT Consortium.  All rights reserved.
// www.spiritconsortium.org
//
// THIS WORK FORMS PART OF A SPIRIT CONSORTIUM SPECIFICATION.
// USE OF THESE MATERIALS ARE GOVERNED BY
// THE LEGAL TERMS AND CONDITIONS OUTLINED IN THE SPIRIT
// SPECIFICATION DISCLAIMER AVAILABLE FROM
// www.spiritconsortium.org
//
// This source file is provided on an AS IS basis. The SPIRIT Consortium disclaims 
// ANY WARRANTY EXPRESS OR IMPLIED INCLUDING ANY WARRANTY OF
// MERCHANTABILITY AND FITNESS FOR USE FOR A PARTICULAR PURPOSE. 
// The user of the source file shall indemnify and hold The SPIRIT Consortium harmless
// from any damages or liability arising out of the use thereof or the performance or
// implementation or partial implementation of the schema.
//
-->
<spirit:abstractor xmlns:spirit="http://www.spiritconsortium.org/XMLSchema/SPIRIT/1.4" xmlns:xsi="http://www.w3.org/2001/XMLSchema-instance" xsi:schemaLocation="http://www.spiritconsortium.org/XMLSchema/SPIRIT/1.4 http://www.spiritconsortium.org/XMLSchema/SPIRIT/1.4/index.xsd">
	<spirit:vendor>spiritconsortium.org</spirit:vendor>
	<spirit:library>Leon2RTL</spirit:library>
	<spirit:name>SpiritAPB2ArmAPB</spirit:name>
	<spirit:version>1.0</spirit:version>
	<spirit:abstractorMode>slave</spirit:abstractorMode>
	<spirit:busType spirit:vendor="amba.com" spirit:library="AMBA2" spirit:name="APB" spirit:version="r2p0_4"/>
	<spirit:abstractorInterfaces>
		<spirit:abstractorInterface>
			<spirit:name>APBMS</spirit:name>
			<spirit:abstractionType spirit:vendor="spiritconsortium.org" spirit:library="busdef.amba" spirit:name="APB_rtl" spirit:version="1.0"/>
			<spirit:portMaps>
				<spirit:portMap>
					<spirit:logicalPort>
						<spirit:name>Select</spirit:name>
					</spirit:logicalPort>
					<spirit:physicalPort>
						<spirit:name>pselMS</spirit:name>
					</spirit:physicalPort>
				</spirit:portMap>
				<spirit:portMap>
					<spirit:logicalPort>
						<spirit:name>Enable</spirit:name>
					</spirit:logicalPort>
					<spirit:physicalPort>
						<spirit:name>penableMS</spirit:name>
					</spirit:physicalPort>
				</spirit:portMap>
				<spirit:portMap>
					<spirit:logicalPort>
						<spirit:name>Address</spirit:name>
					</spirit:logicalPort>
					<spirit:physicalPort>
						<spirit:name>paddrMS</spirit:name>
					</spirit:physicalPort>
				</spirit:portMap>
				<spirit:portMap>
					<spirit:logicalPort>
						<spirit:name>Write</spirit:name>
					</spirit:logicalPort>
					<spirit:physicalPort>
						<spirit:name>pwriteMS</spirit:name>
					</spirit:physicalPort>
				</spirit:portMap>
				<spirit:portMap>
					<spirit:logicalPort>
						<spirit:name>WriteData</spirit:name>
					</spirit:logicalPort>
					<spirit:physicalPort>
						<spirit:name>pwdataMS</spirit:name>
					</spirit:physicalPort>
				</spirit:portMap>
				<spirit:portMap>
					<spirit:logicalPort>
						<spirit:name>ReadData</spirit:name>
					</spirit:logicalPort>
					<spirit:physicalPort>
						<spirit:name>prdataMS</spirit:name>
					</spirit:physicalPort>
				</spirit:portMap>
				<spirit:portMap>
					<spirit:logicalPort>
						<spirit:name>Clock</spirit:name>
					</spirit:logicalPort>
					<spirit:physicalPort>
						<spirit:name>clkMS</spirit:name>
					</spirit:physicalPort>
				</spirit:portMap>
				<spirit:portMap>
					<spirit:logicalPort>
						<spirit:name>Resetn</spirit:name>
					</spirit:logicalPort>
					<spirit:physicalPort>
						<spirit:name>rstMS</spirit:name>
					</spirit:physicalPort>
				</spirit:portMap>
			</spirit:portMaps>
		</spirit:abstractorInterface>
		<spirit:abstractorInterface>
			<spirit:name>APBS</spirit:name>
			<spirit:abstractionType spirit:vendor="amba.com" spirit:library="AMBA2" spirit:name="APB_rtl" spirit:version="r2p0_4"/>
			<spirit:portMaps>
				<spirit:portMap>
					<spirit:logicalPort>
						<spirit:name>PSELx</spirit:name>
					</spirit:logicalPort>
					<spirit:physicalPort>
						<spirit:name>pselS</spirit:name>
					</spirit:physicalPort>
				</spirit:portMap>
				<spirit:portMap>
					<spirit:logicalPort>
						<spirit:name>PENABLE</spirit:name>
					</spirit:logicalPort>
					<spirit:physicalPort>
						<spirit:name>penableS</spirit:name>
					</spirit:physicalPort>
				</spirit:portMap>
				<spirit:portMap>
					<spirit:logicalPort>
						<spirit:name>PADDR</spirit:name>
					</spirit:logicalPort>
					<spirit:physicalPort>
						<spirit:name>paddrS</spirit:name>
					</spirit:physicalPort>
				</spirit:portMap>
				<spirit:portMap>
					<spirit:logicalPort>
						<spirit:name>PWRITE</spirit:name>
					</spirit:logicalPort>
					<spirit:physicalPort>
						<spirit:name>pwriteS</spirit:name>
					</spirit:physicalPort>
				</spirit:portMap>
				<spirit:portMap>
					<spirit:logicalPort>
						<spirit:name>PWDATA</spirit:name>
					</spirit:logicalPort>
					<spirit:physicalPort>
						<spirit:name>pwdataS</spirit:name>
					</spirit:physicalPort>
				</spirit:portMap>
				<spirit:portMap>
					<spirit:logicalPort>
						<spirit:name>PRDATA</spirit:name>
					</spirit:logicalPort>
					<spirit:physicalPort>
						<spirit:name>prdataS</spirit:name>
					</spirit:physicalPort>
				</spirit:portMap>
				<spirit:portMap>
					<spirit:logicalPort>
						<spirit:name>PCLK</spirit:name>
					</spirit:logicalPort>
					<spirit:physicalPort>
						<spirit:name>clkS</spirit:name>
					</spirit:physicalPort>
				</spirit:portMap>
				<spirit:portMap>
					<spirit:logicalPort>
						<spirit:name>PRESETn</spirit:name>
					</spirit:logicalPort>
					<spirit:physicalPort>
						<spirit:name>rstS</spirit:name>
					</spirit:physicalPort>
				</spirit:portMap>
			</spirit:portMaps>
		</spirit:abstractorInterface>
	</spirit:abstractorInterfaces>
	<spirit:model>
		<spirit:views>
			<spirit:view>
				<spirit:name>vhdlsource</spirit:name>
				<spirit:envIdentifier>:modelsim.mentor.com:</spirit:envIdentifier>
				<spirit:envIdentifier>:ncsim.cadence.com:</spirit:envIdentifier>
				<spirit:envIdentifier>:vcs.synopsys.com:</spirit:envIdentifier>
				<spirit:envIdentifier>:designcompiler.synopsys.com:</spirit:envIdentifier>
				<spirit:language>vhdl</spirit:language>
				<spirit:modelName>SpiritAPB2ArmAPB(struct)</spirit:modelName>
				<spirit:fileSetRef>fs-vhdlSource</spirit:fileSetRef>
			</spirit:view>
		</spirit:views>
		<spirit:ports>
			<spirit:port>
				<spirit:name>clkMS</spirit:name>
				<spirit:wire>
					<spirit:direction>phantom</spirit:direction>
				</spirit:wire>
			</spirit:port>
			<spirit:port>
				<spirit:name>rstMS</spirit:name>
				<spirit:wire>
					<spirit:direction>phantom</spirit:direction>
				</spirit:wire>
			</spirit:port>
			<spirit:port>
				<spirit:name>pselMS</spirit:name>
				<spirit:wire>
					<spirit:direction>in</spirit:direction>
				</spirit:wire>
			</spirit:port>
			<spirit:port>
				<spirit:name>penableMS</spirit:name>
				<spirit:wire>
					<spirit:direction>in</spirit:direction>
				</spirit:wire>
			</spirit:port>
			<spirit:port>
				<spirit:name>paddrMS</spirit:name>
				<spirit:wire>
					<spirit:direction>in</spirit:direction>
					<spirit:vector>
						<spirit:left>31</spirit:left>
						<spirit:right>0</spirit:right>
					</spirit:vector>
				</spirit:wire>
			</spirit:port>
			<spirit:port>
				<spirit:name>pwriteMS</spirit:name>
				<spirit:wire>
					<spirit:direction>in</spirit:direction>
				</spirit:wire>
			</spirit:port>
			<spirit:port>
				<spirit:name>pwdataMS</spirit:name>
				<spirit:wire>
					<spirit:direction>in</spirit:direction>
					<spirit:vector>
						<spirit:left>31</spirit:left>
						<spirit:right>0</spirit:right>
					</spirit:vector>
				</spirit:wire>
			</spirit:port>
			<spirit:port>
				<spirit:name>prdataMS</spirit:name>
				<spirit:wire>
					<spirit:direction>out</spirit:direction>
					<spirit:vector>
						<spirit:left>31</spirit:left>
						<spirit:right>0</spirit:right>
					</spirit:vector>
				</spirit:wire>
			</spirit:port>
			<spirit:port>
				<spirit:name>clkS</spirit:name>
				<spirit:wire>
					<spirit:direction>phantom</spirit:direction>
				</spirit:wire>
			</spirit:port>
			<spirit:port>
				<spirit:name>rstS</spirit:name>
				<spirit:wire>
					<spirit:direction>phantom</spirit:direction>
				</spirit:wire>
			</spirit:port>
			<spirit:port>
				<spirit:name>pselS</spirit:name>
				<spirit:wire>
					<spirit:direction>out</spirit:direction>
				</spirit:wire>
			</spirit:port>
			<spirit:port>
				<spirit:name>penableS</spirit:name>
				<spirit:wire>
					<spirit:direction>out</spirit:direction>
				</spirit:wire>
			</spirit:port>
			<spirit:port>
				<spirit:name>paddrS</spirit:name>
				<spirit:wire>
					<spirit:direction>out</spirit:direction>
					<spirit:vector>
						<spirit:left>31</spirit:left>
						<spirit:right>0</spirit:right>
					</spirit:vector>
				</spirit:wire>
			</spirit:port>
			<spirit:port>
				<spirit:name>pwriteS</spirit:name>
				<spirit:wire>
					<spirit:direction>out</spirit:direction>
				</spirit:wire>
			</spirit:port>
			<spirit:port>
				<spirit:name>pwdataS</spirit:name>
				<spirit:wire>
					<spirit:direction>out</spirit:direction>
					<spirit:vector>
						<spirit:left>31</spirit:left>
						<spirit:right>0</spirit:right>
					</spirit:vector>
				</spirit:wire>
			</spirit:port>
			<spirit:port>
				<spirit:name>prdataS</spirit:name>
				<spirit:wire>
					<spirit:direction>in</spirit:direction>
					<spirit:vector>
						<spirit:left>31</spirit:left>
						<spirit:right>0</spirit:right>
					</spirit:vector>
				</spirit:wire>
			</spirit:port>
		</spirit:ports>
	</spirit:model>
	<spirit:fileSets>
		<spirit:fileSet>
			<spirit:name>fs-vhdlSource</spirit:name>
			<spirit:file>
				<spirit:name>./hdlsrc/SpiritAPB2ArmAPB.vhd</spirit:name>
				<spirit:fileType>vhdlSource</spirit:fileType>
				<spirit:logicalName>SpiritAPB2ArmAPB_lib</spirit:logicalName>
			</spirit:file>
		</spirit:fileSet>
	</spirit:fileSets>
</spirit:abstractor>