<?xml version="1.0" encoding="UTF-8"?>
<!-- 
// Description : pcix_1.0.xml
// Author : SPIRIT Schema Working Group
// Version: 1.0
// 
// Revision:    $Revision:$
// Date:        $Date:$
// 
// Copyright (c) 2007, 2008 The SPIRIT Consortium.
// 
// This work forms part of a deliverable of The SPIRIT Consortium.
// 
// Use of these materials are governed by the legal terms and conditions
// outlined in the disclaimer available from www.spiritconsortium.org.
// 
// This source file is provided on an AS IS basis.  The SPIRIT
// Consortium disclaims any warranty express or implied including
// any warranty of merchantability and fitness for use for a
// particular purpose.
// 
// The user of the source file shall indemnify and hold The SPIRIT
// Consortium and its members harmless from any damages or liability.
// 

-->
<spirit:busDefinition xmlns:spirit="http://www.spiritconsortium.org/XMLSchema/SPIRIT/1.4" xmlns:xsi="http://www.w3.org/2001/XMLSchema-instance" xsi:schemaLocation="http://www.spiritconsortium.org/XMLSchema/SPIRIT/1.4                 http://www.spiritconsortium.org/XMLSchema/SPIRIT/1.4/index.xsd">
	<spirit:vendor>spiritconsortium.org</spirit:vendor>
	<spirit:library>busdef.pcisig</spirit:library>
	<spirit:name>pcix_1.0</spirit:name>
	<spirit:version>1.0</spirit:version>
	<spirit:directConnection>false</spirit:directConnection>
	<spirit:isAddressable>true</spirit:isAddressable>
	<spirit:extends spirit:vendor="spiritconsortium.org" spirit:library="busdef.pcisig" spirit:name="pci_2.2" spirit:version="1.0"/>
	<spirit:systemGroupNames>
		<spirit:systemGroupName>system_group</spirit:systemGroupName>
		<spirit:systemGroupName>idsel_group</spirit:systemGroupName>
		<spirit:systemGroupName>arbitration_group</spirit:systemGroupName>
		<spirit:systemGroupName>error_reporting_group</spirit:systemGroupName>
		<spirit:systemGroupName>interrupt_group</spirit:systemGroupName>
		<spirit:systemGroupName>power_mgmt_group</spirit:systemGroupName>
	</spirit:systemGroupNames>
</spirit:busDefinition>
