<?xml version="1.0" encoding="UTF-8" standalone="yes"?>
<!-- 
// Copyright (c) 2005, 2006, 2007 The SPIRIT Consortium.  All rights reserved.
// www.spiritconsortium.org
//
// THIS WORK FORMS PART OF A SPIRIT CONSORTIUM SPECIFICATION.
// USE OF THESE MATERIALS ARE GOVERNED BY
// THE LEGAL TERMS AND CONDITIONS OUTLINED IN THE SPIRIT
// SPECIFICATION DISCLAIMER AVAILABLE FROM
// www.spiritconsortium.org
//
// This source file is provided on an AS IS basis. The SPIRIT Consortium disclaims 
// ANY WARRANTY EXPRESS OR IMPLIED INCLUDING ANY WARRANTY OF
// MERCHANTABILITY AND FITNESS FOR USE FOR A PARTICULAR PURPOSE. 
// The user of the source file shall indemnify and hold The SPIRIT Consortium harmless
// from any damages or liability arising out of the use thereof or the performance or
// implementation or partial implementation of the schema.
  -->
  
<!-- SPIRIT TLM PV Serial AbstractionDef -->

<spirit:abstractionDefinition xmlns:xsi="http://www.w3.org/2001/XMLSchema-instance" xmlns:spirit="http://www.spiritconsortium.org/XMLSchema/SPIRIT/1.4" xsi:schemaLocation="http://www.spiritconsortium.org/XMLSchema/SPIRIT/1.4 http://www.spiritconsortium.org/XMLSchema/SPIRIT/1.4/index.xsd">
	<spirit:vendor>spiritconsortium.org</spirit:vendor>
	<spirit:library>abstractiondef.tlm</spirit:library>
	<spirit:name>serial_pv</spirit:name>
	<spirit:version>1.0</spirit:version>
	<spirit:busType spirit:vendor="spiritconsortium.org" spirit:library="busdef.generic" spirit:name="serial" spirit:version="1.0"/>
	<spirit:ports>
		<spirit:port>
			<spirit:logicalName>RW_TRANSACTION</spirit:logicalName>
			<spirit:transactional>
				<spirit:onMaster>
					<spirit:presence>required</spirit:presence>
					<spirit:service>
						<spirit:initiative>requires</spirit:initiative>
						<spirit:typeName spirit:implicit="true">serialOut</spirit:typeName>
					</spirit:service>
				</spirit:onMaster>
				<spirit:onSlave>
					<spirit:presence>required</spirit:presence>
					<spirit:service>
						<spirit:initiative>provides</spirit:initiative>
						<spirit:typeName spirit:implicit="true">serialIn</spirit:typeName>
					</spirit:service>
				</spirit:onSlave>
			</spirit:transactional>
		</spirit:port>
	</spirit:ports>
</spirit:abstractionDefinition>
