<?xml version="1.0"?>
<!--
// Description : i2c_gpio.xml simple 1-8 bit GPIO register on I2C bus
// Author : 
// Version: 1.0
//
// Copyright (c) 2005, 2006, 2007 The SPIRIT Consortium.  All rights reserved.
// www.spiritconsortium.org
//
// THIS WORK FORMS PART OF A SPIRIT CONSORTIUM SPECIFICATION.
// USE OF THESE MATERIALS ARE GOVERNED BY
// THE LEGAL TERMS AND CONDITIONS OUTLINED IN THE SPIRIT
// SPECIFICATION DISCLAIMER AVAILABLE FROM
// www.spiritconsortium.org
//
// This source file is provided on an AS IS basis. The SPIRIT Consortium disclaims 
// ANY WARRANTY EXPRESS OR IMPLIED INCLUDING ANY WARRANTY OF
// MERCHANTABILITY AND FITNESS FOR USE FOR A PARTICULAR PURPOSE. 
// The user of the source file shall indemnify and hold The SPIRIT Consortium harmless
// from any damages or liability arising out of the use thereof or the performance or
// implementation or partial implementation of the schema.
-->
<spirit:component xmlns:spirit="http://www.spiritconsortium.org/XMLSchema/SPIRIT/1.2" xmlns:xsi="http://www.w3.org/2001/XMLSchema-instance" xsi:schemaLocation="http://www.spiritconsortium.org/XMLSchema/SPIRIT/1.2 http://www.spiritconsortium.org/XMLSchema/SPIRIT/1.2/index.xsd">
  <spirit:vendor>spiritconsortium.org</spirit:vendor>
  <spirit:library>Leon2</spirit:library>
  <spirit:name>i2c_gpio</spirit:name>
  <spirit:version>1.0</spirit:version>
  <spirit:busInterfaces>
    <spirit:busInterface>
      <spirit:name>i2c_slave</spirit:name>
      <spirit:busType spirit:vendor="spiritconsortium.org" spirit:library="busdef.nxp" spirit:name="i2c" spirit:version="1.0"/>
      <spirit:slave/>
      <spirit:signalMap>
        <spirit:signalName>
          <spirit:componentSignalName>scl</spirit:componentSignalName>
          <spirit:busSignalName>SCL</spirit:busSignalName>
        </spirit:signalName>
        <spirit:signalName>
          <spirit:componentSignalName>sda</spirit:componentSignalName>
          <spirit:busSignalName>SDA</spirit:busSignalName>
        </spirit:signalName>
      </spirit:signalMap>
    </spirit:busInterface>
  </spirit:busInterfaces>
  <spirit:model>
    <spirit:views>
      <spirit:view>
        <spirit:name>verilogSource</spirit:name>
        <spirit:envIdentifier>:modelsim.mentor.com:</spirit:envIdentifier>
        <spirit:envIdentifier>:vcs.synopsys.com:</spirit:envIdentifier>
        <spirit:envIdentifier>:designcompiler.synopsys.com:</spirit:envIdentifier>
        <spirit:language>verilog</spirit:language>
        <spirit:modelName>i2c_gpio</spirit:modelName>
        <spirit:fileSetRef>fs-verilogSource</spirit:fileSetRef>
      </spirit:view>
      <spirit:view>
        <spirit:name>vhdlSource</spirit:name>
        <spirit:envIdentifier>:ncsim.cadence.com:</spirit:envIdentifier>
        <spirit:language>vhdl</spirit:language>
        <spirit:modelName>i2c_gpio</spirit:modelName>
        <spirit:fileSetRef>fs-verilogSource</spirit:fileSetRef>
        <spirit:fileSetRef>fs-vhdlWrapper</spirit:fileSetRef>
      </spirit:view>
    </spirit:views>
    <spirit:signals>
      <spirit:signal>
        <spirit:name>scl</spirit:name>
        <spirit:direction>in</spirit:direction>
      </spirit:signal>
      <spirit:signal>
        <spirit:name>sda</spirit:name>
        <spirit:direction>inout</spirit:direction>
      </spirit:signal>
      <spirit:signal>
        <spirit:name>address</spirit:name>
        <spirit:direction>in</spirit:direction>
        <spirit:left>9</spirit:left>
        <spirit:right>0</spirit:right>
      </spirit:signal>
      <spirit:signal>
        <spirit:name>gpi</spirit:name>
        <spirit:direction>in</spirit:direction>
        <spirit:left spirit:resolve="dependent" spirit:dependency="id('gpi')-1">3</spirit:left>
        <spirit:right>0</spirit:right>
      </spirit:signal>
      <spirit:signal>
        <spirit:name>gpo</spirit:name>
        <spirit:direction>out</spirit:direction>
        <spirit:left spirit:resolve="dependent" spirit:dependency="id('gpo')-1">3</spirit:left>
        <spirit:right>0</spirit:right>
      </spirit:signal>
    </spirit:signals>
    <spirit:modelParameters>
      <spirit:modelParameter spirit:id="gpi" spirit:prompt="Number input bits:" spirit:name="gpibits" spirit:dataType="integer" spirit:resolve="user" spirit:minimum="1" spirit:maximum="8" spirit:rangeType="unsigned int">4</spirit:modelParameter>
      <spirit:modelParameter spirit:id="gpo" spirit:prompt="Number output bits:" spirit:name="gpobits" spirit:dataType="integer" spirit:resolve="user" spirit:minimum="1" spirit:maximum="8" spirit:rangeType="unsigned int">4</spirit:modelParameter>
    </spirit:modelParameters>
  </spirit:model>
  <spirit:fileSets>
    <spirit:fileSet spirit:fileSetId="fs-verilogSource">
      <spirit:file>
        <spirit:name>data/i2c_gpio/RTL/i2c_gpio.v</spirit:name>
        <spirit:fileType>verilogSource</spirit:fileType>
        <spirit:logicalName>i2c_gpio_lib</spirit:logicalName>
      </spirit:file>
    </spirit:fileSet>
    <spirit:fileSet spirit:fileSetId="fs-vhdlWrapper">
      <spirit:file>
        <spirit:name>data/i2c_gpio/RTL/i2c_gpio.vhd</spirit:name>
        <spirit:fileType>vhdlSource</spirit:fileType>
        <spirit:logicalName>i2c_gpio_lib</spirit:logicalName>
      </spirit:file>
    </spirit:fileSet>
  </spirit:fileSets>
</spirit:component>
