<?xml version="1.0"?>
<!--
// Description : ahbChannel12.xml
// Author : SPIRIT Schema Working Group - Christophe Amerijckx
// Version: 1.0
//
// Copyright (c) 2007 SPIRIT.  All rights reserved.
// www.spiritconsortium.org
//
// THIS WORK FORMS PART OF A SPIRIT CONSORTIUM SPECIFICATION.  
// THIS WORK CONTAINS TRADE SECRETS AND PROPRIETARY INFORMATION 
// WHICH IS THE EXCLUSIVE PROPERTY OF INDIVIDUAL MEMBERS OF THE 
// SPIRIT CONSORTIUM. USE OF THESE MATERIALS ARE GOVERNED BY 
// THE LEGAL TERMS AND CONDITIONS OUTLINED IN THE THE SPIRIT 
// SPECIFICATION DISCLAIMER AVAILABLE FROM
// www.spiritconsortium.org
-->
<spirit:component xmlns:spirit="http://www.spiritconsortium.org/XMLSchema/SPIRIT/1.4" xmlns:xsi="http://www.w3.org/2001/XMLSchema-instance" xsi:schemaLocation="http://www.spiritconsortium.org/XMLSchema/SPIRIT/1.4 http://www.spiritconsortium.org/XMLSchema/SPIRIT/1.4/index.xsd">
  <spirit:vendor>spiritconsortium.org</spirit:vendor>
  <spirit:library>Addressing</spirit:library>
  <spirit:name>ahbChannel12</spirit:name>
  <spirit:version>1.0</spirit:version>
  <spirit:busInterfaces>
    <spirit:busInterface>
      <spirit:name>MirroredMaster0</spirit:name>
      <spirit:busType spirit:vendor="amba.com" spirit:library="AMBA2" spirit:name="AHB" spirit:version="r2p0_6"/>
      <spirit:abstractionType spirit:vendor="amba.com" spirit:library="AMBA2" spirit:name="AHB_rtl" spirit:version="r2p0_6"/>
      <spirit:mirroredMaster/>
      <spirit:portMaps>
        <spirit:portMap>
          <spirit:logicalPort>
            <spirit:name>HGRANTx</spirit:name>
          </spirit:logicalPort>
          <spirit:physicalPort>
            <spirit:name>hgrant_mst0</spirit:name>
          </spirit:physicalPort>
        </spirit:portMap>
        <spirit:portMap>
          <spirit:logicalPort>
            <spirit:name>HREADY</spirit:name>
          </spirit:logicalPort>
          <spirit:physicalPort>
            <spirit:name>hready_mst0</spirit:name>
          </spirit:physicalPort>
        </spirit:portMap>
        <spirit:portMap>
          <spirit:logicalPort>
            <spirit:name>HRESP</spirit:name>
          </spirit:logicalPort>
          <spirit:physicalPort>
            <spirit:name>hresp_mst0</spirit:name>
          </spirit:physicalPort>
        </spirit:portMap>
        <spirit:portMap>
          <spirit:logicalPort>
            <spirit:name>HRDATA</spirit:name>
          </spirit:logicalPort>
          <spirit:physicalPort>
            <spirit:name>hrdata_mst0</spirit:name>
          </spirit:physicalPort>
        </spirit:portMap>
        <spirit:portMap>
          <spirit:logicalPort>
            <spirit:name>HBUSREQx</spirit:name>
          </spirit:logicalPort>
          <spirit:physicalPort>
            <spirit:name>hbusreq_mst0</spirit:name>
          </spirit:physicalPort>
        </spirit:portMap>
        <spirit:portMap>
          <spirit:logicalPort>
            <spirit:name>HLOCKx</spirit:name>
          </spirit:logicalPort>
          <spirit:physicalPort>
            <spirit:name>hlock_mst0</spirit:name>
          </spirit:physicalPort>
        </spirit:portMap>
        <spirit:portMap>
          <spirit:logicalPort>
            <spirit:name>HTRANS</spirit:name>
          </spirit:logicalPort>
          <spirit:physicalPort>
            <spirit:name>htrans_mst0</spirit:name>
          </spirit:physicalPort>
        </spirit:portMap>
        <spirit:portMap>
          <spirit:logicalPort>
            <spirit:name>HADDR</spirit:name>
	    <spirit:vector>
	      <spirit:left spirit:resolve="dependent" spirit:dependency="id('mMasterAddr') + 32 - 1">31</spirit:left>
	      <spirit:right spirit:resolve="user" spirit:id="mMasterAddr" spirit:format="long" spirit:prompt="Least mapped LSB of the mirroredMaster address">0</spirit:right>
	    </spirit:vector>
          </spirit:logicalPort>
          <spirit:physicalPort>
            <spirit:name>haddr_mst0</spirit:name>
          </spirit:physicalPort>
        </spirit:portMap>
        <spirit:portMap>
          <spirit:logicalPort>
            <spirit:name>HWRITE</spirit:name>
          </spirit:logicalPort>
          <spirit:physicalPort>
            <spirit:name>hwrite_mst0</spirit:name>
          </spirit:physicalPort>
        </spirit:portMap>
        <spirit:portMap>
          <spirit:logicalPort>
            <spirit:name>HSIZE</spirit:name>
          </spirit:logicalPort>
          <spirit:physicalPort>
            <spirit:name>hsize_mst0</spirit:name>
          </spirit:physicalPort>
        </spirit:portMap>
        <spirit:portMap>
          <spirit:logicalPort>
            <spirit:name>HBURST</spirit:name>
          </spirit:logicalPort>
          <spirit:physicalPort>
            <spirit:name>hburst_mst0</spirit:name>
          </spirit:physicalPort>
        </spirit:portMap>
        <spirit:portMap>
          <spirit:logicalPort>
            <spirit:name>HPROT</spirit:name>
          </spirit:logicalPort>
          <spirit:physicalPort>
            <spirit:name>hprot_mst0</spirit:name>
          </spirit:physicalPort>
        </spirit:portMap>
        <spirit:portMap>
          <spirit:logicalPort>
            <spirit:name>HWDATA</spirit:name>
          </spirit:logicalPort>
          <spirit:physicalPort>
            <spirit:name>hwdata_mst0</spirit:name>
          </spirit:physicalPort>
        </spirit:portMap>
      </spirit:portMaps>
      <spirit:bitsInLau>8</spirit:bitsInLau>
      <spirit:bitSteering spirit:resolve="user" spirit:id="mMasterSteer" spirit:configGroups="requiredConfig" spirit:prompt="bitSteering mirroredMaster:" spirit:choiceRef="bitSteer">off</spirit:bitSteering>
      <spirit:endianness>little</spirit:endianness>
    </spirit:busInterface>
    <spirit:busInterface>
      <spirit:name>MirroredSlave0</spirit:name>
      <spirit:busType spirit:vendor="amba.com" spirit:library="AMBA2" spirit:name="AHB" spirit:version="r2p0_6"/>
      <spirit:abstractionType spirit:vendor="amba.com" spirit:library="AMBA2" spirit:name="AHB_rtl" spirit:version="r2p0_6"/>
      <spirit:mirroredSlave>
        <spirit:baseAddresses>
          <spirit:remapAddress spirit:resolve="user" spirit:id="remap0Base" spirit:configGroups="requiredConfig" spirit:format="long" spirit:prompt="remap 0 Base Address:">0x00000000</spirit:remapAddress>
          <spirit:range spirit:resolve="user" spirit:id="remap0Range" spirit:configGroups="requiredConfig" spirit:prompt="remap 0 Range:">0x00010000</spirit:range>
        </spirit:baseAddresses>
      </spirit:mirroredSlave>
      <spirit:portMaps>
        <spirit:portMap>
          <spirit:logicalPort>
            <spirit:name>HSELx</spirit:name>
          </spirit:logicalPort>
          <spirit:physicalPort>
            <spirit:name>hsel_slv0</spirit:name>
          </spirit:physicalPort>
        </spirit:portMap>
        <spirit:portMap>
          <spirit:logicalPort>
            <spirit:name>HADDR</spirit:name>
	    <spirit:vector>
	      <spirit:left spirit:resolve="dependent" spirit:dependency="id('mSlave0Addr') + 32 - 1">31</spirit:left>
	      <spirit:right spirit:resolve="user" spirit:id="mSlave0Addr" spirit:format="long" spirit:prompt="Least mapped LSB of the mirroredSlave 0 address">0</spirit:right>
	    </spirit:vector>
          </spirit:logicalPort>
          <spirit:physicalPort>
            <spirit:name>haddr_slv0</spirit:name>
          </spirit:physicalPort>
        </spirit:portMap>
        <spirit:portMap>
          <spirit:logicalPort>
            <spirit:name>HWRITE</spirit:name>
          </spirit:logicalPort>
          <spirit:physicalPort>
            <spirit:name>hwrite_slv0</spirit:name>
          </spirit:physicalPort>
        </spirit:portMap>
        <spirit:portMap>
          <spirit:logicalPort>
            <spirit:name>HTRANS</spirit:name>
          </spirit:logicalPort>
          <spirit:physicalPort>
            <spirit:name>htrans_slv0</spirit:name>
          </spirit:physicalPort>
        </spirit:portMap>
        <spirit:portMap>
          <spirit:logicalPort>
            <spirit:name>HSIZE</spirit:name>
          </spirit:logicalPort>
          <spirit:physicalPort>
            <spirit:name>hsize_slv0</spirit:name>
          </spirit:physicalPort>
        </spirit:portMap>
        <spirit:portMap>
          <spirit:logicalPort>
            <spirit:name>HBURST</spirit:name>
          </spirit:logicalPort>
          <spirit:physicalPort>
            <spirit:name>hburst_slv0</spirit:name>
          </spirit:physicalPort>
        </spirit:portMap>
        <spirit:portMap>
          <spirit:logicalPort>
            <spirit:name>HWDATA</spirit:name>
          </spirit:logicalPort>
          <spirit:physicalPort>
            <spirit:name>hwdata_slv0</spirit:name>
          </spirit:physicalPort>
        </spirit:portMap>
        <spirit:portMap>
          <spirit:logicalPort>
            <spirit:name>HPROT</spirit:name>
          </spirit:logicalPort>
          <spirit:physicalPort>
            <spirit:name>hprot_slv0</spirit:name>
          </spirit:physicalPort>
        </spirit:portMap>
        <spirit:portMap>
          <spirit:logicalPort>
            <spirit:name>HREADY</spirit:name>
          </spirit:logicalPort>
          <spirit:physicalPort>
            <spirit:name>hreadyin_slv0</spirit:name>
          </spirit:physicalPort>
        </spirit:portMap>
        <spirit:portMap>
          <spirit:logicalPort>
            <spirit:name>HMASTER</spirit:name>
          </spirit:logicalPort>
          <spirit:physicalPort>
            <spirit:name>hmaster_slv0</spirit:name>
          </spirit:physicalPort>
        </spirit:portMap>
        <spirit:portMap>
          <spirit:logicalPort>
            <spirit:name>HMASTLOCK</spirit:name>
          </spirit:logicalPort>
          <spirit:physicalPort>
            <spirit:name>hmastlock_slv0</spirit:name>
          </spirit:physicalPort>
        </spirit:portMap>
        <spirit:portMap>
          <spirit:logicalPort>
            <spirit:name>HREADYOUT</spirit:name>
          </spirit:logicalPort>
          <spirit:physicalPort>
            <spirit:name>hreadyout_slv0</spirit:name>
          </spirit:physicalPort>
        </spirit:portMap>
        <spirit:portMap>
          <spirit:logicalPort>
            <spirit:name>HRESP</spirit:name>
          </spirit:logicalPort>
          <spirit:physicalPort>
            <spirit:name>hresp_slv0</spirit:name>
          </spirit:physicalPort>
        </spirit:portMap>
        <spirit:portMap>
          <spirit:logicalPort>
            <spirit:name>HRDATA</spirit:name>
          </spirit:logicalPort>
          <spirit:physicalPort>
            <spirit:name>hrdata_slv0</spirit:name>
          </spirit:physicalPort>
        </spirit:portMap>
        <spirit:portMap>
          <spirit:logicalPort>
            <spirit:name>HSPLITx</spirit:name>
          </spirit:logicalPort>
          <spirit:physicalPort>
            <spirit:name>hsplit_slv0</spirit:name>
          </spirit:physicalPort>
        </spirit:portMap>
      </spirit:portMaps>
      <spirit:bitsInLau>8</spirit:bitsInLau>
      <spirit:bitSteering spirit:resolve="user" spirit:id="mSlave0Steer" spirit:configGroups="requiredConfig" spirit:prompt="bitSteering mirroredSlave 0:" spirit:choiceRef="bitSteer">on</spirit:bitSteering>
      <spirit:endianness>little</spirit:endianness>
    </spirit:busInterface>
    <spirit:busInterface>
      <spirit:name>MirroredSlave1</spirit:name>
      <spirit:busType spirit:vendor="amba.com" spirit:library="AMBA2" spirit:name="AHB" spirit:version="r2p0_6"/>
      <spirit:abstractionType spirit:vendor="amba.com" spirit:library="AMBA2" spirit:name="AHB_rtl" spirit:version="r2p0_6"/>
      <spirit:mirroredSlave>
        <spirit:baseAddresses>
          <spirit:remapAddress spirit:resolve="user" spirit:id="remap1Base" spirit:configGroups="requiredConfig" spirit:format="long" spirit:prompt="remap 1 Base Address:">0x00000000</spirit:remapAddress>
          <spirit:range spirit:resolve="user" spirit:id="remap1Range" spirit:configGroups="requiredConfig" spirit:prompt="remap 1 Range:">0x00010000</spirit:range>
        </spirit:baseAddresses>
      </spirit:mirroredSlave>
      <spirit:portMaps>
        <spirit:portMap>
          <spirit:logicalPort>
            <spirit:name>HSELx</spirit:name>
          </spirit:logicalPort>
          <spirit:physicalPort>
            <spirit:name>hsel_slv1</spirit:name>
          </spirit:physicalPort>
        </spirit:portMap>
        <spirit:portMap>
          <spirit:logicalPort>
            <spirit:name>HADDR</spirit:name>
	    <spirit:vector>
	      <spirit:left spirit:resolve="dependent" spirit:dependency="id('mSlave1Addr') + 32 - 1">31</spirit:left>
	      <spirit:right spirit:resolve="user" spirit:id="mSlave1Addr" spirit:format="long" spirit:prompt="Least mapped LSB of the mirroredSlave 1 address">0</spirit:right>
	    </spirit:vector>
          </spirit:logicalPort>
          <spirit:physicalPort>
            <spirit:name>haddr_slv1</spirit:name>
          </spirit:physicalPort>
        </spirit:portMap>
        <spirit:portMap>
          <spirit:logicalPort>
            <spirit:name>HWRITE</spirit:name>
          </spirit:logicalPort>
          <spirit:physicalPort>
            <spirit:name>hwrite_slv1</spirit:name>
          </spirit:physicalPort>
        </spirit:portMap>
        <spirit:portMap>
          <spirit:logicalPort>
            <spirit:name>HTRANS</spirit:name>
          </spirit:logicalPort>
          <spirit:physicalPort>
            <spirit:name>htrans_slv1</spirit:name>
          </spirit:physicalPort>
        </spirit:portMap>
        <spirit:portMap>
          <spirit:logicalPort>
            <spirit:name>HSIZE</spirit:name>
          </spirit:logicalPort>
          <spirit:physicalPort>
            <spirit:name>hsize_slv1</spirit:name>
          </spirit:physicalPort>
        </spirit:portMap>
        <spirit:portMap>
          <spirit:logicalPort>
            <spirit:name>HBURST</spirit:name>
          </spirit:logicalPort>
          <spirit:physicalPort>
            <spirit:name>hburst_slv1</spirit:name>
          </spirit:physicalPort>
        </spirit:portMap>
        <spirit:portMap>
          <spirit:logicalPort>
            <spirit:name>HWDATA</spirit:name>
          </spirit:logicalPort>
          <spirit:physicalPort>
            <spirit:name>hwdata_slv1</spirit:name>
          </spirit:physicalPort>
        </spirit:portMap>
        <spirit:portMap>
          <spirit:logicalPort>
            <spirit:name>HPROT</spirit:name>
          </spirit:logicalPort>
          <spirit:physicalPort>
            <spirit:name>hprot_slv1</spirit:name>
          </spirit:physicalPort>
        </spirit:portMap>
        <spirit:portMap>
          <spirit:logicalPort>
            <spirit:name>HREADY</spirit:name>
          </spirit:logicalPort>
          <spirit:physicalPort>
            <spirit:name>hreadyin_slv1</spirit:name>
          </spirit:physicalPort>
        </spirit:portMap>
        <spirit:portMap>
          <spirit:logicalPort>
            <spirit:name>HMASTER</spirit:name>
          </spirit:logicalPort>
          <spirit:physicalPort>
            <spirit:name>hmaster_slv1</spirit:name>
          </spirit:physicalPort>
        </spirit:portMap>
        <spirit:portMap>
          <spirit:logicalPort>
            <spirit:name>HMASTLOCK</spirit:name>
          </spirit:logicalPort>
          <spirit:physicalPort>
            <spirit:name>hmastlock_slv1</spirit:name>
          </spirit:physicalPort>
        </spirit:portMap>
        <spirit:portMap>
          <spirit:logicalPort>
            <spirit:name>HREADYOUT</spirit:name>
          </spirit:logicalPort>
          <spirit:physicalPort>
            <spirit:name>hreadyout_slv1</spirit:name>
          </spirit:physicalPort>
        </spirit:portMap>
        <spirit:portMap>
          <spirit:logicalPort>
            <spirit:name>HRESP</spirit:name>
          </spirit:logicalPort>
          <spirit:physicalPort>
            <spirit:name>hresp_slv1</spirit:name>
          </spirit:physicalPort>
        </spirit:portMap>
        <spirit:portMap>
          <spirit:logicalPort>
            <spirit:name>HRDATA</spirit:name>
          </spirit:logicalPort>
          <spirit:physicalPort>
            <spirit:name>hrdata_slv1</spirit:name>
          </spirit:physicalPort>
        </spirit:portMap>
        <spirit:portMap>
          <spirit:logicalPort>
            <spirit:name>HSPLITx</spirit:name>
          </spirit:logicalPort>
          <spirit:physicalPort>
            <spirit:name>hsplit_slv1</spirit:name>
          </spirit:physicalPort>
        </spirit:portMap>
      </spirit:portMaps>
      <spirit:bitsInLau>8</spirit:bitsInLau>
      <spirit:bitSteering spirit:resolve="user" spirit:id="mSlave1Steer" spirit:configGroups="requiredConfig" spirit:prompt="bitSteering mirroredSlave 1:" spirit:choiceRef="bitSteer">on</spirit:bitSteering>
      <spirit:endianness>little</spirit:endianness>
    </spirit:busInterface>
  </spirit:busInterfaces>
  <spirit:channels>
    <spirit:channel>
      <spirit:name>AHBChannel</spirit:name>
<!--IP-XACT XSLT Warning#1:Removing element maxMasters from channel-->
<!--IP-XACT XSLT Warning#2:Removing element maxSlaves from channel-->
      <spirit:busInterfaceRef>MirroredMaster0</spirit:busInterfaceRef>
      <spirit:busInterfaceRef>MirroredSlave0</spirit:busInterfaceRef>
      <spirit:busInterfaceRef>MirroredSlave1</spirit:busInterfaceRef>
    </spirit:channel>
  </spirit:channels>
  <spirit:model>
    <spirit:ports>
      <spirit:port>
        <spirit:name>rst</spirit:name>
        <spirit:wire>
          <spirit:direction>in</spirit:direction>
        </spirit:wire>
      </spirit:port>
      <spirit:port>
        <spirit:name>remap</spirit:name>
        <spirit:wire>
          <spirit:direction>in</spirit:direction>
          <spirit:driver>
            <spirit:defaultValue>0x0</spirit:defaultValue>
          </spirit:driver>
        </spirit:wire>
      </spirit:port>
      <spirit:port>
        <spirit:name>clk</spirit:name>
        <spirit:wire>
          <spirit:direction>in</spirit:direction>
        </spirit:wire>
      </spirit:port>
      <spirit:port>
        <spirit:name>hgrant_mst0</spirit:name>
        <spirit:wire>
          <spirit:direction>out</spirit:direction>
        </spirit:wire>
      </spirit:port>
      <spirit:port>
        <spirit:name>hready_mst0</spirit:name>
        <spirit:wire>
          <spirit:direction>out</spirit:direction>
        </spirit:wire>
      </spirit:port>
      <spirit:port>
        <spirit:name>hresp_mst0</spirit:name>
        <spirit:wire>
          <spirit:direction>out</spirit:direction>
          <spirit:vector>
            <spirit:left>1</spirit:left>
            <spirit:right>0</spirit:right>
          </spirit:vector>
        </spirit:wire>
      </spirit:port>
      <spirit:port>
        <spirit:name>hrdata_mst0</spirit:name>
        <spirit:wire>
          <spirit:direction>out</spirit:direction>
          <spirit:vector>
            <spirit:left spirit:resolve="dependent" spirit:dependency="id('mMasterDataWidth') - 1">31</spirit:left>
            <spirit:right>0</spirit:right>
          </spirit:vector>
        </spirit:wire>
      </spirit:port>
      <spirit:port>
        <spirit:name>hbusreq_mst0</spirit:name>
        <spirit:wire>
          <spirit:direction>in</spirit:direction>
        </spirit:wire>
      </spirit:port>
      <spirit:port>
        <spirit:name>hlock_mst0</spirit:name>
        <spirit:wire>
          <spirit:direction>in</spirit:direction>
        </spirit:wire>
      </spirit:port>
      <spirit:port>
        <spirit:name>htrans_mst0</spirit:name>
        <spirit:wire>
          <spirit:direction>in</spirit:direction>
          <spirit:vector>
            <spirit:left>1</spirit:left>
            <spirit:right>0</spirit:right>
          </spirit:vector>
        </spirit:wire>
      </spirit:port>
      <spirit:port>
        <spirit:name>haddr_mst0</spirit:name>
        <spirit:wire>
          <spirit:direction>in</spirit:direction>
          <spirit:vector>
            <spirit:left>31</spirit:left>
            <spirit:right>0</spirit:right>
          </spirit:vector>
        </spirit:wire>
      </spirit:port>
      <spirit:port>
        <spirit:name>hwrite_mst0</spirit:name>
        <spirit:wire>
          <spirit:direction>in</spirit:direction>
        </spirit:wire>
      </spirit:port>
      <spirit:port>
        <spirit:name>hsize_mst0</spirit:name>
        <spirit:wire>
          <spirit:direction>in</spirit:direction>
          <spirit:vector>
            <spirit:left>2</spirit:left>
            <spirit:right>0</spirit:right>
          </spirit:vector>
        </spirit:wire>
      </spirit:port>
      <spirit:port>
        <spirit:name>hburst_mst0</spirit:name>
        <spirit:wire>
          <spirit:direction>in</spirit:direction>
          <spirit:vector>
            <spirit:left>2</spirit:left>
            <spirit:right>0</spirit:right>
          </spirit:vector>
        </spirit:wire>
      </spirit:port>
      <spirit:port>
        <spirit:name>hprot_mst0</spirit:name>
        <spirit:wire>
          <spirit:direction>in</spirit:direction>
          <spirit:vector>
            <spirit:left>3</spirit:left>
            <spirit:right>0</spirit:right>
          </spirit:vector>
        </spirit:wire>
      </spirit:port>
      <spirit:port>
        <spirit:name>hwdata_mst0</spirit:name>
        <spirit:wire>
          <spirit:direction>in</spirit:direction>
          <spirit:vector>
            <spirit:left spirit:resolve="dependent" spirit:dependency="id('mMasterDataWidth') - 1">31</spirit:left>
            <spirit:right>0</spirit:right>
          </spirit:vector>
        </spirit:wire>
      </spirit:port>
      <spirit:port>
        <spirit:name>hsel_slv0</spirit:name>
        <spirit:wire>
          <spirit:direction>out</spirit:direction>
        </spirit:wire>
      </spirit:port>
      <spirit:port>
        <spirit:name>haddr_slv0</spirit:name>
        <spirit:wire>
          <spirit:direction>out</spirit:direction>
          <spirit:vector>
            <spirit:left>31</spirit:left>
            <spirit:right>0</spirit:right>
          </spirit:vector>
        </spirit:wire>
      </spirit:port>
      <spirit:port>
        <spirit:name>hwrite_slv0</spirit:name>
        <spirit:wire>
          <spirit:direction>out</spirit:direction>
        </spirit:wire>
      </spirit:port>
      <spirit:port>
        <spirit:name>htrans_slv0</spirit:name>
        <spirit:wire>
          <spirit:direction>out</spirit:direction>
          <spirit:vector>
            <spirit:left>1</spirit:left>
            <spirit:right>0</spirit:right>
          </spirit:vector>
        </spirit:wire>
      </spirit:port>
      <spirit:port>
        <spirit:name>hsize_slv0</spirit:name>
        <spirit:wire>
          <spirit:direction>out</spirit:direction>
          <spirit:vector>
            <spirit:left>2</spirit:left>
            <spirit:right>0</spirit:right>
          </spirit:vector>
        </spirit:wire>
      </spirit:port>
      <spirit:port>
        <spirit:name>hburst_slv0</spirit:name>
        <spirit:wire>
          <spirit:direction>out</spirit:direction>
          <spirit:vector>
            <spirit:left>2</spirit:left>
            <spirit:right>0</spirit:right>
          </spirit:vector>
        </spirit:wire>
      </spirit:port>
      <spirit:port>
        <spirit:name>hwdata_slv0</spirit:name>
        <spirit:wire>
          <spirit:direction>out</spirit:direction>
          <spirit:vector>
            <spirit:left spirit:resolve="dependent" spirit:dependency="id('mSlave0DataWidth') - 1">31</spirit:left>
            <spirit:right>0</spirit:right>
          </spirit:vector>
        </spirit:wire>
      </spirit:port>
      <spirit:port>
        <spirit:name>hprot_slv0</spirit:name>
        <spirit:wire>
          <spirit:direction>out</spirit:direction>
          <spirit:vector>
            <spirit:left>3</spirit:left>
            <spirit:right>0</spirit:right>
          </spirit:vector>
        </spirit:wire>
      </spirit:port>
      <spirit:port>
        <spirit:name>hreadyin_slv0</spirit:name>
        <spirit:wire>
          <spirit:direction>out</spirit:direction>
        </spirit:wire>
      </spirit:port>
      <spirit:port>
        <spirit:name>hmaster_slv0</spirit:name>
        <spirit:wire>
          <spirit:direction>out</spirit:direction>
          <spirit:vector>
            <spirit:left>3</spirit:left>
            <spirit:right>0</spirit:right>
          </spirit:vector>
        </spirit:wire>
      </spirit:port>
      <spirit:port>
        <spirit:name>hmastlock_slv0</spirit:name>
        <spirit:wire>
          <spirit:direction>out</spirit:direction>
        </spirit:wire>
      </spirit:port>
      <spirit:port>
        <spirit:name>hreadyout_slv0</spirit:name>
        <spirit:wire>
          <spirit:direction>in</spirit:direction>
          <spirit:driver>
            <spirit:defaultValue>0x0</spirit:defaultValue>
          </spirit:driver>
        </spirit:wire>
      </spirit:port>
      <spirit:port>
        <spirit:name>hresp_slv0</spirit:name>
        <spirit:wire>
          <spirit:direction>in</spirit:direction>
          <spirit:vector>
            <spirit:left>1</spirit:left>
            <spirit:right>0</spirit:right>
          </spirit:vector>
          <spirit:driver>
            <spirit:defaultValue>0x0</spirit:defaultValue>
          </spirit:driver>
        </spirit:wire>
      </spirit:port>
      <spirit:port>
        <spirit:name>hrdata_slv0</spirit:name>
        <spirit:wire>
          <spirit:direction>in</spirit:direction>
          <spirit:vector>
            <spirit:left spirit:resolve="dependent" spirit:dependency="id('mSlave0DataWidth') - 1">31</spirit:left>
            <spirit:right>0</spirit:right>
          </spirit:vector>
          <spirit:driver>
            <spirit:defaultValue>0x0</spirit:defaultValue>
          </spirit:driver>
        </spirit:wire>
      </spirit:port>
      <spirit:port>
        <spirit:name>hsplit_slv0</spirit:name>
        <spirit:wire>
          <spirit:direction>in</spirit:direction>
          <spirit:vector>
            <spirit:left>15</spirit:left>
            <spirit:right>0</spirit:right>
          </spirit:vector>
          <spirit:driver>
            <spirit:defaultValue>0x0</spirit:defaultValue>
          </spirit:driver>
        </spirit:wire>
      </spirit:port>
      <spirit:port>
        <spirit:name>hsel_slv1</spirit:name>
        <spirit:wire>
          <spirit:direction>out</spirit:direction>
        </spirit:wire>
      </spirit:port>
      <spirit:port>
        <spirit:name>haddr_slv1</spirit:name>
        <spirit:wire>
          <spirit:direction>out</spirit:direction>
          <spirit:vector>
            <spirit:left>31</spirit:left>
            <spirit:right>0</spirit:right>
          </spirit:vector>
        </spirit:wire>
      </spirit:port>
      <spirit:port>
        <spirit:name>hwrite_slv1</spirit:name>
        <spirit:wire>
          <spirit:direction>out</spirit:direction>
        </spirit:wire>
      </spirit:port>
      <spirit:port>
        <spirit:name>htrans_slv1</spirit:name>
        <spirit:wire>
          <spirit:direction>out</spirit:direction>
          <spirit:vector>
            <spirit:left>1</spirit:left>
            <spirit:right>0</spirit:right>
          </spirit:vector>
        </spirit:wire>
      </spirit:port>
      <spirit:port>
        <spirit:name>hsize_slv1</spirit:name>
        <spirit:wire>
          <spirit:direction>out</spirit:direction>
          <spirit:vector>
            <spirit:left>2</spirit:left>
            <spirit:right>0</spirit:right>
          </spirit:vector>
        </spirit:wire>
      </spirit:port>
      <spirit:port>
        <spirit:name>hburst_slv1</spirit:name>
        <spirit:wire>
          <spirit:direction>out</spirit:direction>
          <spirit:vector>
            <spirit:left>2</spirit:left>
            <spirit:right>0</spirit:right>
          </spirit:vector>
        </spirit:wire>
      </spirit:port>
      <spirit:port>
        <spirit:name>hwdata_slv1</spirit:name>
        <spirit:wire>
          <spirit:direction>out</spirit:direction>
          <spirit:vector>
            <spirit:left spirit:resolve="dependent" spirit:dependency="id('mSlave1DataWidth') - 1">31</spirit:left>
            <spirit:right>0</spirit:right>
          </spirit:vector>
        </spirit:wire>
      </spirit:port>
      <spirit:port>
        <spirit:name>hprot_slv1</spirit:name>
        <spirit:wire>
          <spirit:direction>out</spirit:direction>
          <spirit:vector>
            <spirit:left>3</spirit:left>
            <spirit:right>0</spirit:right>
          </spirit:vector>
        </spirit:wire>
      </spirit:port>
      <spirit:port>
        <spirit:name>hreadyin_slv1</spirit:name>
        <spirit:wire>
          <spirit:direction>out</spirit:direction>
        </spirit:wire>
      </spirit:port>
      <spirit:port>
        <spirit:name>hmaster_slv1</spirit:name>
        <spirit:wire>
          <spirit:direction>out</spirit:direction>
          <spirit:vector>
            <spirit:left>3</spirit:left>
            <spirit:right>0</spirit:right>
          </spirit:vector>
        </spirit:wire>
      </spirit:port>
      <spirit:port>
        <spirit:name>hmastlock_slv1</spirit:name>
        <spirit:wire>
          <spirit:direction>out</spirit:direction>
        </spirit:wire>
      </spirit:port>
      <spirit:port>
        <spirit:name>hreadyout_slv1</spirit:name>
        <spirit:wire>
          <spirit:direction>in</spirit:direction>
          <spirit:driver>
            <spirit:defaultValue>0x0</spirit:defaultValue>
          </spirit:driver>
        </spirit:wire>
      </spirit:port>
      <spirit:port>
        <spirit:name>hresp_slv1</spirit:name>
        <spirit:wire>
          <spirit:direction>in</spirit:direction>
          <spirit:vector>
            <spirit:left>1</spirit:left>
            <spirit:right>0</spirit:right>
          </spirit:vector>
          <spirit:driver>
            <spirit:defaultValue>0x0</spirit:defaultValue>
          </spirit:driver>
        </spirit:wire>
      </spirit:port>
      <spirit:port>
        <spirit:name>hrdata_slv1</spirit:name>
        <spirit:wire>
          <spirit:direction>in</spirit:direction>
          <spirit:vector>
            <spirit:left spirit:resolve="dependent" spirit:dependency="id('mSlave1DataWidth') - 1">31</spirit:left>
            <spirit:right>0</spirit:right>
          </spirit:vector>
          <spirit:driver>
            <spirit:defaultValue>0x0</spirit:defaultValue>
          </spirit:driver>
        </spirit:wire>
      </spirit:port>
      <spirit:port>
        <spirit:name>hsplit_slv1</spirit:name>
        <spirit:wire>
          <spirit:direction>in</spirit:direction>
          <spirit:vector>
            <spirit:left>15</spirit:left>
            <spirit:right>0</spirit:right>
          </spirit:vector>
          <spirit:driver>
            <spirit:defaultValue>0x0</spirit:defaultValue>
          </spirit:driver>
        </spirit:wire>
      </spirit:port>
    </spirit:ports>
  </spirit:model>
  <spirit:choices>
    <spirit:choice>
      <spirit:name>bitSteer</spirit:name>
      <spirit:enumeration spirit:text="on">on</spirit:enumeration>
      <spirit:enumeration spirit:text="off">off</spirit:enumeration>
    </spirit:choice>
  </spirit:choices>
  <spirit:description>1 master, 2 slave AHB channel</spirit:description>
  <spirit:parameters>
    <spirit:parameter>
      <spirit:name>mmwidth</spirit:name>
      <spirit:value spirit:resolve="user" spirit:id="mMasterDataWidth" spirit:configGroups="requiredConfig" spirit:prompt="mirroredMaster Data width:">32</spirit:value>
    </spirit:parameter>
    <spirit:parameter>
      <spirit:name>ms0width</spirit:name>
      <spirit:value spirit:resolve="user" spirit:id="mSlave0DataWidth" spirit:configGroups="requiredConfig" spirit:prompt="mirroredSlave 0 Data width:">32</spirit:value>
    </spirit:parameter>
    <spirit:parameter>
      <spirit:name>ms1width</spirit:name>
      <spirit:value spirit:resolve="user" spirit:id="mSlave1DataWidth" spirit:configGroups="requiredConfig" spirit:prompt="mirroredSlave 1 Data width:">32</spirit:value>
    </spirit:parameter>
  </spirit:parameters>
</spirit:component>
