<?xml version="1.0"?>
<spirit:design xmlns:spirit="http://www.spiritconsortium.org/XMLSchema/SPIRIT/1.4" xmlns:xsi="http://www.w3.org/2001/XMLSchema-instance" xsi:schemaLocation="http://www.spiritconsortium.org/XMLSchema/SPIRIT/1.4 http://www.spiritconsortium.org/XMLSchema/SPIRIT/1.4/index.xsd">
  <spirit:vendor>spiritconsortium.org</spirit:vendor>
  <spirit:library>Addressing</spirit:library>
  <spirit:name>design_MCBoCS</spirit:name>
  <spirit:version>1.0</spirit:version>
  <spirit:componentInstances>
    <spirit:componentInstance>
      <spirit:instanceName>i_ahbMaster</spirit:instanceName>
      <spirit:componentRef spirit:vendor="spiritconsortium.org" spirit:library="Addressing" spirit:name="ahbMaster" spirit:version="1.0"/>
      <spirit:configurableElementValues>
        <spirit:configurableElementValue spirit:referenceId="asBase">0</spirit:configurableElementValue>
        <spirit:configurableElementValue spirit:referenceId="mSteer">off</spirit:configurableElementValue>
        <spirit:configurableElementValue spirit:referenceId="asRange">1M</spirit:configurableElementValue>
        <spirit:configurableElementValue spirit:referenceId="asWidth">32</spirit:configurableElementValue>
        <spirit:configurableElementValue spirit:referenceId="dataWidth">32</spirit:configurableElementValue>
        <spirit:configurableElementValue spirit:referenceId="addr">0</spirit:configurableElementValue>
      </spirit:configurableElementValues>
    </spirit:componentInstance>
    <spirit:componentInstance>
      <spirit:instanceName>i_ahbChannel0</spirit:instanceName>
      <spirit:componentRef spirit:vendor="spiritconsortium.org" spirit:library="Addressing" spirit:name="ahbChannel12" spirit:version="1.0"/>
      <spirit:configurableElementValues>
        <spirit:configurableElementValue spirit:referenceId="mMasterSteer">off</spirit:configurableElementValue>
        <spirit:configurableElementValue spirit:referenceId="mMasterDataWidth">32</spirit:configurableElementValue>
        <spirit:configurableElementValue spirit:referenceId="mMasterAddr">0</spirit:configurableElementValue>
        <spirit:configurableElementValue spirit:referenceId="remap0Base">0</spirit:configurableElementValue>
        <spirit:configurableElementValue spirit:referenceId="remap0Range">0</spirit:configurableElementValue>
        <spirit:configurableElementValue spirit:referenceId="mSlave0Steer">off</spirit:configurableElementValue>
        <spirit:configurableElementValue spirit:referenceId="mSlave0DataWidth">32</spirit:configurableElementValue>
        <spirit:configurableElementValue spirit:referenceId="mSlave0Addr">0</spirit:configurableElementValue>
        <spirit:configurableElementValue spirit:referenceId="remap1Base">0</spirit:configurableElementValue>
        <spirit:configurableElementValue spirit:referenceId="remap1Range">0</spirit:configurableElementValue>
        <spirit:configurableElementValue spirit:referenceId="mSlave1Steer">off</spirit:configurableElementValue>
        <spirit:configurableElementValue spirit:referenceId="mSlave1DataWidth">32</spirit:configurableElementValue>
        <spirit:configurableElementValue spirit:referenceId="mSlave1Addr">0</spirit:configurableElementValue>
      </spirit:configurableElementValues>
    </spirit:componentInstance>
    <spirit:componentInstance>
      <spirit:instanceName>i_ahbBridge</spirit:instanceName>
      <spirit:componentRef spirit:vendor="spiritconsortium.org" spirit:library="Addressing" spirit:name="ahbBridgeOpaque" spirit:version="1.0"/>
      <spirit:configurableElementValues>
        <spirit:configurableElementValue spirit:referenceId="asBase">0</spirit:configurableElementValue>
        <spirit:configurableElementValue spirit:referenceId="asRange">1M</spirit:configurableElementValue>
        <spirit:configurableElementValue spirit:referenceId="asWidth">32</spirit:configurableElementValue>
        <spirit:configurableElementValue spirit:referenceId="masterSteer">off</spirit:configurableElementValue>
        <spirit:configurableElementValue spirit:referenceId="masterDataWidth">32</spirit:configurableElementValue>
        <spirit:configurableElementValue spirit:referenceId="masterAddr">0</spirit:configurableElementValue>
        <spirit:configurableElementValue spirit:referenceId="slaveSteer">off</spirit:configurableElementValue>
        <spirit:configurableElementValue spirit:referenceId="ssBase">0x00000000</spirit:configurableElementValue>
        <spirit:configurableElementValue spirit:referenceId="slaveDataWidth">32</spirit:configurableElementValue>
        <spirit:configurableElementValue spirit:referenceId="slaveAddr">0</spirit:configurableElementValue>
      </spirit:configurableElementValues>
    </spirit:componentInstance>
    <spirit:componentInstance>
      <spirit:instanceName>i_ahbChannel1</spirit:instanceName>
      <spirit:componentRef spirit:vendor="spiritconsortium.org" spirit:library="Addressing" spirit:name="ahbChannel12" spirit:version="1.0"/>
      <spirit:configurableElementValues>
        <spirit:configurableElementValue spirit:referenceId="mMasterSteer">off</spirit:configurableElementValue>
        <spirit:configurableElementValue spirit:referenceId="mMasterDataWidth">32</spirit:configurableElementValue>
        <spirit:configurableElementValue spirit:referenceId="mMasterAddr">0</spirit:configurableElementValue>
        <spirit:configurableElementValue spirit:referenceId="remap0Base">0</spirit:configurableElementValue>
        <spirit:configurableElementValue spirit:referenceId="remap0Range">0</spirit:configurableElementValue>
        <spirit:configurableElementValue spirit:referenceId="mSlave0Steer">off</spirit:configurableElementValue>
        <spirit:configurableElementValue spirit:referenceId="mSlave0DataWidth">32</spirit:configurableElementValue>
        <spirit:configurableElementValue spirit:referenceId="mSlave0Addr">0</spirit:configurableElementValue>
        <spirit:configurableElementValue spirit:referenceId="remap1Base">0</spirit:configurableElementValue>
        <spirit:configurableElementValue spirit:referenceId="remap1Range">0</spirit:configurableElementValue>
        <spirit:configurableElementValue spirit:referenceId="mSlave1Steer">off</spirit:configurableElementValue>
        <spirit:configurableElementValue spirit:referenceId="mSlave1DataWidth">32</spirit:configurableElementValue>
        <spirit:configurableElementValue spirit:referenceId="mSlave1Addr">0</spirit:configurableElementValue>
      </spirit:configurableElementValues>
    </spirit:componentInstance>
    <spirit:componentInstance>
      <spirit:instanceName>i_ahbSlave</spirit:instanceName>
      <spirit:componentRef spirit:vendor="spiritconsortium.org" spirit:library="Addressing" spirit:name="ahbSlave" spirit:version="1.0"/>
      <spirit:configurableElementValues>
        <spirit:configurableElementValue spirit:referenceId="sSteer">off</spirit:configurableElementValue>
        <spirit:configurableElementValue spirit:referenceId="mmBase">0</spirit:configurableElementValue>
        <spirit:configurableElementValue spirit:referenceId="mmRange">1k</spirit:configurableElementValue>
        <spirit:configurableElementValue spirit:referenceId="mmWidth">32</spirit:configurableElementValue>
        <spirit:configurableElementValue spirit:referenceId="dataWidth">32</spirit:configurableElementValue>
        <spirit:configurableElementValue spirit:referenceId="addr">0</spirit:configurableElementValue>
      </spirit:configurableElementValues>
    </spirit:componentInstance>
  </spirit:componentInstances>
  <spirit:interconnections>
    <spirit:interconnection>
      <spirit:name>m2c</spirit:name>
      <spirit:activeInterface spirit:componentRef="i_ahbMaster" spirit:busRef="AHBMaster"/>
      <spirit:activeInterface spirit:componentRef="i_ahbChannel0" spirit:busRef="MirroredMaster0"/>
    </spirit:interconnection>
    <spirit:interconnection>
      <spirit:name>c2b</spirit:name>
      <spirit:activeInterface spirit:componentRef="i_ahbBridge" spirit:busRef="AHBSlave"/>
      <spirit:activeInterface spirit:componentRef="i_ahbChannel0" spirit:busRef="MirroredSlave0"/>
    </spirit:interconnection>
    <spirit:interconnection>
      <spirit:name>b2c</spirit:name>
      <spirit:activeInterface spirit:componentRef="i_ahbBridge" spirit:busRef="AHBMaster"/>
      <spirit:activeInterface spirit:componentRef="i_ahbChannel1" spirit:busRef="MirroredMaster0"/>
    </spirit:interconnection>
    <spirit:interconnection>
      <spirit:name>c2s</spirit:name>
      <spirit:activeInterface spirit:componentRef="i_ahbSlave" spirit:busRef="AHBSlave"/>
      <spirit:activeInterface spirit:componentRef="i_ahbChannel1" spirit:busRef="MirroredSlave0"/>
    </spirit:interconnection>
  </spirit:interconnections>
  <spirit:description>Addressing example, master-channel-bridge(opaque)-channel-slave</spirit:description>
</spirit:design>
