<?xml version="1.0"?>
<spirit:design xmlns:spirit="http://www.spiritconsortium.org/XMLSchema/SPIRIT/1.4" xmlns:xsi="http://www.w3.org/2001/XMLSchema-instance" xsi:schemaLocation="http://www.spiritconsortium.org/XMLSchema/SPIRIT/1.4 http://www.spiritconsortium.org/XMLSchema/SPIRIT/1.4/index.xsd">
  <spirit:vendor>spiritconsortium.org</spirit:vendor>
  <spirit:library>Addressing</spirit:library>
  <spirit:name>design_MS_2</spirit:name>
  <spirit:version>1.0</spirit:version>
  <spirit:componentInstances>
    <spirit:componentInstance>
      <spirit:instanceName>i_directMaster</spirit:instanceName>
      <spirit:componentRef spirit:vendor="spiritconsortium.org" spirit:library="Addressing" spirit:name="directMaster" spirit:version="1.0"/>
      <spirit:configurableElementValues>
        <spirit:configurableElementValue spirit:referenceId="asBase">0</spirit:configurableElementValue>
        <spirit:configurableElementValue spirit:referenceId="mSteer">off</spirit:configurableElementValue>
        <spirit:configurableElementValue spirit:referenceId="asRange">4G</spirit:configurableElementValue>
        <spirit:configurableElementValue spirit:referenceId="asWidth">32</spirit:configurableElementValue>
        <spirit:configurableElementValue spirit:referenceId="dataWidth">32</spirit:configurableElementValue>
        <spirit:configurableElementValue spirit:referenceId="addr">0</spirit:configurableElementValue>
      </spirit:configurableElementValues>
    </spirit:componentInstance>
    <spirit:componentInstance>
      <spirit:instanceName>i_directSlave</spirit:instanceName>
      <spirit:componentRef spirit:vendor="spiritconsortium.org" spirit:library="Addressing" spirit:name="directSlave" spirit:version="1.0"/>
      <spirit:configurableElementValues>
        <spirit:configurableElementValue spirit:referenceId="sSteer">off</spirit:configurableElementValue>
        <spirit:configurableElementValue spirit:referenceId="mmBase">0x1000</spirit:configurableElementValue>
        <spirit:configurableElementValue spirit:referenceId="mmRange">0x400</spirit:configurableElementValue>
        <spirit:configurableElementValue spirit:referenceId="mmWidth">32</spirit:configurableElementValue>
        <spirit:configurableElementValue spirit:referenceId="dataWidth">32</spirit:configurableElementValue>
        <spirit:configurableElementValue spirit:referenceId="addr">0</spirit:configurableElementValue>
      </spirit:configurableElementValues>
    </spirit:componentInstance>
  </spirit:componentInstances>
  <spirit:interconnections>
    <spirit:interconnection>
      <spirit:name>m2s</spirit:name>
      <spirit:activeInterface spirit:componentRef="i_directMaster" spirit:busRef="directMaster"/>
      <spirit:activeInterface spirit:componentRef="i_directSlave" spirit:busRef="directSlave"/>
    </spirit:interconnection>
  </spirit:interconnections>
  <spirit:description>Addressing example, master-slave</spirit:description>
</spirit:design>
