<?xml version="1.0"?>
<!--
// Description : directSlave.xml
// Author : SPIRIT Schema Working Group 
// Version: 1.0
//
// Copyright (c) 2006 SPIRIT.  All rights reserved.
// www.spiritconsortium.org
//
// THIS WORK FORMS PART OF A SPIRIT CONSORTIUM SPECIFICATION.  
// THIS WORK CONTAINS TRADE SECRETS AND PROPRIETARY INFORMATION 
// WHICH IS THE EXCLUSIVE PROPERTY OF INDIVIDUAL MEMBERS OF THE 
// SPIRIT CONSORTIUM. USE OF THESE MATERIALS ARE GOVERNED BY 
// THE LEGAL TERMS AND CONDITIONS OUTLINED IN THE THE SPIRIT 
// SPECIFICATION DISCLAIMER AVAILABLE FROM
// www.spiritconsortium.org
-->
<spirit:component xmlns:spirit="http://www.spiritconsortium.org/XMLSchema/SPIRIT/1.4" xmlns:xsi="http://www.w3.org/2001/XMLSchema-instance" xsi:schemaLocation="http://www.spiritconsortium.org/XMLSchema/SPIRIT/1.4 http://www.spiritconsortium.org/XMLSchema/SPIRIT/1.4/index.xsd">
  <spirit:vendor>spiritconsortium.org</spirit:vendor>
  <spirit:library>Addressing</spirit:library>
  <spirit:name>directSlave</spirit:name>
  <spirit:version>1.0</spirit:version>
  <spirit:busInterfaces>
    <spirit:busInterface>
      <spirit:name>directSlave</spirit:name>
      <spirit:busType spirit:vendor="spiritconsortium.org" spirit:library="busdef.direct" spirit:name="direct" spirit:version="1.0"/>
      <spirit:abstractionType spirit:vendor="spiritconsortium.org" spirit:library="busdef.direct" spirit:name="direct_rtl" spirit:version="1.0"/>
      <spirit:slave>
        <spirit:memoryMapRef spirit:memoryMapRef="ambaDirect"/>
      </spirit:slave>
      <spirit:portMaps>
        <spirit:portMap>
          <spirit:logicalPort>
            <spirit:name>PADDR</spirit:name>
	    <spirit:vector>
	      <spirit:left spirit:resolve="dependent" spirit:dependency="id('addr') + 32 - 1">31</spirit:left>
	      <spirit:right spirit:resolve="user" spirit:id="addr" spirit:format="long" spirit:prompt="Least mapped LSB of the address">0</spirit:right>
	    </spirit:vector>
          </spirit:logicalPort>
          <spirit:physicalPort>
            <spirit:name>paddr_s</spirit:name>
          </spirit:physicalPort>
        </spirit:portMap>
        <spirit:portMap>
          <spirit:logicalPort>
            <spirit:name>PWDATA</spirit:name>
          </spirit:logicalPort>
          <spirit:physicalPort>
            <spirit:name>pwdata_s</spirit:name>
          </spirit:physicalPort>
        </spirit:portMap>
        <spirit:portMap>
          <spirit:logicalPort>
            <spirit:name>PRDATA</spirit:name>
          </spirit:logicalPort>
          <spirit:physicalPort>
            <spirit:name>prdata_s</spirit:name>
          </spirit:physicalPort>
        </spirit:portMap>
      </spirit:portMaps>
      <spirit:bitsInLau>8</spirit:bitsInLau>
      <spirit:bitSteering spirit:resolve="user" spirit:id="sSteer" spirit:configGroups="requiredConfig" spirit:prompt="bitSteering:" spirit:choiceRef="bitSteer">off</spirit:bitSteering>
      <spirit:endianness>little</spirit:endianness>
    </spirit:busInterface>
  </spirit:busInterfaces>
  <spirit:memoryMaps>
    <spirit:memoryMap>
      <spirit:name>ambaDirect</spirit:name>
      <spirit:addressBlock>
        <spirit:name>defaultid4489935</spirit:name>
        <spirit:baseAddress spirit:id="mmBase" spirit:configGroups="requiredConfig" spirit:prompt="memoryMap Base address:" spirit:resolve="user">0x00000000</spirit:baseAddress>
        <spirit:range spirit:resolve="user" spirit:id="mmRange" spirit:configGroups="requiredConfig" spirit:prompt="memoryMap Range (bytes):">0x100</spirit:range>
        <spirit:width spirit:id="mmWidth" spirit:format="long" spirit:configGroups="requiredConfig" spirit:name="memoryWidth" spirit:prompt="memoryMap Width:" spirit:resolve="user">32</spirit:width>
        <spirit:usage>memory</spirit:usage>
        <spirit:access>read-write</spirit:access>
      </spirit:addressBlock>
    </spirit:memoryMap>
  </spirit:memoryMaps>
  <spirit:model>
    <spirit:ports>
      <spirit:port>
        <spirit:name>paddr_s</spirit:name>
        <spirit:wire>
          <spirit:direction>in</spirit:direction>
          <spirit:vector>
            <spirit:left>31</spirit:left>
            <spirit:right>0</spirit:right>
          </spirit:vector>
        </spirit:wire>
      </spirit:port>
      <spirit:port>
        <spirit:name>pwdata_s</spirit:name>
        <spirit:wire>
          <spirit:direction>in</spirit:direction>
          <spirit:vector>
            <spirit:left spirit:resolve="dependent" spirit:dependency="id('dataWidth') - 1">31</spirit:left>
            <spirit:right>0</spirit:right>
          </spirit:vector>
        </spirit:wire>
      </spirit:port>
      <spirit:port>
        <spirit:name>prdata_s</spirit:name>
        <spirit:wire>
          <spirit:direction>out</spirit:direction>
          <spirit:vector>
            <spirit:left spirit:resolve="dependent" spirit:dependency="id('dataWidth') - 1">31</spirit:left>
            <spirit:right>0</spirit:right>
          </spirit:vector>
        </spirit:wire>
      </spirit:port>
    </spirit:ports>
  </spirit:model>
  <spirit:choices>
    <spirit:choice>
      <spirit:name>bitSteer</spirit:name>
      <spirit:enumeration spirit:text="on">on</spirit:enumeration>
      <spirit:enumeration spirit:text="off">off</spirit:enumeration>
    </spirit:choice>
  </spirit:choices>
  <spirit:parameters>
    <spirit:parameter>
      <spirit:name>width</spirit:name>
      <spirit:value spirit:resolve="user" spirit:id="dataWidth" spirit:configGroups="requiredConfig" spirit:prompt="Data width:">32</spirit:value>
    </spirit:parameter>
  </spirit:parameters>
</spirit:component>
