<?xml version="1.0"?>
<!--
// Description : dac.xml - Simple model to display the values 
// Author : 
// Version: 1.2
//
// Copyright (c) 2005, 2006, 2007 The SPIRIT Consortium.  All rights reserved.
// www.spiritconsortium.org
//
// THIS WORK FORMS PART OF A SPIRIT CONSORTIUM SPECIFICATION.
// USE OF THESE MATERIALS ARE GOVERNED BY
// THE LEGAL TERMS AND CONDITIONS OUTLINED IN THE SPIRIT
// SPECIFICATION DISCLAIMER AVAILABLE FROM
// www.spiritconsortium.org
//
// This source file is provided on an AS IS basis. The SPIRIT Consortium disclaims 
// ANY WARRANTY EXPRESS OR IMPLIED INCLUDING ANY WARRANTY OF
// MERCHANTABILITY AND FITNESS FOR USE FOR A PARTICULAR PURPOSE. 
// The user of the source file shall indemnify and hold The SPIRIT Consortium harmless
// from any damages or liability arising out of the use thereof or the performance or
// implementation or partial implementation of the schema.
-->
<spirit:component xmlns:spirit="http://www.spiritconsortium.org/XMLSchema/SPIRIT/1.2" xmlns:xsi="http://www.w3.org/2001/XMLSchema-instance" xsi:schemaLocation="http://www.spiritconsortium.org/XMLSchema/SPIRIT/1.2 http://www.spiritconsortium.org/XMLSchema/SPIRIT/1.2/component.xsd">
  <spirit:vendor>spiritconsortium.org</spirit:vendor>
  <spirit:library>Leon2</spirit:library>
  <spirit:name>dac</spirit:name>
  <spirit:version>1.2</spirit:version>
  <spirit:model>
    <spirit:views>
      <spirit:view>
        <spirit:name>vhdlSource</spirit:name>
        <spirit:envIdentifier>:modelsim.mentor.com:</spirit:envIdentifier>
        <spirit:envIdentifier>:ncsim.cadence.com:</spirit:envIdentifier>
        <spirit:envIdentifier>:vcs.synopsys.com:</spirit:envIdentifier>
        <spirit:envIdentifier>:designcompiler.synopsys.com:</spirit:envIdentifier>
        <spirit:language>vhdl</spirit:language>
        <spirit:modelName>dac</spirit:modelName>
        <spirit:fileSetRef>fs-vhdlSource</spirit:fileSetRef>
      </spirit:view>
    </spirit:views>
    <spirit:signals>
      <spirit:signal>
        <spirit:name>data</spirit:name>
        <spirit:direction>in</spirit:direction>
        <spirit:left spirit:resolve="dependent" spirit:dependency="id('dacwidth')-1">23</spirit:left>
        <spirit:right>0</spirit:right>
      </spirit:signal>
      <spirit:signal>
        <spirit:name>clk</spirit:name>
        <spirit:direction>in</spirit:direction>
      </spirit:signal>
    </spirit:signals>
    <spirit:modelParameters>
      <spirit:modelParameter spirit:dataType="integer" spirit:id="dacwidth" spirit:name="WIDTH" spirit:resolve="user" spirit:minimum="1" spirit:maximum="32" spirit:rangeType="unsigned int">24</spirit:modelParameter>
    </spirit:modelParameters>
  </spirit:model>
  <spirit:fileSets>
    <spirit:fileSet spirit:fileSetId="fs-vhdlSource">
      <spirit:file>
        <spirit:name>hdlsrc/dac.vhd</spirit:name>
        <spirit:fileType>vhdlSource</spirit:fileType>
        <spirit:logicalName>dac_lib</spirit:logicalName>
      </spirit:file>
    </spirit:fileSet>
  </spirit:fileSets>
</spirit:component>
