<?xml version="1.0"?>
<!-- 
// Copyright (c) 2005, 2006, 2007 The SPIRIT Consortium.  All rights reserved.
// www.spiritconsortium.org
//
// THIS WORK FORMS PART OF A SPIRIT CONSORTIUM SPECIFICATION.
// USE OF THESE MATERIALS ARE GOVERNED BY
// THE LEGAL TERMS AND CONDITIONS OUTLINED IN THE SPIRIT
// SPECIFICATION DISCLAIMER AVAILABLE FROM
// www.spiritconsortium.org
//
// This source file is provided on an AS IS basis. The SPIRIT Consortium disclaims 
// ANY WARRANTY EXPRESS OR IMPLIED INCLUDING ANY WARRANTY OF
// MERCHANTABILITY AND FITNESS FOR USE FOR A PARTICULAR PURPOSE. 
// The user of the source file shall indemnify and hold The SPIRIT Consortium harmless
// from any damages or liability arising out of the use thereof or the performance or
// implementation or partial implementation of the schema.
  -->
<spirit:component xmlns:spirit="http://www.spiritconsortium.org/XMLSchema/SPIRIT/1.4" xmlns:xsi="http://www.w3.org/2001/XMLSchema-instance" xsi:schemaLocation="http://www.spiritconsortium.org/XMLSchema/SPIRIT/1.4  http://www.spiritconsortium.org/XMLSchema/SPIRIT/1.4/index.xsd">
  <spirit:vendor>spiritconsortium.org</spirit:vendor>
  <spirit:library>Leon2TLM</spirit:library>
  <spirit:name>apbbus8</spirit:name>
  <spirit:version>1.4</spirit:version>
  <spirit:busInterfaces>
<!-- WARNING: this is mapping all the MirrorSlave busInterfaces to the same component target_port -->
    <spirit:busInterface>
      <spirit:name>APB_MirroredMaster</spirit:name>
      <spirit:busType spirit:vendor="amba.com" spirit:library="AMBA2" spirit:name="APB" spirit:version="r2p0_4"/>
      <spirit:abstractionType spirit:vendor="spiritconsortium.org" spirit:library="abstractiondef.tlm" spirit:name="apb_pv" spirit:version="1.4"/>
      <spirit:mirroredMaster/>
      <spirit:connectionRequired>true</spirit:connectionRequired>
      <spirit:portMaps>
        <spirit:portMap>
          <spirit:logicalPort>
            <spirit:name>PV_TRANS</spirit:name>
          </spirit:logicalPort>
          <spirit:physicalPort>
            <spirit:name>target_port</spirit:name>
          </spirit:physicalPort>
        </spirit:portMap>
      </spirit:portMaps>
    </spirit:busInterface>
    <spirit:busInterface>
      <spirit:name>APB_MirroredSlave0</spirit:name>
      <spirit:busType spirit:vendor="amba.com" spirit:library="AMBA2" spirit:name="APB" spirit:version="r2p0_4"/>
      <spirit:abstractionType spirit:vendor="spiritconsortium.org" spirit:library="abstractiondef.tlm" spirit:name="apb_pv" spirit:version="1.4"/>
      <spirit:mirroredSlave>
        <spirit:baseAddresses>
          <spirit:remapAddress spirit:id="remapAddressSlv0" spirit:resolve="user" spirit:prompt="Slave 0 Starting Address (18 bits):" spirit:maximum="262144" spirit:minimum="0" spirit:configGroups="requiredConfig">0</spirit:remapAddress>
          <spirit:range spirit:id="rangeSlv0" spirit:resolve="user" spirit:prompt="Slave 0 Range:" spirit:maximum="262144" spirit:minimum="0" spirit:configGroups="requiredConfig">4096</spirit:range>
        </spirit:baseAddresses>
      </spirit:mirroredSlave>
      <spirit:portMaps>
        <spirit:portMap>
          <spirit:logicalPort>
            <spirit:name>PV_TRANS</spirit:name>
          </spirit:logicalPort>
          <spirit:physicalPort>
            <spirit:name>initiator_port</spirit:name>
          </spirit:physicalPort>
        </spirit:portMap>
      </spirit:portMaps>
    </spirit:busInterface>
    <spirit:busInterface>
      <spirit:name>APB_MirroredSlave1</spirit:name>
      <spirit:busType spirit:vendor="amba.com" spirit:library="AMBA2" spirit:name="APB" spirit:version="r2p0_4"/>
      <spirit:abstractionType spirit:vendor="spiritconsortium.org" spirit:library="abstractiondef.tlm" spirit:name="apb_pv" spirit:version="1.4"/>
      <spirit:mirroredSlave>
        <spirit:baseAddresses>
          <spirit:remapAddress spirit:id="remapAddressSlv1" spirit:resolve="user" spirit:prompt="Slave 1 Starting Address (18 bits):" spirit:maximum="262144" spirit:minimum="0" spirit:configGroups="requiredConfig">4096</spirit:remapAddress>
          <spirit:range spirit:id="rangeSlv1" spirit:resolve="user" spirit:prompt="Slave 1 Range:" spirit:maximum="262144" spirit:minimum="0" spirit:configGroups="requiredConfig">4096</spirit:range>
        </spirit:baseAddresses>
      </spirit:mirroredSlave>
      <spirit:portMaps>
        <spirit:portMap>
          <spirit:logicalPort>
            <spirit:name>PV_TRANS</spirit:name>
          </spirit:logicalPort>
          <spirit:physicalPort>
            <spirit:name>initiator_port</spirit:name>
          </spirit:physicalPort>
        </spirit:portMap>
      </spirit:portMaps>
    </spirit:busInterface>
    <spirit:busInterface>
      <spirit:name>APB_MirroredSlave2</spirit:name>
      <spirit:busType spirit:vendor="amba.com" spirit:library="AMBA2" spirit:name="APB" spirit:version="r2p0_4"/>
      <spirit:abstractionType spirit:vendor="spiritconsortium.org" spirit:library="abstractiondef.tlm" spirit:name="apb_pv" spirit:version="1.4"/>
      <spirit:mirroredSlave>
        <spirit:baseAddresses>
          <spirit:remapAddress spirit:id="remapAddressSlv2" spirit:resolve="user" spirit:prompt="Slave 2 Starting Address (18 bits):" spirit:maximum="262144" spirit:minimum="0" spirit:configGroups="requiredConfig">8192</spirit:remapAddress>
          <spirit:range spirit:id="rangeSlv2" spirit:resolve="user" spirit:prompt="Slave 2 Range:" spirit:maximum="262144" spirit:minimum="0" spirit:configGroups="requiredConfig">4096</spirit:range>
        </spirit:baseAddresses>
      </spirit:mirroredSlave>
      <spirit:portMaps>
        <spirit:portMap>
          <spirit:logicalPort>
            <spirit:name>PV_TRANS</spirit:name>
          </spirit:logicalPort>
          <spirit:physicalPort>
            <spirit:name>initiator_port</spirit:name>
          </spirit:physicalPort>
        </spirit:portMap>
      </spirit:portMaps>
    </spirit:busInterface>
    <spirit:busInterface>
      <spirit:name>APB_MirroredSlave3</spirit:name>
      <spirit:busType spirit:vendor="amba.com" spirit:library="AMBA2" spirit:name="APB" spirit:version="r2p0_4"/>
      <spirit:abstractionType spirit:vendor="spiritconsortium.org" spirit:library="abstractiondef.tlm" spirit:name="apb_pv" spirit:version="1.4"/>
      <spirit:mirroredSlave>
        <spirit:baseAddresses>
          <spirit:remapAddress spirit:id="remapAddressSlv3" spirit:resolve="user" spirit:prompt="Slave 3 Starting Address (18 bits):" spirit:maximum="262144" spirit:minimum="0" spirit:configGroups="requiredConfig">12288</spirit:remapAddress>
          <spirit:range spirit:id="rangeSlv3" spirit:resolve="user" spirit:prompt="Slave 3 Range:" spirit:maximum="262144" spirit:minimum="0" spirit:configGroups="requiredConfig">4096</spirit:range>
        </spirit:baseAddresses>
      </spirit:mirroredSlave>
      <spirit:portMaps>
        <spirit:portMap>
          <spirit:logicalPort>
            <spirit:name>PV_TRANS</spirit:name>
          </spirit:logicalPort>
          <spirit:physicalPort>
            <spirit:name>initiator_port</spirit:name>
          </spirit:physicalPort>
        </spirit:portMap>
      </spirit:portMaps>
    </spirit:busInterface>
    <spirit:busInterface>
      <spirit:name>APB_MirroredSlave4</spirit:name>
      <spirit:busType spirit:vendor="amba.com" spirit:library="AMBA2" spirit:name="APB" spirit:version="r2p0_4"/>
      <spirit:abstractionType spirit:vendor="spiritconsortium.org" spirit:library="abstractiondef.tlm" spirit:name="apb_pv" spirit:version="1.4"/>
      <spirit:mirroredSlave>
        <spirit:baseAddresses>
          <spirit:remapAddress spirit:id="remapAddressSlv4" spirit:resolve="user" spirit:prompt="Slave 4 Starting Address (18 bits):" spirit:maximum="262144" spirit:minimum="0" spirit:configGroups="requiredConfig">16384</spirit:remapAddress>
          <spirit:range spirit:id="rangeSlv4" spirit:resolve="user" spirit:prompt="Slave 4 Range:" spirit:maximum="262144" spirit:minimum="0" spirit:configGroups="requiredConfig">4096</spirit:range>
        </spirit:baseAddresses>
      </spirit:mirroredSlave>
      <spirit:portMaps>
        <spirit:portMap>
          <spirit:logicalPort>
            <spirit:name>PV_TRANS</spirit:name>
          </spirit:logicalPort>
          <spirit:physicalPort>
            <spirit:name>initiator_port</spirit:name>
          </spirit:physicalPort>
        </spirit:portMap>
      </spirit:portMaps>
    </spirit:busInterface>
    <spirit:busInterface>
      <spirit:name>APB_MirroredSlave5</spirit:name>
      <spirit:busType spirit:vendor="amba.com" spirit:library="AMBA2" spirit:name="APB" spirit:version="r2p0_4"/>
      <spirit:abstractionType spirit:vendor="spiritconsortium.org" spirit:library="abstractiondef.tlm" spirit:name="apb_pv" spirit:version="1.4"/>
      <spirit:mirroredSlave>
        <spirit:baseAddresses>
          <spirit:remapAddress spirit:id="remapAddressSlv5" spirit:resolve="user" spirit:prompt="Slave 5 Starting Address (18 bits):" spirit:maximum="262144" spirit:minimum="0" spirit:configGroups="requiredConfig">20480</spirit:remapAddress>
          <spirit:range spirit:id="rangeSlv5" spirit:resolve="user" spirit:prompt="Slave 5 Range:" spirit:maximum="262144" spirit:minimum="0" spirit:configGroups="requiredConfig">4096</spirit:range>
        </spirit:baseAddresses>
      </spirit:mirroredSlave>
      <spirit:portMaps>
        <spirit:portMap>
          <spirit:logicalPort>
            <spirit:name>PV_TRANS</spirit:name>
          </spirit:logicalPort>
          <spirit:physicalPort>
            <spirit:name>initiator_port</spirit:name>
          </spirit:physicalPort>
        </spirit:portMap>
      </spirit:portMaps>
    </spirit:busInterface>
    <spirit:busInterface>
      <spirit:name>APB_MirroredSlave6</spirit:name>
      <spirit:busType spirit:vendor="amba.com" spirit:library="AMBA2" spirit:name="APB" spirit:version="r2p0_4"/>
      <spirit:abstractionType spirit:vendor="spiritconsortium.org" spirit:library="abstractiondef.tlm" spirit:name="apb_pv" spirit:version="1.4"/>
      <spirit:mirroredSlave>
        <spirit:baseAddresses>
          <spirit:remapAddress spirit:id="remapAddressSlv6" spirit:resolve="user" spirit:prompt="Slave 6 Starting Address (18 bits):" spirit:maximum="262144" spirit:minimum="0" spirit:configGroups="requiredConfig">24576</spirit:remapAddress>
          <spirit:range spirit:id="rangeSlv6" spirit:resolve="user" spirit:prompt="Slave 6 Range:" spirit:maximum="262144" spirit:minimum="0" spirit:configGroups="requiredConfig">4096</spirit:range>
        </spirit:baseAddresses>
      </spirit:mirroredSlave>
      <spirit:portMaps>
        <spirit:portMap>
          <spirit:logicalPort>
            <spirit:name>PV_TRANS</spirit:name>
          </spirit:logicalPort>
          <spirit:physicalPort>
            <spirit:name>initiator_port</spirit:name>
          </spirit:physicalPort>
        </spirit:portMap>
      </spirit:portMaps>
    </spirit:busInterface>
    <spirit:busInterface>
      <spirit:name>APB_MirroredSlave7</spirit:name>
      <spirit:busType spirit:vendor="amba.com" spirit:library="AMBA2" spirit:name="APB" spirit:version="r2p0_4"/>
      <spirit:abstractionType spirit:vendor="spiritconsortium.org" spirit:library="abstractiondef.tlm" spirit:name="apb_pv" spirit:version="1.4"/>
      <spirit:mirroredSlave>
        <spirit:baseAddresses>
          <spirit:remapAddress spirit:id="remapAddressSlv7" spirit:resolve="user" spirit:prompt="Slave 7 Starting Address (18 bits):" spirit:maximum="262144" spirit:minimum="0" spirit:configGroups="requiredConfig">28672</spirit:remapAddress>
          <spirit:range spirit:id="rangeSlv7" spirit:resolve="user" spirit:prompt="Slave 7 Range:" spirit:maximum="262144" spirit:minimum="0" spirit:configGroups="requiredConfig">4096</spirit:range>
        </spirit:baseAddresses>
      </spirit:mirroredSlave>
      <spirit:portMaps>
        <spirit:portMap>
          <spirit:logicalPort>
            <spirit:name>PV_TRANS</spirit:name>
          </spirit:logicalPort>
          <spirit:physicalPort>
            <spirit:name>initiator_port</spirit:name>
          </spirit:physicalPort>
        </spirit:portMap>
      </spirit:portMaps>
    </spirit:busInterface>
  </spirit:busInterfaces>
  <spirit:channels>
    <spirit:channel>
      <spirit:name>APBChannel</spirit:name>
<!--IP-XACT XSLT Warning#2:Removing element maxSlaves from channel-->
      <spirit:busInterfaceRef>APB_MirroredMaster</spirit:busInterfaceRef>
      <spirit:busInterfaceRef>APB_MirroredSlave0</spirit:busInterfaceRef>
      <spirit:busInterfaceRef>APB_MirroredSlave1</spirit:busInterfaceRef>
      <spirit:busInterfaceRef>APB_MirroredSlave2</spirit:busInterfaceRef>
      <spirit:busInterfaceRef>APB_MirroredSlave3</spirit:busInterfaceRef>
      <spirit:busInterfaceRef>APB_MirroredSlave4</spirit:busInterfaceRef>
      <spirit:busInterfaceRef>APB_MirroredSlave5</spirit:busInterfaceRef>
      <spirit:busInterfaceRef>APB_MirroredSlave6</spirit:busInterfaceRef>
      <spirit:busInterfaceRef>APB_MirroredSlave7</spirit:busInterfaceRef>
    </spirit:channel>
  </spirit:channels>
  <spirit:model>
    <spirit:views>
      <spirit:view>
        <spirit:name>TLM_PV</spirit:name>
        <spirit:envIdentifier>:osci.systemc.org:</spirit:envIdentifier>
        <spirit:language>systemc</spirit:language>
        <spirit:modelName>apbbus</spirit:modelName>
        <spirit:fileSetRef>sourceCode</spirit:fileSetRef>
      </spirit:view>
    </spirit:views>
    <spirit:ports>
      <spirit:port>
        <spirit:name>target_port</spirit:name>
        <spirit:transactional>
          <spirit:transTypeDef>
            <spirit:typeName>pv_target_port</spirit:typeName>
            <spirit:typeDefinition>pv_target_port.h</spirit:typeDefinition>
          </spirit:transTypeDef>
          <spirit:service>
            <spirit:initiative>provides</spirit:initiative>
            <spirit:serviceTypeDefs>
              <spirit:serviceTypeDef>
                <spirit:typeName spirit:implicit="true">OSCI_TLM_PV</spirit:typeName>
                <spirit:parameters>
                  <spirit:parameter>
                    <spirit:name>typedef1</spirit:name>
                    <spirit:value>ADDRESS_TYPE</spirit:value>
                  </spirit:parameter>
                  <spirit:parameter>
                    <spirit:name>typedef2</spirit:name>
                    <spirit:value>DATA_TYPE</spirit:value>
                  </spirit:parameter>
                </spirit:parameters>
              </spirit:serviceTypeDef>
            </spirit:serviceTypeDefs>
          </spirit:service>
        </spirit:transactional>
      </spirit:port>
      <spirit:port>
        <spirit:name>initiator_port</spirit:name>
        <spirit:transactional>
          <spirit:transTypeDef>
            <spirit:typeName>pv_initiator_port</spirit:typeName>
            <spirit:typeDefinition>pv_initiator_port.h</spirit:typeDefinition>
          </spirit:transTypeDef>
          <spirit:service>
            <spirit:initiative>requires</spirit:initiative>
            <spirit:serviceTypeDefs>
              <spirit:serviceTypeDef>
                <spirit:typeName spirit:implicit="true">OSCI_TLM_PV</spirit:typeName>
                <spirit:parameters>
                  <spirit:parameter>
                    <spirit:name>typedef1</spirit:name>
                    <spirit:value>ADDRESS_TYPE</spirit:value>
                  </spirit:parameter>
                  <spirit:parameter>
                    <spirit:name>typedef2</spirit:name>
                    <spirit:value>DATA_TYPE</spirit:value>
                  </spirit:parameter>
                </spirit:parameters>
              </spirit:serviceTypeDef>
            </spirit:serviceTypeDefs>
          </spirit:service>
        </spirit:transactional>
      </spirit:port>
    </spirit:ports>
    <spirit:modelParameters>
      <spirit:modelParameter spirit:dataType="integer">
        <spirit:name>start_addr_slv0</spirit:name>
        <spirit:value spirit:resolve="dependent" spirit:id="start_addr_slv0" spirit:dependency="spirit:decode(id('remapAddressSlv0'))">0</spirit:value>
      </spirit:modelParameter>
      <spirit:modelParameter spirit:dataType="integer">
        <spirit:name>range_slv0</spirit:name>
        <spirit:value spirit:resolve="dependent" spirit:id="size_addr_slv0" spirit:dependency="spirit:decode(id('rangeSlv0'))">4096</spirit:value>
      </spirit:modelParameter>
      <spirit:modelParameter spirit:dataType="integer">
        <spirit:name>start_addr_slv1</spirit:name>
        <spirit:value spirit:resolve="dependent" spirit:id="start_addr_slv1" spirit:dependency="spirit:decode(id('remapAddressSlv1'))">8192</spirit:value>
      </spirit:modelParameter>
      <spirit:modelParameter spirit:dataType="integer">
        <spirit:name>range_slv1</spirit:name>
        <spirit:value spirit:resolve="dependent" spirit:id="size_addr_slv1" spirit:dependency="spirit:decode(id('rangeSlv1'))">4096</spirit:value>
      </spirit:modelParameter>
      <spirit:modelParameter spirit:dataType="integer">
        <spirit:name>start_addr_slv2</spirit:name>
        <spirit:value spirit:resolve="dependent" spirit:id="start_addr_slv2" spirit:dependency="spirit:decode(id('remapAddressSlv2'))">12288</spirit:value>
      </spirit:modelParameter>
      <spirit:modelParameter spirit:dataType="integer">
        <spirit:name>range_slv2</spirit:name>
        <spirit:value spirit:resolve="dependent" spirit:id="size_addr_slv2" spirit:dependency="spirit:decode(id('rangeSlv2'))">4096</spirit:value>
      </spirit:modelParameter>
      <spirit:modelParameter spirit:dataType="integer">
        <spirit:name>start_addr_slv3</spirit:name>
        <spirit:value spirit:resolve="dependent" spirit:id="start_addr_slv3" spirit:dependency="spirit:decode(id('remapAddressSlv3'))">16384</spirit:value>
      </spirit:modelParameter>
      <spirit:modelParameter spirit:dataType="integer">
        <spirit:name>range_slv3</spirit:name>
        <spirit:value spirit:resolve="dependent" spirit:id="size_addr_slv3" spirit:dependency="spirit:decode(id('rangeSlv3'))">4096</spirit:value>
      </spirit:modelParameter>
      <spirit:modelParameter spirit:dataType="integer">
        <spirit:name>start_addr_slv4</spirit:name>
        <spirit:value spirit:resolve="dependent" spirit:id="start_addr_slv4" spirit:dependency="spirit:decode(id('remapAddressSlv4'))">20480</spirit:value>
      </spirit:modelParameter>
      <spirit:modelParameter spirit:dataType="integer">
        <spirit:name>range_slv4</spirit:name>
        <spirit:value spirit:resolve="dependent" spirit:id="size_addr_slv4" spirit:dependency="spirit:decode(id('rangeSlv4'))">4096</spirit:value>
      </spirit:modelParameter>
      <spirit:modelParameter spirit:dataType="integer">
        <spirit:name>start_addr_slv5</spirit:name>
        <spirit:value spirit:resolve="dependent" spirit:id="start_addr_slv5" spirit:dependency="spirit:decode(id('remapAddressSlv5'))">24576</spirit:value>
      </spirit:modelParameter>
      <spirit:modelParameter spirit:dataType="integer">
        <spirit:name>range_slv5</spirit:name>
        <spirit:value spirit:resolve="dependent" spirit:id="size_addr_slv5" spirit:dependency="spirit:decode(id('rangeSlv5'))">4096</spirit:value>
      </spirit:modelParameter>
      <spirit:modelParameter spirit:dataType="integer">
        <spirit:name>start_addr_slv6</spirit:name>
        <spirit:value spirit:resolve="dependent" spirit:id="start_addr_slv6" spirit:dependency="spirit:decode(id('remapAddressSlv6'))">28672</spirit:value>
      </spirit:modelParameter>
      <spirit:modelParameter spirit:dataType="integer">
        <spirit:name>range_slv6</spirit:name>
        <spirit:value spirit:resolve="dependent" spirit:id="size_addr_slv6" spirit:dependency="spirit:decode(id('rangeSlv6'))">4096</spirit:value>
      </spirit:modelParameter>
      <spirit:modelParameter spirit:dataType="integer">
        <spirit:name>start_addr_slv7</spirit:name>
        <spirit:value spirit:resolve="dependent" spirit:id="start_addr_slv7" spirit:dependency="spirit:decode(id('remapAddressSlv7'))">32768</spirit:value>
      </spirit:modelParameter>
      <spirit:modelParameter spirit:dataType="integer">
        <spirit:name>range_slv7</spirit:name>
        <spirit:value spirit:resolve="dependent" spirit:id="size_addr_slv7" spirit:dependency="spirit:decode(id('rangeSlv7'))">4096</spirit:value>
      </spirit:modelParameter>
      <spirit:modelParameter spirit:dataType="integer">
        <spirit:name>number_ports</spirit:name>
        <spirit:value spirit:resolve="immediate" spirit:id="number_ports">8</spirit:value>
      </spirit:modelParameter>
    </spirit:modelParameters>
  </spirit:model>
  <spirit:choices>
    <spirit:choice>
      <spirit:name>BooleanChoices</spirit:name>
      <spirit:enumeration spirit:text="false">false</spirit:enumeration>
      <spirit:enumeration spirit:text="true">true</spirit:enumeration>
    </spirit:choice>
  </spirit:choices>
  <spirit:fileSets>
    <spirit:fileSet>
      <spirit:name>sourceCode</spirit:name>
      <spirit:file>
        <spirit:name>tlmsrc/apbbus.h</spirit:name>
        <spirit:fileType>systemCSource</spirit:fileType>
        <spirit:isIncludeFile>true</spirit:isIncludeFile>
        <spirit:logicalName>apbbus</spirit:logicalName>
      </spirit:file>
    </spirit:fileSet>
  </spirit:fileSets>
</spirit:component>
