<?xml version="1.0"?>
<!-- edited with XMLSPY v2004 rel. 2 U (http://www.xmlspy.com) by Christophe Amerijckx (STMicroelectronics) -->
<!--
// Description : ahbstat.xml
// Author : SPIRIT Schema Working Group - Christophe Amerijckx
// Version: 1.2
//
// Copyright (c) 2006 SPIRIT.  All rights reserved.
// www.spiritconsortium.com
//
// THIS WORK FORMS PART OF A SPIRIT CONSORTIUM SPECIFICATION.  
// THIS WORK CONTAINS TRADE SECRETS AND PROPRIETARY INFORMATION 
// WHICH IS THE EXCLUSIVE PROPERTY OF INDIVIDUAL MEMBERS OF THE 
// SPIRIT CONSORTIUM. USE OF THESE MATERIALS ARE GOVERNED BY 
// THE LEGAL TERMS AND CONDITIONS OUTLINED IN THE THE SPIRIT 
// SPECIFICATION DISCLAIMER AVAILABLE FROM
// www.spiritconsortium.org
-->
<spirit:component xmlns:spirit="http://www.spiritconsortium.org/XMLSchema/SPIRIT/1.2" xmlns:xsi="http://www.w3.org/2001/XMLSchema-instance" xsi:schemaLocation="http://www.spiritconsortium.org/XMLSchema/SPIRIT/1.2 http://www.spiritconsortium.org/XMLSchema/SPIRIT/1.2/index.xsd">
  <spirit:vendor>spiritconsortium.org</spirit:vendor>
  <spirit:library>Leon2</spirit:library>
  <spirit:name>ahbstatMirroredSlave</spirit:name>
  <spirit:version>1.2</spirit:version>
  <spirit:busInterfaces>
    <spirit:busInterface>
      <spirit:name>AHBClk</spirit:name>
      <spirit:busType spirit:vendor="spiritconsortium.org" spirit:library="busdef.clock" spirit:name="clock" spirit:version="1.0"/>
      <spirit:slave/>
      <spirit:signalMap>
        <spirit:signalName>
          <spirit:componentSignalName>clk</spirit:componentSignalName>
          <spirit:busSignalName>CLK</spirit:busSignalName>
        </spirit:signalName>
      </spirit:signalMap>
    </spirit:busInterface>
    <spirit:busInterface>
      <spirit:name>AHBReset</spirit:name>
      <spirit:busType spirit:vendor="spiritconsortium.org" spirit:library="busdef.reset" spirit:name="reset" spirit:version="1.0"/>
      <spirit:slave/>
      <spirit:signalMap>
        <spirit:signalName>
          <spirit:componentSignalName>rst</spirit:componentSignalName>
          <spirit:busSignalName>RESETn</spirit:busSignalName>
        </spirit:signalName>
      </spirit:signalMap>
    </spirit:busInterface>
    <spirit:busInterface>
      <spirit:name>ambaAHBMirroredSlaveMonitor</spirit:name>
      <spirit:busType spirit:vendor="amba.com" spirit:library="AMBA2" spirit:name="AHB" spirit:version="r2p0_6"/>
      <spirit:monitor spirit:interfaceType="mirroredSlave"/>
      <spirit:signalMap>
        <spirit:signalName>
          <spirit:componentSignalName>hresp</spirit:componentSignalName>
          <spirit:busSignalName>HRESP</spirit:busSignalName>
        </spirit:signalName>
        <spirit:signalName>
          <spirit:componentSignalName>haddr</spirit:componentSignalName>
          <spirit:busSignalName>HADDR</spirit:busSignalName>
        </spirit:signalName>
        <spirit:signalName>
          <spirit:componentSignalName>hwrite</spirit:componentSignalName>
          <spirit:busSignalName>HWRITE</spirit:busSignalName>
        </spirit:signalName>
        <spirit:signalName>
          <spirit:componentSignalName>hready</spirit:componentSignalName>
          <spirit:busSignalName>HREADYOUT</spirit:busSignalName>
        </spirit:signalName>
        <spirit:signalName>
          <spirit:componentSignalName>hsize</spirit:componentSignalName>
          <spirit:busSignalName>HSIZE</spirit:busSignalName>
        </spirit:signalName>
        <spirit:signalName>
          <spirit:componentSignalName>hmaster</spirit:componentSignalName>
          <spirit:busSignalName>HMASTER</spirit:busSignalName>
        </spirit:signalName>
        <spirit:signalName>
          <spirit:componentSignalName>clk</spirit:componentSignalName>
          <spirit:busSignalName>HCLK</spirit:busSignalName>
        </spirit:signalName>
        <spirit:signalName>
          <spirit:componentSignalName>rst</spirit:componentSignalName>
          <spirit:busSignalName>HRESETn</spirit:busSignalName>
        </spirit:signalName>
      </spirit:signalMap>
    </spirit:busInterface>
    <spirit:busInterface>
      <spirit:name>ambaAPB</spirit:name>
      <spirit:busType spirit:vendor="amba.com" spirit:library="AMBA2" spirit:name="APB" spirit:version="r2p0_4"/>
      <spirit:slave>
        <spirit:memoryMapRef spirit:memoryMapRef="ambaAPB"/>
      </spirit:slave>
      <spirit:signalMap>
        <spirit:signalName>
          <spirit:componentSignalName>psel</spirit:componentSignalName>
          <spirit:busSignalName>PSELx</spirit:busSignalName>
        </spirit:signalName>
        <spirit:signalName>
          <spirit:componentSignalName>prdata</spirit:componentSignalName>
          <spirit:busSignalName>PRDATA</spirit:busSignalName>
        </spirit:signalName>
        <spirit:signalName>
          <spirit:componentSignalName>pwdata</spirit:componentSignalName>
          <spirit:busSignalName>PWDATA</spirit:busSignalName>
        </spirit:signalName>
        <spirit:signalName>
          <spirit:componentSignalName>penable</spirit:componentSignalName>
          <spirit:busSignalName>PENABLE</spirit:busSignalName>
        </spirit:signalName>
        <spirit:signalName>
          <spirit:componentSignalName>paddr</spirit:componentSignalName>
          <spirit:busSignalName>PADDR</spirit:busSignalName>
        </spirit:signalName>
        <spirit:signalName>
          <spirit:componentSignalName>pwrite</spirit:componentSignalName>
          <spirit:busSignalName>PWRITE</spirit:busSignalName>
        </spirit:signalName>
        <spirit:signalName>
          <spirit:componentSignalName>clk</spirit:componentSignalName>
          <spirit:busSignalName>PCLK</spirit:busSignalName>
        </spirit:signalName>
        <spirit:signalName>
          <spirit:componentSignalName>rst</spirit:componentSignalName>
          <spirit:busSignalName>PRESETn</spirit:busSignalName>
        </spirit:signalName>
      </spirit:signalMap>
    </spirit:busInterface>
  </spirit:busInterfaces>
  <spirit:memoryMaps>
    <spirit:memoryMap>
      <spirit:name>ambaAPB</spirit:name>
      <spirit:addressBlock>
        <spirit:baseAddress>0</spirit:baseAddress>
        <spirit:bitOffset>0</spirit:bitOffset>
        <spirit:range>8</spirit:range>
        <spirit:width>32</spirit:width>
        <spirit:register>
          <spirit:name>ahbStatus</spirit:name>
          <spirit:addressOffset>0x0</spirit:addressOffset>
          <spirit:size>32</spirit:size>
          <spirit:access>read-write</spirit:access>
          <spirit:reset>
            <spirit:value>0x0</spirit:value>
            <spirit:mask>0x01FF</spirit:mask>
          </spirit:reset>
          <spirit:field>
            <spirit:name>hsize</spirit:name>
            <spirit:bitOffset>0</spirit:bitOffset>
            <spirit:bitWidth>3</spirit:bitWidth>
            <spirit:access>read-write</spirit:access>
            <spirit:description>This field contains the HSIZE[2:0] of the failed transfer.</spirit:description>
          </spirit:field>
          <spirit:field>
            <spirit:name>hmaster</spirit:name>
            <spirit:bitOffset>3</spirit:bitOffset>
            <spirit:bitWidth>4</spirit:bitWidth>
            <spirit:access>read-write</spirit:access>
            <spirit:description>This field contains the HMASTER[3:0] of the failed transfer, only if this connected to a slave or mirrored slave.</spirit:description>
          </spirit:field>
          <spirit:field>
            <spirit:name>rw</spirit:name>
            <spirit:bitOffset>7</spirit:bitOffset>
            <spirit:bitWidth>1</spirit:bitWidth>
            <spirit:access>read-write</spirit:access>
            <spirit:description>This bit is set if the failed access was a read cycle, otherwise it is cleared.</spirit:description>
          </spirit:field>
          <spirit:field>
            <spirit:name>newError</spirit:name>
            <spirit:bitOffset>8</spirit:bitOffset>
            <spirit:bitWidth>1</spirit:bitWidth>
            <spirit:access>read-write</spirit:access>
            <spirit:description>Set when a new error occurred.</spirit:description>
          </spirit:field>
          <spirit:field>
            <spirit:name>reserved</spirit:name>
            <spirit:bitOffset>9</spirit:bitOffset>
            <spirit:bitWidth>23</spirit:bitWidth>
            <spirit:access>read-write</spirit:access>
            <spirit:description>Reserved</spirit:description>
          </spirit:field>
          <spirit:description>This register is updated whenever and AHB error occurs. The newError bit is set. After an error, the newError bit has to be reset by software.</spirit:description>
        </spirit:register>
        <spirit:register>
          <spirit:name>ahbFailedAddress</spirit:name>
          <spirit:addressOffset>0x4</spirit:addressOffset>
          <spirit:size>32</spirit:size>
          <spirit:access>read-write</spirit:access>
          <spirit:reset>
            <spirit:value>0x0</spirit:value>
          </spirit:reset>
          <spirit:field>
            <spirit:name>haddr</spirit:name>
            <spirit:bitOffset>0</spirit:bitOffset>
            <spirit:bitWidth>32</spirit:bitWidth>
            <spirit:access>read-write</spirit:access>
            <spirit:description>This field contains the HADDR[31:0] of the failed transfer.</spirit:description>
          </spirit:field>
          <spirit:description>This register is updated whenever and AHB error occurs. The newError bit is set in register ahbStatus.</spirit:description>
        </spirit:register>
      </spirit:addressBlock>
    </spirit:memoryMap>
  </spirit:memoryMaps>
  <spirit:model>
    <spirit:views>
      <spirit:view>
        <spirit:name>vhdlsource</spirit:name>
        <spirit:envIdentifier>:modelsim.mentor.com:</spirit:envIdentifier>
        <spirit:envIdentifier>:ncsim.cadence.com:</spirit:envIdentifier>
        <spirit:envIdentifier>:vcs.synopsys.com:</spirit:envIdentifier>
        <spirit:envIdentifier>:designcompiler.synopsys.com:</spirit:envIdentifier>
        <spirit:language>vhdl</spirit:language>
        <spirit:modelName>leon2Ahbstat(struct)</spirit:modelName>
        <spirit:fileSetRef>fs-vhdlSource</spirit:fileSetRef>
      </spirit:view>
    </spirit:views>
    <spirit:signals>
      <spirit:signal>
        <spirit:name>clk</spirit:name>
        <spirit:direction>in</spirit:direction>
      </spirit:signal>
      <spirit:signal>
        <spirit:name>rst</spirit:name>
        <spirit:direction>in</spirit:direction>
      </spirit:signal>
      <spirit:signal>
        <spirit:name>haddr</spirit:name>
        <spirit:direction>in</spirit:direction>
        <spirit:left>31</spirit:left>
        <spirit:right>0</spirit:right>
      </spirit:signal>
      <spirit:signal>
        <spirit:name>hwrite</spirit:name>
        <spirit:direction>in</spirit:direction>
      </spirit:signal>
      <spirit:signal>
        <spirit:name>hready</spirit:name>
        <spirit:direction>in</spirit:direction>
      </spirit:signal>
      <spirit:signal>
        <spirit:name>hsize</spirit:name>
        <spirit:direction>in</spirit:direction>
        <spirit:left>2</spirit:left>
        <spirit:right>0</spirit:right>
      </spirit:signal>
      <spirit:signal>
        <spirit:name>hmaster</spirit:name>
        <spirit:direction>in</spirit:direction>
        <spirit:left>3</spirit:left>
        <spirit:right>0</spirit:right>
      </spirit:signal>
      <spirit:signal>
        <spirit:name>hresp</spirit:name>
        <spirit:direction>in</spirit:direction>
        <spirit:left>1</spirit:left>
        <spirit:right>0</spirit:right>
      </spirit:signal>
      <spirit:signal>
        <spirit:name>prdata</spirit:name>
        <spirit:direction>out</spirit:direction>
        <spirit:left>31</spirit:left>
        <spirit:right>0</spirit:right>
      </spirit:signal>
      <spirit:signal>
        <spirit:name>pwdata</spirit:name>
        <spirit:direction>in</spirit:direction>
        <spirit:left>31</spirit:left>
        <spirit:right>0</spirit:right>
      </spirit:signal>
      <spirit:signal>
        <spirit:name>penable</spirit:name>
        <spirit:direction>in</spirit:direction>
      </spirit:signal>
      <spirit:signal>
        <spirit:name>paddr</spirit:name>
        <spirit:direction>in</spirit:direction>
        <spirit:left>31</spirit:left>
        <spirit:right>0</spirit:right>
      </spirit:signal>
      <spirit:signal>
        <spirit:name>pwrite</spirit:name>
        <spirit:direction>in</spirit:direction>
      </spirit:signal>
      <spirit:signal>
        <spirit:name>psel</spirit:name>
        <spirit:direction>in</spirit:direction>
      </spirit:signal>
      <spirit:signal>
        <spirit:name>ahberr</spirit:name>
        <spirit:direction>out</spirit:direction>
        <spirit:export spirit:configGroups="export" spirit:id="sig_AHBERR" spirit:prompt="AHBERR" spirit:resolve="user">false</spirit:export>
      </spirit:signal>
    </spirit:signals>
  </spirit:model>
  <spirit:fileSets>
    <spirit:fileSet spirit:fileSetId="fs-vhdlSource">
      <spirit:file>
        <spirit:name>../../common/target.vhd</spirit:name>
        <spirit:fileType>vhdlSource</spirit:fileType>
        <spirit:logicalName>leon2Ahbstat_lib</spirit:logicalName>
      </spirit:file>
      <spirit:file>
        <spirit:name>../../common/device.vhd</spirit:name>
        <spirit:fileType>vhdlSource</spirit:fileType>
        <spirit:logicalName>leon2Ahbstat_lib</spirit:logicalName>
      </spirit:file>
      <spirit:file>
        <spirit:name>../../common/config.vhd</spirit:name>
        <spirit:fileType>vhdlSource</spirit:fileType>
        <spirit:logicalName>leon2Ahbstat_lib</spirit:logicalName>
      </spirit:file>
      <spirit:file>
        <spirit:name>../../common/sparcv8.vhd</spirit:name>
        <spirit:fileType>vhdlSource</spirit:fileType>
        <spirit:logicalName>leon2Ahbstat_lib</spirit:logicalName>
      </spirit:file>
      <spirit:file>
        <spirit:name>../../common/iface.vhd</spirit:name>
        <spirit:fileType>vhdlSource</spirit:fileType>
        <spirit:logicalName>leon2Ahbstat_lib</spirit:logicalName>
      </spirit:file>
      <spirit:file>
        <spirit:name>../../common/amba.vhd</spirit:name>
        <spirit:fileType>vhdlSource</spirit:fileType>
        <spirit:logicalName>leon2Ahbstat_lib</spirit:logicalName>
      </spirit:file>
      <spirit:file>
        <spirit:name>../../common/ambacomp.vhd</spirit:name>
        <spirit:fileType>vhdlSource</spirit:fileType>
        <spirit:logicalName>leon2Ahbstat_lib</spirit:logicalName>
      </spirit:file>
      <spirit:file>
        <spirit:name>../../common/macro.vhd</spirit:name>
        <spirit:fileType>vhdlSource</spirit:fileType>
        <spirit:logicalName>leon2Ahbstat_lib</spirit:logicalName>
      </spirit:file>
      <spirit:file>
        <spirit:name>../../common/tech_generic.vhd</spirit:name>
        <spirit:fileType>vhdlSource</spirit:fileType>
        <spirit:logicalName>leon2Ahbstat_lib</spirit:logicalName>
      </spirit:file>
      <spirit:file>
        <spirit:name>../../common/tech_atc25.vhd</spirit:name>
        <spirit:fileType>vhdlSource</spirit:fileType>
        <spirit:logicalName>leon2Ahbstat_lib</spirit:logicalName>
      </spirit:file>
      <spirit:file>
        <spirit:name>../../common/tech_atc35.vhd</spirit:name>
        <spirit:fileType>vhdlSource</spirit:fileType>
        <spirit:logicalName>leon2Ahbstat_lib</spirit:logicalName>
      </spirit:file>
      <spirit:file>
        <spirit:name>../../common/tech_fs90.vhd</spirit:name>
        <spirit:fileType>vhdlSource</spirit:fileType>
        <spirit:logicalName>leon2Ahbstat_lib</spirit:logicalName>
      </spirit:file>
      <spirit:file>
        <spirit:name>../../common/tech_umc18.vhd</spirit:name>
        <spirit:fileType>vhdlSource</spirit:fileType>
        <spirit:logicalName>leon2Ahbstat_lib</spirit:logicalName>
      </spirit:file>
      <spirit:file>
        <spirit:name>../../common/tech_virtex.vhd</spirit:name>
        <spirit:fileType>vhdlSource</spirit:fileType>
        <spirit:logicalName>leon2Ahbstat_lib</spirit:logicalName>
      </spirit:file>
      <spirit:file>
        <spirit:name>../../common/tech_tsmc25.vhd</spirit:name>
        <spirit:fileType>vhdlSource</spirit:fileType>
        <spirit:logicalName>leon2Ahbstat_lib</spirit:logicalName>
      </spirit:file>
      <spirit:file>
        <spirit:name>../../common/tech_proasic.vhd</spirit:name>
        <spirit:fileType>vhdlSource</spirit:fileType>
        <spirit:logicalName>leon2Ahbstat_lib</spirit:logicalName>
      </spirit:file>
      <spirit:file>
        <spirit:name>../../common/tech_axcel.vhd</spirit:name>
        <spirit:fileType>vhdlSource</spirit:fileType>
        <spirit:logicalName>leon2Ahbstat_lib</spirit:logicalName>
      </spirit:file>
      <spirit:file>
        <spirit:name>../../common/multlib.vhd</spirit:name>
        <spirit:fileType>vhdlSource</spirit:fileType>
        <spirit:logicalName>leon2Ahbstat_lib</spirit:logicalName>
      </spirit:file>
      <spirit:file>
        <spirit:name>../../common/tech_map.vhd</spirit:name>
        <spirit:fileType>vhdlSource</spirit:fileType>
        <spirit:logicalName>leon2Ahbstat_lib</spirit:logicalName>
      </spirit:file>
      <spirit:file>
        <spirit:name>hdlsrc/ahbstat.vhd</spirit:name>
        <spirit:fileType>vhdlSource</spirit:fileType>
        <spirit:logicalName>leon2Ahbstat_lib</spirit:logicalName>
      </spirit:file>
      <spirit:file>
        <spirit:name>hdlsrc/leon2Ahbstat.vhd</spirit:name>
        <spirit:fileType>vhdlSource</spirit:fileType>
        <spirit:logicalName>leon2Ahbstat_lib</spirit:logicalName>
      </spirit:file>
    </spirit:fileSet>
  </spirit:fileSets>
</spirit:component>
