<?xml version="1.0" encoding="UTF-8"?>
<!--
// Description : ft-can.xml Fault tolerant CAN bus standard ISO11898-3
// Author : SPIRIT Schema Working Group
// Version: 1.0
// 
// Revision:    $Revision:$
// Date:        $Date:$
// 
// Copyright (c) 2006, 2008 The SPIRIT Consortium.
// 
// This work forms part of a deliverable of The SPIRIT Consortium.
// 
// Use of these materials are governed by the legal terms and conditions
// outlined in the disclaimer available from www.spiritconsortium.org.
// 
// This source file is provided on an AS IS basis.  The SPIRIT
// Consortium disclaims any warranty express or implied including
// any warranty of merchantability and fitness for use for a
// particular purpose.
// 
// The user of the source file shall indemnify and hold The SPIRIT
// Consortium and its members harmless from any damages or liability.
// 
-->
<spirit:busDefinition xmlns:spirit="http://www.spiritconsortium.org/XMLSchema/SPIRIT/1.2" xmlns:xsi="http://www.w3.org/2001/XMLSchema-instance" xsi:schemaLocation="http://www.spiritconsortium.org/XMLSchema/SPIRIT/1.2 http://www.spiritconsortium.org/XMLSchema/SPIRIT/1.2/index.xsd">
	<spirit:vendor>spiritconsortium.org</spirit:vendor>
	<spirit:library>busdef.bosch.can</spirit:library>
	<spirit:name>ft-can_2.0</spirit:name>
	<spirit:version>1.0</spirit:version>
	<spirit:directConnection>false</spirit:directConnection>
	<spirit:maxSlaves>0</spirit:maxSlaves>
	<spirit:signals>
		<spirit:signal>
			<spirit:logicalName>CANH</spirit:logicalName>
			<spirit:onMaster>
				<spirit:bitWidth>1</spirit:bitWidth>
				<spirit:direction>inout</spirit:direction>
			</spirit:onMaster>
		</spirit:signal>
		<spirit:signal>
			<spirit:logicalName>CANL</spirit:logicalName>
			<spirit:onMaster>
				<spirit:bitWidth>1</spirit:bitWidth>
				<spirit:direction>inout</spirit:direction>
			</spirit:onMaster>
		</spirit:signal>
	</spirit:signals>
</spirit:busDefinition>
