<?xml version="1.0"?>
<!--
// Description : i2c.xml
// Author : 
// Version: 1.0
// Copyright (c) 2005, 2006, 2007 The SPIRIT Consortium.  All rights reserved.
// www.spiritconsortium.org
//
// THIS WORK FORMS PART OF A SPIRIT CONSORTIUM SPECIFICATION.
// USE OF THESE MATERIALS ARE GOVERNED BY
// THE LEGAL TERMS AND CONDITIONS OUTLINED IN THE SPIRIT
// SPECIFICATION DISCLAIMER AVAILABLE FROM
// www.spiritconsortium.org
//
// This source file is provided on an AS IS basis. The SPIRIT Consortium disclaims 
// ANY WARRANTY EXPRESS OR IMPLIED INCLUDING ANY WARRANTY OF
// MERCHANTABILITY AND FITNESS FOR USE FOR A PARTICULAR PURPOSE. 
// The user of the source file shall indemnify and hold The SPIRIT Consortium harmless
// from any damages or liability arising out of the use thereof or the performance or
// implementation or partial implementation of the schema.
-->
<spirit:component xmlns:spirit="http://www.spiritconsortium.org/XMLSchema/SPIRIT/1.2" xmlns:xsi="http://www.w3.org/2001/XMLSchema-instance" xsi:schemaLocation="http://www.spiritconsortium.org/XMLSchema/SPIRIT/1.2 http://www.spiritconsortium.org/XMLSchema/SPIRIT/1.2/index.xsd">
  <spirit:vendor>spiritconsortium.org</spirit:vendor>
  <spirit:library>Leon2</spirit:library>
  <spirit:name>i2c</spirit:name>
  <spirit:version>1.0</spirit:version>
  <spirit:busInterfaces>
    <spirit:busInterface>
      <spirit:name>IPClk</spirit:name>
      <spirit:busType spirit:vendor="spiritconsortium.org" spirit:library="busdef.clock" spirit:name="clock" spirit:version="1.0"/>
      <spirit:slave/>
      <spirit:signalMap>
        <spirit:signalName>
          <spirit:componentSignalName>ip_clk</spirit:componentSignalName>
          <spirit:busSignalName>CLK</spirit:busSignalName>
        </spirit:signalName>
      </spirit:signalMap>
    </spirit:busInterface>
    <spirit:busInterface>
      <spirit:name>IPReset</spirit:name>
      <spirit:busType spirit:vendor="spiritconsortium.org" spirit:library="busdef.reset" spirit:name="reset" spirit:version="1.0"/>
      <spirit:slave/>
      <spirit:signalMap>
        <spirit:signalName>
          <spirit:componentSignalName>rst_an</spirit:componentSignalName>
          <spirit:busSignalName>RESETn</spirit:busSignalName>
        </spirit:signalName>
      </spirit:signalMap>
    </spirit:busInterface>
    <spirit:busInterface>
      <spirit:name>APBClk</spirit:name>
      <spirit:busType spirit:vendor="spiritconsortium.org" spirit:library="busdef.clock" spirit:name="clock" spirit:version="1.0"/>
      <spirit:slave/>
      <spirit:signalMap>
        <spirit:signalName>
          <spirit:componentSignalName>pclk</spirit:componentSignalName>
          <spirit:busSignalName>CLK</spirit:busSignalName>
        </spirit:signalName>
      </spirit:signalMap>
    </spirit:busInterface>
    <spirit:busInterface>
      <spirit:name>APBReset</spirit:name>
      <spirit:busType spirit:vendor="spiritconsortium.org" spirit:library="busdef.reset" spirit:name="reset" spirit:version="1.0"/>
      <spirit:slave/>
      <spirit:signalMap>
        <spirit:signalName>
          <spirit:componentSignalName>presetn</spirit:componentSignalName>
          <spirit:busSignalName>RESETn</spirit:busSignalName>
        </spirit:signalName>
      </spirit:signalMap>
    </spirit:busInterface>
    <spirit:busInterface>
      <spirit:name>ambaAPB</spirit:name>
      <spirit:busType spirit:vendor="amba.com" spirit:library="AMBA2" spirit:name="APB" spirit:version="r2p0_4"/>
      <spirit:slave>
        <spirit:memoryMapRef spirit:memoryMapRef="ambaAPB"/>
      </spirit:slave>
      <spirit:connection>required</spirit:connection>
      <spirit:signalMap>
        <spirit:signalName>
          <spirit:componentSignalName>psel</spirit:componentSignalName>
          <spirit:busSignalName>PSELx</spirit:busSignalName>
        </spirit:signalName>
        <spirit:signalName>
          <spirit:componentSignalName>penable</spirit:componentSignalName>
          <spirit:busSignalName>PENABLE</spirit:busSignalName>
        </spirit:signalName>
        <spirit:signalName>
          <spirit:componentSignalName>paddr</spirit:componentSignalName>
          <spirit:busSignalName>PADDR</spirit:busSignalName>
        </spirit:signalName>
        <spirit:signalName>
          <spirit:componentSignalName>pwrite</spirit:componentSignalName>
          <spirit:busSignalName>PWRITE</spirit:busSignalName>
        </spirit:signalName>
        <spirit:signalName>
          <spirit:componentSignalName>pwdata</spirit:componentSignalName>
          <spirit:busSignalName>PWDATA</spirit:busSignalName>
        </spirit:signalName>
        <spirit:signalName>
          <spirit:componentSignalName>prdata</spirit:componentSignalName>
          <spirit:busSignalName>PRDATA</spirit:busSignalName>
        </spirit:signalName>
        <spirit:signalName>
          <spirit:componentSignalName>pclk</spirit:componentSignalName>
          <spirit:busSignalName>PCLK</spirit:busSignalName>
        </spirit:signalName>
        <spirit:signalName>
          <spirit:componentSignalName>presetn</spirit:componentSignalName>
          <spirit:busSignalName>PRESETn</spirit:busSignalName>
        </spirit:signalName>
      </spirit:signalMap>
    </spirit:busInterface>
    <spirit:busInterface>
      <spirit:name>i2c_internal</spirit:name>
      <spirit:busType spirit:vendor="spiritconsortium.org" spirit:library="busdef.nxp" spirit:name="i2c_internal" spirit:version="1.0"/>
      <spirit:master/>
      <spirit:connection>required</spirit:connection>
      <spirit:signalMap>
        <spirit:signalName>
          <spirit:componentSignalName>sclIn</spirit:componentSignalName>
          <spirit:busSignalName>SCL_IN</spirit:busSignalName>
        </spirit:signalName>
        <spirit:signalName>
          <spirit:componentSignalName>sclOut</spirit:componentSignalName>
          <spirit:busSignalName>SCL_OEN</spirit:busSignalName>
        </spirit:signalName>
        <spirit:signalName>
          <spirit:componentSignalName>sdaIn</spirit:componentSignalName>
          <spirit:busSignalName>SDA_IN</spirit:busSignalName>
        </spirit:signalName>
        <spirit:signalName>
          <spirit:componentSignalName>sdaOut</spirit:componentSignalName>
          <spirit:busSignalName>SDA_OEN</spirit:busSignalName>
        </spirit:signalName>
      </spirit:signalMap>
    </spirit:busInterface>
    <spirit:busInterface>
      <spirit:name>interrupt</spirit:name>
      <spirit:busType spirit:vendor="spiritconsortium.org" spirit:library="busdef.interrupt" spirit:name="interrupt" spirit:version="1.0"/>
      <spirit:master/>
      <spirit:signalMap>
        <spirit:signalName>
          <spirit:componentSignalName>intr</spirit:componentSignalName>
          <spirit:busSignalName>IRQ</spirit:busSignalName>
        </spirit:signalName>
      </spirit:signalMap>
    </spirit:busInterface>
  </spirit:busInterfaces>
  <spirit:memoryMaps>
    <spirit:memoryMap>
      <spirit:name>ambaAPB</spirit:name>
      <spirit:addressBlock spirit:name="registers">
        <spirit:baseAddress>0</spirit:baseAddress>
        <spirit:bitOffset>0</spirit:bitOffset>
        <spirit:range>4k</spirit:range>
        <spirit:width>32</spirit:width>
<!-- 
				<spirit:register>
					<spirit:name>rxfifo</spirit:name>
					<spirit:addressOffset>0x0</spirit:addressOffset>
					<spirit:size>32</spirit:size>
					<spirit:access>read-only</spirit:access>
					<spirit:reset>
						<spirit:value>0x00000000</spirit:value>
					</spirit:reset>
					<spirit:field>
						<spirit:name>reserved</spirit:name>
						<spirit:bitOffset>8</spirit:bitOffset>
						<spirit:bitWidth>24</spirit:bitWidth>
						<spirit:access>read-only</spirit:access>
						<spirit:description>Reserved for future use</spirit:description>
					</spirit:field>
					<spirit:field>
						<spirit:name>Data_byte</spirit:name>
						<spirit:bitOffset>0</spirit:bitOffset>
						<spirit:bitWidth>8</spirit:bitWidth>
						<spirit:access>read-only</spirit:access>
						<spirit:description>Bit 7 is the MSB</spirit:description>
					</spirit:field>
					<spirit:description>Recieve FIFO</spirit:description>
				</spirit:register>
			
				<spirit:register>
					<spirit:name>txfifo</spirit:name>
					<spirit:addressOffset>0x0</spirit:addressOffset>
					<spirit:size>32</spirit:size>
					<spirit:access>write-only</spirit:access>
					<spirit:reset>
						<spirit:value>0x00000000</spirit:value>
					</spirit:reset>
					<spirit:field>
						<spirit:name>reserved</spirit:name>
						<spirit:bitOffset>10</spirit:bitOffset>
						<spirit:bitWidth>22</spirit:bitWidth>
						<spirit:access>read-only</spirit:access>
						<spirit:description>Reserved for future use</spirit:description>
					</spirit:field>
					<spirit:field>
						<spirit:name>STOP_bit</spirit:name>
						<spirit:bitOffset>9</spirit:bitOffset>
						<spirit:bitWidth>1</spirit:bitWidth>
						<spirit:access>write-only</spirit:access>
						<spirit:description>Issue a STOP condition after transmitting this data byte</spirit:description>
					</spirit:field>
					<spirit:field>
						<spirit:name>START_bit</spirit:name>
						<spirit:bitOffset>8</spirit:bitOffset>
						<spirit:bitWidth>1</spirit:bitWidth>
						<spirit:access>write-only</spirit:access>
						<spirit:description>Issue a START condition before transmitting this data byte</spirit:description>
					</spirit:field>
					<spirit:field>
						<spirit:name>Data_byte</spirit:name>
						<spirit:bitOffset>0</spirit:bitOffset>
						<spirit:bitWidth>8</spirit:bitWidth>
						<spirit:access>read-only</spirit:access>
						<spirit:description>Bit 7 is the MSB</spirit:description>
					</spirit:field>
					<spirit:description>Transmit FIFO</spirit:description>
				</spirit:register>
				-->
<!-- Alternate description for these FIFOs -->
        <spirit:register>
          <spirit:name>txrxfifo</spirit:name>
          <spirit:addressOffset>0x0</spirit:addressOffset>
          <spirit:size>10</spirit:size>
          <spirit:access>read-write</spirit:access>
          <spirit:description>Transmit and Recieve FIFO, transmit is a 10 bit write while the recieve is only 8 bits</spirit:description>
        </spirit:register>
        <spirit:register>
          <spirit:name>status</spirit:name>
          <spirit:addressOffset>0x4</spirit:addressOffset>
          <spirit:size>32</spirit:size>
          <spirit:access>read-write</spirit:access>
          <spirit:reset>
            <spirit:value>0x180</spirit:value>
          </spirit:reset>
          <spirit:field>
            <spirit:name>transmitDone</spirit:name>
            <spirit:bitOffset>0</spirit:bitOffset>
            <spirit:bitWidth>1</spirit:bitWidth>
            <spirit:access>read-write</spirit:access>
            <spirit:description>Indicates that the current transmission is complete. Write a 1 to clear this bit.</spirit:description>
          </spirit:field>
          <spirit:field>
            <spirit:name>arbitrationFailure</spirit:name>
            <spirit:bitOffset>1</spirit:bitOffset>
            <spirit:bitWidth>1</spirit:bitWidth>
            <spirit:access>read-write</spirit:access>
            <spirit:description>Indicates an arbitration failure. Wite a 1 to clear this bit.</spirit:description>
          </spirit:field>
          <spirit:field>
            <spirit:name>noAcknowledge</spirit:name>
            <spirit:bitOffset>2</spirit:bitOffset>
            <spirit:bitWidth>1</spirit:bitWidth>
            <spirit:access>read-only</spirit:access>
            <spirit:description>Indicates that no acknowledge was recieved on teh current transmission. This bit is reset when a new transmission starts.</spirit:description>
          </spirit:field>
          <spirit:field>
            <spirit:name>active</spirit:name>
            <spirit:bitOffset>3</spirit:bitOffset>
            <spirit:bitWidth>1</spirit:bitWidth>
            <spirit:access>read-only</spirit:access>
            <spirit:description>Indicates that I2C bus is active</spirit:description>
          </spirit:field>
          <spirit:field>
            <spirit:name>scl</spirit:name>
            <spirit:bitOffset>4</spirit:bitOffset>
            <spirit:bitWidth>1</spirit:bitWidth>
            <spirit:access>read-only</spirit:access>
            <spirit:description>Indicates the current state of the scl line</spirit:description>
          </spirit:field>
          <spirit:field>
            <spirit:name>sda</spirit:name>
            <spirit:bitOffset>5</spirit:bitOffset>
            <spirit:bitWidth>1</spirit:bitWidth>
            <spirit:access>read-only</spirit:access>
            <spirit:description>Indicates the current state of the sda line</spirit:description>
          </spirit:field>
          <spirit:field>
            <spirit:name>receiveFifoFull</spirit:name>
            <spirit:bitOffset>6</spirit:bitOffset>
            <spirit:bitWidth>1</spirit:bitWidth>
            <spirit:access>read-only</spirit:access>
            <spirit:description>Indicates that the receive FIFO is full</spirit:description>
          </spirit:field>
          <spirit:field>
            <spirit:name>receiveFifoEmpty</spirit:name>
            <spirit:bitOffset>7</spirit:bitOffset>
            <spirit:bitWidth>1</spirit:bitWidth>
            <spirit:access>read-only</spirit:access>
            <spirit:description>Indicates that the receive FIFO is empty</spirit:description>
          </spirit:field>
          <spirit:field>
            <spirit:name>trasmitFifoFull</spirit:name>
            <spirit:bitOffset>8</spirit:bitOffset>
            <spirit:bitWidth>1</spirit:bitWidth>
            <spirit:access>read-only</spirit:access>
            <spirit:description>Indicates that the trasmit FIFO is full</spirit:description>
          </spirit:field>
          <spirit:field>
            <spirit:name>trasmitFifoEmpty</spirit:name>
            <spirit:bitOffset>9</spirit:bitOffset>
            <spirit:bitWidth>1</spirit:bitWidth>
            <spirit:access>read-only</spirit:access>
            <spirit:description>Indicates that the trasmit FIFO is empty</spirit:description>
          </spirit:field>
          <spirit:field>
            <spirit:name>reserved</spirit:name>
            <spirit:bitOffset>10</spirit:bitOffset>
            <spirit:bitWidth>22</spirit:bitWidth>
            <spirit:access>read-only</spirit:access>
            <spirit:description>Reserved</spirit:description>
          </spirit:field>
          <spirit:description>Status register</spirit:description>
        </spirit:register>
        <spirit:register>
          <spirit:name>control</spirit:name>
          <spirit:addressOffset>0x8</spirit:addressOffset>
          <spirit:size>32</spirit:size>
          <spirit:access>read-write</spirit:access>
          <spirit:reset>
            <spirit:value>0x0</spirit:value>
          </spirit:reset>
          <spirit:field>
            <spirit:name>transactionDoneIntEnable</spirit:name>
            <spirit:bitOffset>0</spirit:bitOffset>
            <spirit:bitWidth>1</spirit:bitWidth>
            <spirit:access>read-write</spirit:access>
            <spirit:description>Transaction done interrupt enable</spirit:description>
          </spirit:field>
          <spirit:field>
            <spirit:name>arbFailIntEnable</spirit:name>
            <spirit:bitOffset>1</spirit:bitOffset>
            <spirit:bitWidth>1</spirit:bitWidth>
            <spirit:access>read-write</spirit:access>
            <spirit:description>Abatration failure interrupt enable</spirit:description>
          </spirit:field>
          <spirit:field>
            <spirit:name>noAckIntEnable</spirit:name>
            <spirit:bitOffset>2</spirit:bitOffset>
            <spirit:bitWidth>1</spirit:bitWidth>
            <spirit:access>read-write</spirit:access>
            <spirit:description>No ackowledge interrupt enable</spirit:description>
          </spirit:field>
          <spirit:field>
            <spirit:name>softReset</spirit:name>
            <spirit:bitOffset>3</spirit:bitOffset>
            <spirit:bitWidth>1</spirit:bitWidth>
            <spirit:access>read-write</spirit:access>
            <spirit:description>Soft reset of the IP</spirit:description>
          </spirit:field>
          <spirit:field>
            <spirit:name>reserved</spirit:name>
            <spirit:bitOffset>5</spirit:bitOffset>
            <spirit:bitWidth>27</spirit:bitWidth>
            <spirit:access>read-write</spirit:access>
            <spirit:description>Reserved</spirit:description>
          </spirit:field>
          <spirit:description>Control register</spirit:description>
        </spirit:register>
        <spirit:register>
          <spirit:name>clkDivHi</spirit:name>
          <spirit:addressOffset>0xc</spirit:addressOffset>
          <spirit:size>6</spirit:size>
          <spirit:access>read-write</spirit:access>
          <spirit:reset>
            <spirit:value>0x30</spirit:value>
          </spirit:reset>
          <spirit:field>
            <spirit:name>clkDivHi</spirit:name>
            <spirit:bitOffset>0</spirit:bitOffset>
            <spirit:bitWidth>6</spirit:bitWidth>
            <spirit:access>read-write</spirit:access>
            <spirit:description>Clock high time divide field</spirit:description>
          </spirit:field>
          <spirit:description>Clock high time divide register</spirit:description>
        </spirit:register>
        <spirit:register>
          <spirit:name>clkDivLo</spirit:name>
          <spirit:addressOffset>0x10</spirit:addressOffset>
          <spirit:size>6</spirit:size>
          <spirit:access>read-write</spirit:access>
          <spirit:reset>
            <spirit:value>0x30</spirit:value>
          </spirit:reset>
          <spirit:field>
            <spirit:name>clkDivLo</spirit:name>
            <spirit:bitOffset>0</spirit:bitOffset>
            <spirit:bitWidth>6</spirit:bitWidth>
            <spirit:access>read-write</spirit:access>
            <spirit:description>Clock low time divide field</spirit:description>
          </spirit:field>
          <spirit:description>Clock low time divide register</spirit:description>
        </spirit:register>
        <spirit:register>
          <spirit:name>Module_ID</spirit:name>
          <spirit:addressOffset>0xFFC</spirit:addressOffset>
          <spirit:size>32</spirit:size>
          <spirit:access>read-only</spirit:access>
          <spirit:reset>
            <spirit:value>0x00000D02</spirit:value>
          </spirit:reset>
          <spirit:field>
            <spirit:name>ID</spirit:name>
            <spirit:bitOffset>0</spirit:bitOffset>
            <spirit:bitWidth>16</spirit:bitWidth>
            <spirit:access>read-only</spirit:access>
            <spirit:description>Unique identification number</spirit:description>
          </spirit:field>
          <spirit:description>Contains the ID number of the IP</spirit:description>
        </spirit:register>
      </spirit:addressBlock>
    </spirit:memoryMap>
  </spirit:memoryMaps>
  <spirit:model>
    <spirit:views>
      <spirit:view>
        <spirit:name>verilogsource</spirit:name>
        <spirit:envIdentifier>:modelsim.mentor.com:</spirit:envIdentifier>
        <spirit:envIdentifier>:vcs.synopsys.com:</spirit:envIdentifier>
        <spirit:envIdentifier>:designcompiler.synopsys.com:</spirit:envIdentifier>
        <spirit:language>verilog</spirit:language>
        <spirit:modelName>i2c</spirit:modelName>
        <spirit:fileSetRef>fs-verilogSource</spirit:fileSetRef>
      </spirit:view>
      <spirit:view>
        <spirit:name>vhdlwrapper</spirit:name>
        <spirit:envIdentifier>:ncsim.cadence.com:</spirit:envIdentifier>
        <spirit:language>vhdl</spirit:language>
        <spirit:modelName>i2c</spirit:modelName>
        <spirit:fileSetRef>fs-verilogSource</spirit:fileSetRef>
        <spirit:fileSetRef>fs-vhdlWrapper</spirit:fileSetRef>
      </spirit:view>
    </spirit:views>
    <spirit:signals>
      <spirit:signal>
        <spirit:name>pclk</spirit:name>
        <spirit:direction>in</spirit:direction>
        <spirit:clockDriver spirit:clockName="clk">
          <spirit:clockPeriod spirit:id="ClockPeriod" spirit:prompt="Clock Pulse Period:" spirit:resolve="user">8</spirit:clockPeriod>
          <spirit:clockPulseOffset spirit:id="ClockPulseOffset" spirit:prompt="Clock Pulse Offset:" spirit:resolve="user">4</spirit:clockPulseOffset>
          <spirit:clockPulseValue spirit:id="ClockPulseValue" spirit:prompt="Clock Pulse Value:" spirit:resolve="user">1</spirit:clockPulseValue>
          <spirit:clockPulseDuration spirit:id="ClockPulseDuration" spirit:prompt="Clock Pulse Duration:" spirit:resolve="user">4</spirit:clockPulseDuration>
        </spirit:clockDriver>
      </spirit:signal>
      <spirit:signal>
        <spirit:name>presetn</spirit:name>
        <spirit:direction>in</spirit:direction>
      </spirit:signal>
      <spirit:signal>
        <spirit:name>psel</spirit:name>
        <spirit:direction>in</spirit:direction>
      </spirit:signal>
      <spirit:signal>
        <spirit:name>penable</spirit:name>
        <spirit:direction>in</spirit:direction>
      </spirit:signal>
      <spirit:signal>
        <spirit:name>paddr</spirit:name>
        <spirit:direction>in</spirit:direction>
        <spirit:left>11</spirit:left>
        <spirit:right>0</spirit:right>
      </spirit:signal>
      <spirit:signal>
        <spirit:name>pwrite</spirit:name>
        <spirit:direction>in</spirit:direction>
      </spirit:signal>
      <spirit:signal>
        <spirit:name>pwdata</spirit:name>
        <spirit:direction>in</spirit:direction>
        <spirit:left>31</spirit:left>
        <spirit:right>0</spirit:right>
      </spirit:signal>
      <spirit:signal>
        <spirit:name>prdata</spirit:name>
        <spirit:direction>out</spirit:direction>
        <spirit:left>31</spirit:left>
        <spirit:right>0</spirit:right>
      </spirit:signal>
      <spirit:signal>
        <spirit:name>sclIn</spirit:name>
        <spirit:direction>in</spirit:direction>
        <spirit:defaultValue>
          <spirit:value>1</spirit:value>
        </spirit:defaultValue>
      </spirit:signal>
      <spirit:signal>
        <spirit:name>sclOut</spirit:name>
        <spirit:direction>out</spirit:direction>
      </spirit:signal>
      <spirit:signal>
        <spirit:name>sdaIn</spirit:name>
        <spirit:direction>in</spirit:direction>
        <spirit:defaultValue>
          <spirit:value>1</spirit:value>
        </spirit:defaultValue>
      </spirit:signal>
      <spirit:signal>
        <spirit:name>sdaOut</spirit:name>
        <spirit:direction>out</spirit:direction>
      </spirit:signal>
      <spirit:signal>
        <spirit:name>ip_clk</spirit:name>
        <spirit:direction>in</spirit:direction>
        <spirit:clockDriver spirit:clockName="ipclk">
          <spirit:clockPeriod spirit:id="ipClockPeriod" spirit:prompt="IP Clock Pulse Period:" spirit:resolve="user">1000</spirit:clockPeriod>
          <spirit:clockPulseOffset spirit:id="ipClockPulseOffset" spirit:prompt="IP Clock Pulse Offset:" spirit:resolve="user">500</spirit:clockPulseOffset>
          <spirit:clockPulseValue spirit:id="ipClockPulseValue" spirit:prompt="IP Clock Pulse Value:" spirit:resolve="user">1</spirit:clockPulseValue>
          <spirit:clockPulseDuration spirit:id="ipClockPulseDuration" spirit:prompt="IP Clock Pulse Duration:" spirit:resolve="user">500</spirit:clockPulseDuration>
        </spirit:clockDriver>
      </spirit:signal>
      <spirit:signal>
        <spirit:name>rst_an</spirit:name>
        <spirit:direction>in</spirit:direction>
      </spirit:signal>
      <spirit:signal>
        <spirit:name>intr</spirit:name>
        <spirit:direction>out</spirit:direction>
      </spirit:signal>
    </spirit:signals>
  </spirit:model>
  <spirit:fileSets>
    <spirit:fileSet spirit:fileSetId="fs-verilogSource">
      <spirit:file>
        <spirit:name>data/i2c/RTL/i2c_apb_read_mux.v</spirit:name>
        <spirit:fileType>verilogSource</spirit:fileType>
        <spirit:logicalName>i2c_lib</spirit:logicalName>
      </spirit:file>
      <spirit:file>
        <spirit:name>data/i2c/RTL/i2c_apb_write_decode.v</spirit:name>
        <spirit:fileType>verilogSource</spirit:fileType>
        <spirit:logicalName>i2c_lib</spirit:logicalName>
      </spirit:file>
      <spirit:file>
        <spirit:name>data/i2c/RTL/i2c_clkcnt.v</spirit:name>
        <spirit:fileType>verilogSource</spirit:fileType>
        <spirit:logicalName>i2c_lib</spirit:logicalName>
      </spirit:file>
      <spirit:file>
        <spirit:name>data/i2c/RTL/i2c_control.v</spirit:name>
        <spirit:fileType>verilogSource</spirit:fileType>
        <spirit:logicalName>i2c_lib</spirit:logicalName>
      </spirit:file>
      <spirit:file>
        <spirit:name>data/i2c/RTL/i2c_intr.v</spirit:name>
        <spirit:fileType>verilogSource</spirit:fileType>
        <spirit:logicalName>i2c_lib</spirit:logicalName>
      </spirit:file>
      <spirit:file>
        <spirit:name>data/i2c/RTL/i2c_master.v</spirit:name>
        <spirit:fileType>verilogSource</spirit:fileType>
        <spirit:logicalName>i2c_lib</spirit:logicalName>
      </spirit:file>
      <spirit:file>
        <spirit:name>data/i2c/RTL/i2c_risefall.v</spirit:name>
        <spirit:fileType>verilogSource</spirit:fileType>
        <spirit:logicalName>i2c_lib</spirit:logicalName>
      </spirit:file>
      <spirit:file>
        <spirit:name>data/i2c/RTL/i2c_rx.v</spirit:name>
        <spirit:fileType>verilogSource</spirit:fileType>
        <spirit:logicalName>i2c_lib</spirit:logicalName>
      </spirit:file>
      <spirit:file>
        <spirit:name>data/i2c/RTL/i2c_rxfifo.v</spirit:name>
        <spirit:fileType>verilogSource</spirit:fileType>
        <spirit:logicalName>i2c_lib</spirit:logicalName>
      </spirit:file>
      <spirit:file>
        <spirit:name>data/i2c/RTL/i2c_shift.v</spirit:name>
        <spirit:fileType>verilogSource</spirit:fileType>
        <spirit:logicalName>i2c_lib</spirit:logicalName>
      </spirit:file>
      <spirit:file>
        <spirit:name>data/i2c/RTL/i2c_status.v</spirit:name>
        <spirit:fileType>verilogSource</spirit:fileType>
        <spirit:logicalName>i2c_lib</spirit:logicalName>
      </spirit:file>
      <spirit:file>
        <spirit:name>data/i2c/RTL/i2c_transitions.v</spirit:name>
        <spirit:fileType>verilogSource</spirit:fileType>
        <spirit:logicalName>i2c_lib</spirit:logicalName>
      </spirit:file>
      <spirit:file>
        <spirit:name>data/i2c/RTL/i2c_tx.v</spirit:name>
        <spirit:fileType>verilogSource</spirit:fileType>
        <spirit:logicalName>i2c_lib</spirit:logicalName>
      </spirit:file>
      <spirit:file>
        <spirit:name>data/i2c/RTL/i2c_txfifo.v</spirit:name>
        <spirit:fileType>verilogSource</spirit:fileType>
        <spirit:logicalName>i2c_lib</spirit:logicalName>
      </spirit:file>
      <spirit:file>
        <spirit:name>data/i2c/RTL/i2c.v</spirit:name>
        <spirit:fileType>verilogSource</spirit:fileType>
        <spirit:logicalName>i2c_lib</spirit:logicalName>
      </spirit:file>
      <spirit:dependency>data/i2c/RTL</spirit:dependency>
    </spirit:fileSet>
    <spirit:fileSet spirit:fileSetId="fs-vhdlWrapper">
      <spirit:file>
        <spirit:name>data/i2c/RTL/i2c.vhd</spirit:name>
        <spirit:fileType>vhdlSource</spirit:fileType>
        <spirit:logicalName>i2c_lib</spirit:logicalName>
      </spirit:file>
    </spirit:fileSet>
  </spirit:fileSets>
</spirit:component>
