<?xml version="1.0"?>
<!--
// Description : i2c_channel_1m_1s.xml
// Author : 
// Version: 1.0
// Copyright (c) 2005, 2006, 2007 The SPIRIT Consortium.  All rights reserved.
// www.spiritconsortium.org
//
// THIS WORK FORMS PART OF A SPIRIT CONSORTIUM SPECIFICATION.
// USE OF THESE MATERIALS ARE GOVERNED BY
// THE LEGAL TERMS AND CONDITIONS OUTLINED IN THE SPIRIT
// SPECIFICATION DISCLAIMER AVAILABLE FROM
// www.spiritconsortium.org
//
// This source file is provided on an AS IS basis. The SPIRIT Consortium disclaims 
// ANY WARRANTY EXPRESS OR IMPLIED INCLUDING ANY WARRANTY OF
// MERCHANTABILITY AND FITNESS FOR USE FOR A PARTICULAR PURPOSE. 
// The user of the source file shall indemnify and hold The SPIRIT Consortium harmless
// from any damages or liability arising out of the use thereof or the performance or
// implementation or partial implementation of the schema.
-->
<spirit:component xmlns:spirit="http://www.spiritconsortium.org/XMLSchema/SPIRIT/1.2" xmlns:xsi="http://www.w3.org/2001/XMLSchema-instance" xsi:schemaLocation="http://www.spiritconsortium.org/XMLSchema/SPIRIT/1.2 http://www.spiritconsortium.org/XMLSchema/SPIRIT/1.2/index.xsd">
  <spirit:vendor>spiritconsortium.org</spirit:vendor>
  <spirit:library>Leon2</spirit:library>
  <spirit:name>i2c_channel_1m_1s</spirit:name>
  <spirit:version>1.0</spirit:version>
  <spirit:busInterfaces>
    <spirit:busInterface>
      <spirit:name>i2c_master1</spirit:name>
      <spirit:busType spirit:vendor="spiritconsortium.org" spirit:library="busdef.nxp" spirit:name="i2c" spirit:version="1.0"/>
      <spirit:mirroredMaster/>
      <spirit:signalMap>
        <spirit:signalName>
          <spirit:componentSignalName>scl_m1</spirit:componentSignalName>
          <spirit:busSignalName>SCL</spirit:busSignalName>
        </spirit:signalName>
        <spirit:signalName>
          <spirit:componentSignalName>sda_m1</spirit:componentSignalName>
          <spirit:busSignalName>SDA</spirit:busSignalName>
        </spirit:signalName>
      </spirit:signalMap>
    </spirit:busInterface>
    <spirit:busInterface>
      <spirit:name>i2c_slave1</spirit:name>
      <spirit:busType spirit:vendor="spiritconsortium.org" spirit:library="busdef.nxp" spirit:name="i2c" spirit:version="1.0"/>
      <spirit:mirroredSlave/>
      <spirit:signalMap>
        <spirit:signalName>
          <spirit:componentSignalName>scl_s1</spirit:componentSignalName>
          <spirit:busSignalName>SCL</spirit:busSignalName>
        </spirit:signalName>
        <spirit:signalName>
          <spirit:componentSignalName>sda_s1</spirit:componentSignalName>
          <spirit:busSignalName>SDA</spirit:busSignalName>
        </spirit:signalName>
      </spirit:signalMap>
    </spirit:busInterface>
  </spirit:busInterfaces>
  <spirit:channels>
    <spirit:channel>
      <spirit:name>i2c</spirit:name>
      <spirit:busInterfaceRef>i2c_master1</spirit:busInterfaceRef>
      <spirit:busInterfaceRef>i2c_slave1</spirit:busInterfaceRef>
    </spirit:channel>
  </spirit:channels>
  <spirit:model>
    <spirit:views>
      <spirit:view>
        <spirit:name>verilogsource</spirit:name>
        <spirit:envIdentifier>:modelsim.mentor.com:</spirit:envIdentifier>
        <spirit:envIdentifier>:ncsim.cadence.com:</spirit:envIdentifier>
        <spirit:envIdentifier>:vcs.synopsys.com:</spirit:envIdentifier>
        <spirit:envIdentifier>:designcompiler.synopsys.com:</spirit:envIdentifier>
        <spirit:language>verilog</spirit:language>
        <spirit:modelName>i2c_channel_1m_1s</spirit:modelName>
        <spirit:fileSetRef>fs-verilogSource</spirit:fileSetRef>
      </spirit:view>
      <spirit:view>
        <spirit:name>vhdlsource</spirit:name>
        <spirit:envIdentifier>:ncsim.cadence.com:</spirit:envIdentifier>
        <spirit:language>vhdl</spirit:language>
        <spirit:modelName>i2c_channel_1m_1s</spirit:modelName>
        <spirit:fileSetRef>fs-verilogSource</spirit:fileSetRef>
        <spirit:fileSetRef>fs-vhdlSource</spirit:fileSetRef>
      </spirit:view>
    </spirit:views>
    <spirit:signals>
      <spirit:signal>
        <spirit:name>scl_m1</spirit:name>
        <spirit:direction>inout</spirit:direction>
      </spirit:signal>
      <spirit:signal>
        <spirit:name>sda_m1</spirit:name>
        <spirit:direction>inout</spirit:direction>
      </spirit:signal>
      <spirit:signal>
        <spirit:name>scl_s1</spirit:name>
        <spirit:direction>inout</spirit:direction>
      </spirit:signal>
      <spirit:signal>
        <spirit:name>sda_s1</spirit:name>
        <spirit:direction>inout</spirit:direction>
      </spirit:signal>
      <spirit:signal>
        <spirit:name>scl_s2</spirit:name>
        <spirit:direction>inout</spirit:direction>
      </spirit:signal>
      <spirit:signal>
        <spirit:name>sda_s2</spirit:name>
        <spirit:direction>inout</spirit:direction>
      </spirit:signal>
    </spirit:signals>
  </spirit:model>
  <spirit:fileSets>
    <spirit:fileSet spirit:fileSetId="fs-verilogSource">
      <spirit:file>
        <spirit:name>data/i2c_channel_1m_1s/RTL/i2c_channel_1m_1s.v</spirit:name>
        <spirit:fileType>verilogSource</spirit:fileType>
        <spirit:logicalName>i2c_channel_lib</spirit:logicalName>
      </spirit:file>
    </spirit:fileSet>
    <spirit:fileSet spirit:fileSetId="fs-vhdlSource">
      <spirit:file>
        <spirit:name>data/i2c_channel_1m_1s/RTL/i2c_channel_1m_1s.vhd</spirit:name>
        <spirit:fileType>vhdlSource</spirit:fileType>
        <spirit:logicalName>i2c_channel_lib</spirit:logicalName>
      </spirit:file>
    </spirit:fileSet>
  </spirit:fileSets>
</spirit:component>
