<?xml version="1.0" encoding="UTF-8"?>
<!-- 
// Description : ddr_sdram.xml
// Version: 1.0
// 
// Revision:    $Revision:$
// Date:        $Date:$
// 
// Copyright (c) 2007, 2008 The SPIRIT Consortium.
// 
// This work forms part of a deliverable of The SPIRIT Consortium.
// 
// Use of these materials are governed by the legal terms and conditions
// outlined in the disclaimer available from www.spiritconsortium.org.
// 
// This source file is provided on an AS IS basis.  The SPIRIT
// Consortium disclaims any warranty express or implied including
// any warranty of merchantability and fitness for use for a
// particular purpose.
// 
// The user of the source file shall indemnify and hold The SPIRIT
// Consortium and its members harmless from any damages or liability.
// 
-->
<spirit:abstractionDefinition xmlns:spirit="http://www.spiritconsortium.org/XMLSchema/SPIRIT/1.4" xmlns:xsi="http://www.w3.org/2001/XMLSchema-instance" xsi:schemaLocation="http://www.spiritconsortium.org/XMLSchema/SPIRIT/1.4                http://www.spiritconsortium.org/XMLSchema/SPIRIT/1.4/index.xsd">
	<spirit:vendor>spiritconsortium.org</spirit:vendor>
	<spirit:library>busdef.jedec.jesd79e</spirit:library>
	<spirit:name>ddr_sdram_rtl</spirit:name>
	<spirit:version>1.0</spirit:version>
	<spirit:busType spirit:vendor="spiritconsortium.org" spirit:library="busdef.jedec.jesd79e" spirit:name="ddr_sdram" spirit:version="1.0"/>
	<spirit:ports>
		<spirit:port>
			<spirit:logicalName>ck</spirit:logicalName>
			<spirit:wire>
				<spirit:qualifier>
					<spirit:isClock>true</spirit:isClock>
				</spirit:qualifier>
				<spirit:onMaster>
					<spirit:width>1</spirit:width>
					<spirit:direction>in</spirit:direction>
					<spirit:modeConstraints/>
				</spirit:onMaster>
				<spirit:onSlave>
					<spirit:width>1</spirit:width>
					<spirit:direction>in</spirit:direction>
					<spirit:modeConstraints/>
				</spirit:onSlave>
			</spirit:wire>
		</spirit:port>
		<spirit:port>
			<spirit:logicalName>ck_n</spirit:logicalName>
			<spirit:wire>
				<spirit:qualifier>
					<spirit:isClock>true</spirit:isClock>
				</spirit:qualifier>
				<spirit:onMaster>
					<spirit:width>1</spirit:width>
					<spirit:direction>in</spirit:direction>
					<spirit:modeConstraints/>
				</spirit:onMaster>
				<spirit:onSlave>
					<spirit:width>1</spirit:width>
					<spirit:direction>in</spirit:direction>
					<spirit:modeConstraints/>
				</spirit:onSlave>
			</spirit:wire>
		</spirit:port>
		<spirit:port>
			<spirit:logicalName>cke</spirit:logicalName>
			<spirit:wire>
				<spirit:onMaster>
					<spirit:direction>out</spirit:direction>
					<spirit:modeConstraints/>
				</spirit:onMaster>
				<spirit:onSlave>
					<spirit:direction>in</spirit:direction>
					<spirit:modeConstraints/>
				</spirit:onSlave>
			</spirit:wire>
		</spirit:port>
		<spirit:port>
			<spirit:logicalName>cs_n</spirit:logicalName>
			<spirit:wire>
				<spirit:onMaster>
					<spirit:direction>out</spirit:direction>
					<spirit:modeConstraints/>
				</spirit:onMaster>
				<spirit:onSlave>
					<spirit:direction>in</spirit:direction>
					<spirit:modeConstraints/>
				</spirit:onSlave>
			</spirit:wire>
		</spirit:port>
		<spirit:port>
			<spirit:logicalName>ras_n</spirit:logicalName>
			<spirit:wire>
				<spirit:onMaster>
					<spirit:width>1</spirit:width>
					<spirit:direction>out</spirit:direction>
					<spirit:modeConstraints/>
				</spirit:onMaster>
				<spirit:onSlave>
					<spirit:width>1</spirit:width>
					<spirit:direction>in</spirit:direction>
					<spirit:modeConstraints/>
				</spirit:onSlave>
			</spirit:wire>
		</spirit:port>
		<spirit:port>
			<spirit:logicalName>cas_n</spirit:logicalName>
			<spirit:wire>
				<spirit:onMaster>
					<spirit:width>1</spirit:width>
					<spirit:direction>out</spirit:direction>
					<spirit:modeConstraints/>
				</spirit:onMaster>
				<spirit:onSlave>
					<spirit:width>1</spirit:width>
					<spirit:direction>in</spirit:direction>
					<spirit:modeConstraints/>
				</spirit:onSlave>
			</spirit:wire>
		</spirit:port>
		<spirit:port>
			<spirit:logicalName>we</spirit:logicalName>
			<spirit:wire>
				<spirit:onMaster>
					<spirit:width>1</spirit:width>
					<spirit:direction>out</spirit:direction>
					<spirit:modeConstraints/>
				</spirit:onMaster>
				<spirit:onSlave>
					<spirit:width>1</spirit:width>
					<spirit:direction>in</spirit:direction>
					<spirit:modeConstraints/>
				</spirit:onSlave>
			</spirit:wire>
		</spirit:port>
		<spirit:port>
			<spirit:logicalName>dm</spirit:logicalName>
			<spirit:wire>
				<spirit:onMaster>
					<spirit:direction>out</spirit:direction>
					<spirit:modeConstraints/>
				</spirit:onMaster>
				<spirit:onSlave>
					<spirit:direction>in</spirit:direction>
					<spirit:modeConstraints/>
				</spirit:onSlave>
			</spirit:wire>
		</spirit:port>
		<spirit:port>
			<spirit:logicalName>ba</spirit:logicalName>
			<spirit:wire>
				<spirit:qualifier>
					<spirit:isAddress>true</spirit:isAddress>
				</spirit:qualifier>
				<spirit:onMaster>
					<spirit:direction>out</spirit:direction>
					<spirit:modeConstraints/>
				</spirit:onMaster>
				<spirit:onSlave>
					<spirit:direction>in</spirit:direction>
					<spirit:modeConstraints/>
				</spirit:onSlave>
			</spirit:wire>
		</spirit:port>
		<spirit:port>
			<spirit:logicalName>a</spirit:logicalName>
			<spirit:wire>
				<spirit:qualifier>
					<spirit:isAddress>true</spirit:isAddress>
				</spirit:qualifier>
				<spirit:onMaster>
					<spirit:direction>out</spirit:direction>
					<spirit:modeConstraints/>
				</spirit:onMaster>
				<spirit:onSlave>
					<spirit:direction>in</spirit:direction>
					<spirit:modeConstraints/>
				</spirit:onSlave>
			</spirit:wire>
		</spirit:port>
		<spirit:port>
			<spirit:logicalName>dq</spirit:logicalName>
			<spirit:wire>
				<spirit:qualifier>
					<spirit:isData>true</spirit:isData>
				</spirit:qualifier>
				<spirit:onMaster>
					<spirit:direction>inout</spirit:direction>
					<spirit:modeConstraints/>
				</spirit:onMaster>
				<spirit:onSlave>
					<spirit:direction>inout</spirit:direction>
					<spirit:modeConstraints/>
				</spirit:onSlave>
			</spirit:wire>
		</spirit:port>
		<spirit:port>
			<spirit:logicalName>dqs</spirit:logicalName>
			<spirit:wire>
				<spirit:onMaster>
					<spirit:direction>inout</spirit:direction>
					<spirit:modeConstraints/>
				</spirit:onMaster>
				<spirit:onSlave>
					<spirit:direction>inout</spirit:direction>
					<spirit:modeConstraints/>
				</spirit:onSlave>
			</spirit:wire>
		</spirit:port>
	</spirit:ports>
</spirit:abstractionDefinition>
