<?xml version="1.0"?>
<!-- 
// Copyright (c) 2005, 2006, 2007 The SPIRIT Consortium.  All rights reserved.
// www.spiritconsortium.org
//
// THIS WORK FORMS PART OF A SPIRIT CONSORTIUM SPECIFICATION.
// USE OF THESE MATERIALS ARE GOVERNED BY
// THE LEGAL TERMS AND CONDITIONS OUTLINED IN THE SPIRIT
// SPECIFICATION DISCLAIMER AVAILABLE FROM
// www.spiritconsortium.org
//
// This source file is provided on an AS IS basis. The SPIRIT Consortium disclaims 
// ANY WARRANTY EXPRESS OR IMPLIED INCLUDING ANY WARRANTY OF
// MERCHANTABILITY AND FITNESS FOR USE FOR A PARTICULAR PURPOSE. 
// The user of the source file shall indemnify and hold The SPIRIT Consortium harmless
// from any damages or liability arising out of the use thereof or the performance or
// implementation or partial implementation of the schema.
  -->
<spirit:component xmlns:spirit="http://www.spiritconsortium.org/XMLSchema/SPIRIT/1.4" xmlns:xsi="http://www.w3.org/2001/XMLSchema-instance" xsi:schemaLocation="http://www.spiritconsortium.org/XMLSchema/SPIRIT/1.4 http://www.spiritconsortium.org/XMLSchema/SPIRIT/1.4/index.xsd">
  <spirit:vendor>spiritconsortium.org</spirit:vendor>
  <spirit:library>Leon2TLM</spirit:library>
  <spirit:name>apbSubSystem</spirit:name>
  <spirit:version>1.4</spirit:version>
  <spirit:busInterfaces>
    <spirit:busInterface>
      <spirit:name>INT_Master</spirit:name>
      <spirit:busType spirit:vendor="spiritconsortium.org" spirit:library="busdef.leon2" spirit:name="IntProc" spirit:version="v1.0"/>
      <spirit:abstractionType spirit:vendor="spiritconsortium.org" spirit:library="busdef.leon2" spirit:name="IntProc_rtl" spirit:version="v1.0"/>
      <spirit:master/>
      <spirit:portMaps>
        <spirit:portMap>
          <spirit:logicalPort>
            <spirit:name>IRL</spirit:name>
          </spirit:logicalPort>
          <spirit:physicalPort>
            <spirit:name>Interrupt_IRL</spirit:name>
          </spirit:physicalPort>
        </spirit:portMap>
        <spirit:portMap>
          <spirit:logicalPort>
            <spirit:name>IRQVEC</spirit:name>
          </spirit:logicalPort>
          <spirit:physicalPort>
            <spirit:name>Interrupt_IRQVEC</spirit:name>
          </spirit:physicalPort>
        </spirit:portMap>
        <spirit:portMap>
          <spirit:logicalPort>
            <spirit:name>INTack</spirit:name>
          </spirit:logicalPort>
          <spirit:physicalPort>
            <spirit:name>Interrupt_INTack</spirit:name>
          </spirit:physicalPort>
        </spirit:portMap>
      </spirit:portMaps>
    </spirit:busInterface>
    <spirit:busInterface>
      <spirit:name>AHB_Slave</spirit:name>
      <spirit:busType spirit:vendor="amba.com" spirit:library="AMBA2" spirit:name="AHB" spirit:version="r2p0_6"/>
      <spirit:abstractionType spirit:vendor="spiritconsortium.org" spirit:library="abstractiondef.tlm" spirit:name="ahb_pv" spirit:version="1.4"/>
      <spirit:slave/>
      <spirit:portMaps>
        <spirit:portMap>
          <spirit:logicalPort>
            <spirit:name>PV_TRANS</spirit:name>
          </spirit:logicalPort>
          <spirit:physicalPort>
            <spirit:name>ahb_slave_port</spirit:name>
          </spirit:physicalPort>
        </spirit:portMap>
      </spirit:portMaps>
    </spirit:busInterface>
    <spirit:busInterface>
      <spirit:name>APB_MSlave_4</spirit:name>
      <spirit:busType spirit:vendor="amba.com" spirit:library="AMBA2" spirit:name="APB" spirit:version="r2p0_4"/>
      <spirit:abstractionType spirit:vendor="spiritconsortium.org" spirit:library="abstractiondef.tlm" spirit:name="apb_pv" spirit:version="1.4"/>
      <spirit:mirroredSlave/>
      <spirit:portMaps>
        <spirit:portMap>
          <spirit:logicalPort>
            <spirit:name>PV_TRANS</spirit:name>
          </spirit:logicalPort>
          <spirit:physicalPort>
            <spirit:name>apb4_mslave_port</spirit:name>
          </spirit:physicalPort>
        </spirit:portMap>
      </spirit:portMaps>
    </spirit:busInterface>
    <spirit:busInterface>
      <spirit:name>APB_MSlave_5</spirit:name>
      <spirit:busType spirit:vendor="amba.com" spirit:library="AMBA2" spirit:name="APB" spirit:version="r2p0_4"/>
      <spirit:abstractionType spirit:vendor="spiritconsortium.org" spirit:library="abstractiondef.tlm" spirit:name="apb_pv" spirit:version="1.4"/>
      <spirit:mirroredSlave/>
      <spirit:portMaps>
        <spirit:portMap>
          <spirit:logicalPort>
            <spirit:name>PV_TRANS</spirit:name>
          </spirit:logicalPort>
          <spirit:physicalPort>
            <spirit:name>apb5_mslave_port</spirit:name>
          </spirit:physicalPort>
        </spirit:portMap>
      </spirit:portMaps>
    </spirit:busInterface>
    <spirit:busInterface>
      <spirit:name>APB_MSlave_6</spirit:name>
      <spirit:busType spirit:vendor="amba.com" spirit:library="AMBA2" spirit:name="APB" spirit:version="r2p0_4"/>
      <spirit:abstractionType spirit:vendor="spiritconsortium.org" spirit:library="abstractiondef.tlm" spirit:name="apb_pv" spirit:version="1.4"/>
      <spirit:mirroredSlave/>
      <spirit:portMaps>
        <spirit:portMap>
          <spirit:logicalPort>
            <spirit:name>PV_TRANS</spirit:name>
          </spirit:logicalPort>
          <spirit:physicalPort>
            <spirit:name>apb6_mslave_port</spirit:name>
          </spirit:physicalPort>
        </spirit:portMap>
      </spirit:portMaps>
    </spirit:busInterface>
    <spirit:busInterface>
      <spirit:name>APB_MSlave_7</spirit:name>
      <spirit:busType spirit:vendor="amba.com" spirit:library="AMBA2" spirit:name="APB" spirit:version="r2p0_4"/>
      <spirit:abstractionType spirit:vendor="spiritconsortium.org" spirit:library="abstractiondef.tlm" spirit:name="apb_pv" spirit:version="1.4"/>
      <spirit:mirroredSlave/>
      <spirit:portMaps>
        <spirit:portMap>
          <spirit:logicalPort>
            <spirit:name>PV_TRANS</spirit:name>
          </spirit:logicalPort>
          <spirit:physicalPort>
            <spirit:name>apb7_mslave_port</spirit:name>
          </spirit:physicalPort>
        </spirit:portMap>
      </spirit:portMaps>
    </spirit:busInterface>
    <spirit:busInterface>
      <spirit:name>INT_Slave</spirit:name>
      <spirit:busType spirit:vendor="spiritconsortium.org" spirit:library="busdef.interrupt" spirit:name="interrupt" spirit:version="1.0"/>
      <spirit:abstractionType spirit:vendor="spiritconsortium.org" spirit:library="busdef.interrupt" spirit:name="interrupt_rtl" spirit:version="1.0"/>
      <spirit:slave/>
      <spirit:portMaps>
        <spirit:portMap>
          <spirit:logicalPort>
            <spirit:name>IRQ</spirit:name>
          </spirit:logicalPort>
          <spirit:physicalPort>
            <spirit:name>int4_slave_port</spirit:name>
          </spirit:physicalPort>
        </spirit:portMap>
      </spirit:portMaps>
    </spirit:busInterface>
  </spirit:busInterfaces>
  <spirit:model>
    <spirit:views>
      <spirit:view>
        <spirit:name>spirit-design</spirit:name>
        <spirit:envIdentifier>::Hierarchy</spirit:envIdentifier>
        <spirit:hierarchyRef spirit:vendor="spiritconsortium.org" spirit:library="Leon2TLM" spirit:name="design_apbSubSystem" spirit:version="1.4"/>
      </spirit:view>
      <spirit:view>
        <spirit:name>TLM_PV</spirit:name>
        <spirit:envIdentifier>:osci.systemc.org:</spirit:envIdentifier>
        <spirit:language spirit:strict="true">SystemC</spirit:language>
        <spirit:modelName>apb_subsystem</spirit:modelName>
        <spirit:fileSetRef>sourceCode</spirit:fileSetRef>
      </spirit:view>
    </spirit:views>
    <spirit:ports>
      <spirit:port>
        <spirit:name>Interrupt_INTack</spirit:name>
        <spirit:wire>
          <spirit:direction>in</spirit:direction>
          <spirit:driver>
            <spirit:defaultValue>0</spirit:defaultValue>
          </spirit:driver>
        </spirit:wire>
      </spirit:port>
      <spirit:port>
        <spirit:name>Interrupt_IRQVEC</spirit:name>
        <spirit:wire>
          <spirit:direction>in</spirit:direction>
          <spirit:vector>
            <spirit:left>3</spirit:left>
            <spirit:right>0</spirit:right>
          </spirit:vector>
          <spirit:driver>
            <spirit:defaultValue>0</spirit:defaultValue>
          </spirit:driver>
        </spirit:wire>
      </spirit:port>
      <spirit:port>
        <spirit:name>Interrupt_IRL</spirit:name>
        <spirit:wire>
          <spirit:direction>out</spirit:direction>
          <spirit:vector>
            <spirit:left>3</spirit:left>
            <spirit:right>0</spirit:right>
          </spirit:vector>
        </spirit:wire>
      </spirit:port>
      <spirit:port>
        <spirit:name>ahb_slave_port</spirit:name>
        <spirit:transactional>
          <spirit:transTypeDef>
            <spirit:typeName>pv_target_port</spirit:typeName>
            <spirit:typeDefinition>pv_target_port.h</spirit:typeDefinition>
          </spirit:transTypeDef>
          <spirit:service>
            <spirit:initiative>provides</spirit:initiative>
            <spirit:serviceTypeDefs>
              <spirit:serviceTypeDef>
                <spirit:typeName spirit:implicit="true">OSCI_TLM_PV</spirit:typeName>
                <spirit:parameters>
                  <spirit:parameter>
                    <spirit:name>typedef1</spirit:name>
                    <spirit:value>ADDRESS_TYPE</spirit:value>
                  </spirit:parameter>
                  <spirit:parameter>
                    <spirit:name>typedef2</spirit:name>
                    <spirit:value>DATA_TYPE</spirit:value>
                  </spirit:parameter>
                </spirit:parameters>
              </spirit:serviceTypeDef>
            </spirit:serviceTypeDefs>
          </spirit:service>
        </spirit:transactional>
      </spirit:port>
      <spirit:port>
        <spirit:name>apb4_mslave_port</spirit:name>
        <spirit:transactional>
          <spirit:transTypeDef>
            <spirit:typeName>pv_initiator_port</spirit:typeName>
            <spirit:typeDefinition>pv_initiator_port.h</spirit:typeDefinition>
          </spirit:transTypeDef>
          <spirit:service>
            <spirit:initiative>requires</spirit:initiative>
            <spirit:serviceTypeDefs>
              <spirit:serviceTypeDef>
                <spirit:typeName spirit:implicit="true">OSCI_TLM_PV</spirit:typeName>
                <spirit:parameters>
                  <spirit:parameter>
                    <spirit:name>typedef1</spirit:name>
                    <spirit:value>ADDRESS_TYPE</spirit:value>
                  </spirit:parameter>
                  <spirit:parameter>
                    <spirit:name>typedef2</spirit:name>
                    <spirit:value>DATA_TYPE</spirit:value>
                  </spirit:parameter>
                </spirit:parameters>
              </spirit:serviceTypeDef>
            </spirit:serviceTypeDefs>
          </spirit:service>
        </spirit:transactional>
      </spirit:port>
      <spirit:port>
        <spirit:name>apb5_mslave_port</spirit:name>
        <spirit:transactional>
          <spirit:transTypeDef>
            <spirit:typeName>pv_initiator_port</spirit:typeName>
            <spirit:typeDefinition>pv_initiator_port.h</spirit:typeDefinition>
          </spirit:transTypeDef>
          <spirit:service>
            <spirit:initiative>requires</spirit:initiative>
            <spirit:serviceTypeDefs>
              <spirit:serviceTypeDef>
                <spirit:typeName spirit:implicit="true">OSCI_TLM_PV</spirit:typeName>
                <spirit:parameters>
                  <spirit:parameter>
                    <spirit:name>typedef1</spirit:name>
                    <spirit:value>ADDRESS_TYPE</spirit:value>
                  </spirit:parameter>
                  <spirit:parameter>
                    <spirit:name>typedef2</spirit:name>
                    <spirit:value>DATA_TYPE</spirit:value>
                  </spirit:parameter>
                </spirit:parameters>
              </spirit:serviceTypeDef>
            </spirit:serviceTypeDefs>
          </spirit:service>
        </spirit:transactional>
      </spirit:port>
      <spirit:port>
        <spirit:name>apb6_mslave_port</spirit:name>
        <spirit:transactional>
          <spirit:transTypeDef>
            <spirit:typeName>pv_initiator_port</spirit:typeName>
            <spirit:typeDefinition>pv_initiator_port.h</spirit:typeDefinition>
          </spirit:transTypeDef>
          <spirit:service>
            <spirit:initiative>requires</spirit:initiative>
            <spirit:serviceTypeDefs>
              <spirit:serviceTypeDef>
                <spirit:typeName spirit:implicit="true">OSCI_TLM_PV</spirit:typeName>
                <spirit:parameters>
                  <spirit:parameter>
                    <spirit:name>typedef1</spirit:name>
                    <spirit:value>ADDRESS_TYPE</spirit:value>
                  </spirit:parameter>
                  <spirit:parameter>
                    <spirit:name>typedef2</spirit:name>
                    <spirit:value>DATA_TYPE</spirit:value>
                  </spirit:parameter>
                </spirit:parameters>
              </spirit:serviceTypeDef>
            </spirit:serviceTypeDefs>
          </spirit:service>
        </spirit:transactional>
      </spirit:port>
      <spirit:port>
        <spirit:name>apb7_mslave_port</spirit:name>
        <spirit:transactional>
          <spirit:transTypeDef>
            <spirit:typeName>pv_initiator_port</spirit:typeName>
            <spirit:typeDefinition>pv_initiator_port.h</spirit:typeDefinition>
          </spirit:transTypeDef>
          <spirit:service>
            <spirit:initiative>requires</spirit:initiative>
            <spirit:serviceTypeDefs>
              <spirit:serviceTypeDef>
                <spirit:typeName spirit:implicit="true">OSCI_TLM_PV</spirit:typeName>
                <spirit:parameters>
                  <spirit:parameter>
                    <spirit:name>typedef1</spirit:name>
                    <spirit:value>ADDRESS_TYPE</spirit:value>
                  </spirit:parameter>
                  <spirit:parameter>
                    <spirit:name>typedef2</spirit:name>
                    <spirit:value>DATA_TYPE</spirit:value>
                  </spirit:parameter>
                </spirit:parameters>
              </spirit:serviceTypeDef>
            </spirit:serviceTypeDefs>
          </spirit:service>
        </spirit:transactional>
      </spirit:port>
      <spirit:port>
        <spirit:name>int4_slave_port</spirit:name>
        <spirit:wire>
          <spirit:direction>in</spirit:direction>
          <spirit:driver>
            <spirit:defaultValue>0</spirit:defaultValue>
          </spirit:driver>
        </spirit:wire>
      </spirit:port>
    </spirit:ports>
  </spirit:model>
  <spirit:fileSets>
    <spirit:fileSet>
      <spirit:name>sourceCode</spirit:name>
      <spirit:file>
        <spirit:name>tlmsrc/apb_subsystem.h</spirit:name>
        <spirit:fileType>systemCSource</spirit:fileType>
        <spirit:isIncludeFile>true</spirit:isIncludeFile>
        <spirit:logicalName>apb_subsystem</spirit:logicalName>
      </spirit:file>
    </spirit:fileSet>
  </spirit:fileSets>
</spirit:component>
