<?xml version="1.0"?>
<spirit:design xmlns:spirit="http://www.spiritconsortium.org/XMLSchema/SPIRIT/1.4" xmlns:xsi="http://www.w3.org/2001/XMLSchema-instance" xsi:schemaLocation="http://www.spiritconsortium.org/XMLSchema/SPIRIT/1.4 http://www.spiritconsortium.org/XMLSchema/SPIRIT/1.4/index.xsd">
  <spirit:vendor>spiritconsortium.org</spirit:vendor>
  <spirit:library>Leon2RTL</spirit:library>
  <spirit:name>design_audioSubSystem</spirit:name>
  <spirit:version>5.0</spirit:version>
  <spirit:componentInstances>
    <spirit:componentInstance>
      <spirit:instanceName>i_ahbbus25</spirit:instanceName>
      <spirit:componentRef spirit:vendor="spiritconsortium.org" spirit:library="Leon2RTL" spirit:name="ahbbus25" spirit:version="1.2"/>
      <spirit:configurableElementValues>
        <spirit:configurableElementValue spirit:referenceId="defmast">1</spirit:configurableElementValue>
        <spirit:configurableElementValue spirit:referenceId="range_slv0_mirror">0x00020000</spirit:configurableElementValue>
        <spirit:configurableElementValue spirit:referenceId="range_slv1_mirror">0x00040000</spirit:configurableElementValue>
        <spirit:configurableElementValue spirit:referenceId="range_slv2_mirror">0x00040000</spirit:configurableElementValue>
        <spirit:configurableElementValue spirit:referenceId="range_slv3_mirror">0x00001000</spirit:configurableElementValue>
        <spirit:configurableElementValue spirit:referenceId="range_slv4_mirror">0x80000000</spirit:configurableElementValue>
        <spirit:configurableElementValue spirit:referenceId="split_slv0">false</spirit:configurableElementValue>
        <spirit:configurableElementValue spirit:referenceId="split_slv1">false</spirit:configurableElementValue>
        <spirit:configurableElementValue spirit:referenceId="split_slv2">false</spirit:configurableElementValue>
        <spirit:configurableElementValue spirit:referenceId="split_slv3">false</spirit:configurableElementValue>
        <spirit:configurableElementValue spirit:referenceId="split_slv4">false</spirit:configurableElementValue>
        <spirit:configurableElementValue spirit:referenceId="start_addr_slv0_mirror">0x90000000</spirit:configurableElementValue>
        <spirit:configurableElementValue spirit:referenceId="start_addr_slv1_mirror">0x80000000</spirit:configurableElementValue>
        <spirit:configurableElementValue spirit:referenceId="start_addr_slv2_mirror">0xb0000000</spirit:configurableElementValue>
        <spirit:configurableElementValue spirit:referenceId="start_addr_slv3_mirror">0xa0000000</spirit:configurableElementValue>
        <spirit:configurableElementValue spirit:referenceId="start_addr_slv4_mirror">0x0</spirit:configurableElementValue>
      </spirit:configurableElementValues>
    </spirit:componentInstance>
    <spirit:componentInstance>
      <spirit:instanceName>i_ahbram</spirit:instanceName>
      <spirit:componentRef spirit:vendor="spiritconsortium.org" spirit:library="Leon2RTL" spirit:name="ahbliteram" spirit:version="1.2"/>
      <spirit:configurableElementValues>
        <spirit:configurableElementValue spirit:referenceId="addressBusSize">16</spirit:configurableElementValue>
      </spirit:configurableElementValues>
    </spirit:componentInstance>
    <spirit:componentInstance>
      <spirit:instanceName>i_ahbrom</spirit:instanceName>
      <spirit:componentRef spirit:vendor="spiritconsortium.org" spirit:library="Leon2RTL" spirit:name="ahbrom" spirit:version="1.2"/>
      <spirit:configurableElementValues>
        <spirit:configurableElementValue spirit:referenceId="addressBusSize">16</spirit:configurableElementValue>
      </spirit:configurableElementValues>
    </spirit:componentInstance>
    <spirit:componentInstance>
      <spirit:instanceName>i_apbbus2</spirit:instanceName>
      <spirit:componentRef spirit:vendor="spiritconsortium.org" spirit:library="Leon2RTL" spirit:name="apbbus2" spirit:version="1.2"/>
      <spirit:configurableElementValues>
        <spirit:configurableElementValue spirit:referenceId="rangeSlv0">4096</spirit:configurableElementValue>
        <spirit:configurableElementValue spirit:referenceId="remapAddressSlv0">0x0</spirit:configurableElementValue>
        <spirit:configurableElementValue spirit:referenceId="rangeSlv1">4096</spirit:configurableElementValue>
        <spirit:configurableElementValue spirit:referenceId="remapAddressSlv1">0x1000</spirit:configurableElementValue>
      </spirit:configurableElementValues>
    </spirit:componentInstance>
    <spirit:componentInstance>
      <spirit:instanceName>i_apbmst</spirit:instanceName>
      <spirit:componentRef spirit:vendor="spiritconsortium.org" spirit:library="Leon2RTL" spirit:name="apbmst" spirit:version="1.2"/>
      <spirit:configurableElementValues>
        <spirit:configurableElementValue spirit:referenceId="masterRange">1M</spirit:configurableElementValue>
      </spirit:configurableElementValues>
    </spirit:componentInstance>
    <spirit:componentInstance>
      <spirit:instanceName>i_dma</spirit:instanceName>
      <spirit:componentRef spirit:vendor="spiritconsortium.org" spirit:library="Leon2RTL" spirit:name="dma" spirit:version="1.2"/>
    </spirit:componentInstance>
    <spirit:componentInstance>
      <spirit:instanceName>i_mp3Decode</spirit:instanceName>
      <spirit:componentRef spirit:vendor="spiritconsortium.org" spirit:library="Leon2RTL" spirit:name="mp3Decode" spirit:version="1.3"/>
    </spirit:componentInstance>
    <spirit:componentInstance>
      <spirit:instanceName>i_ahbmon</spirit:instanceName>
      <spirit:componentRef spirit:vendor="spiritconsortium.org" spirit:library="Leon2RTL" spirit:name="ahbstatSlave" spirit:version="1.2"/>
    </spirit:componentInstance>
  </spirit:componentInstances>
  <spirit:interconnections>
    <spirit:interconnection>
      <spirit:name>defaultid4489998</spirit:name>
      <spirit:activeInterface spirit:componentRef="i_dma" spirit:busRef="ambaAHB"/>
      <spirit:activeInterface spirit:componentRef="i_ahbbus25" spirit:busRef="MirroredMaster1"/>
    </spirit:interconnection>
    <spirit:interconnection>
      <spirit:name>defaultid4490015</spirit:name>
      <spirit:activeInterface spirit:componentRef="i_apbmst" spirit:busRef="ambaAHB"/>
      <spirit:activeInterface spirit:componentRef="i_ahbbus25" spirit:busRef="MirroredSlave0"/>
    </spirit:interconnection>
    <spirit:interconnection>
      <spirit:name>defaultid4490031</spirit:name>
      <spirit:activeInterface spirit:componentRef="i_ahbrom" spirit:busRef="AHBSlave"/>
      <spirit:activeInterface spirit:componentRef="i_ahbbus25" spirit:busRef="MirroredSlave1"/>
    </spirit:interconnection>
    <spirit:interconnection>
      <spirit:name>defaultid4490048</spirit:name>
      <spirit:activeInterface spirit:componentRef="i_ahbram" spirit:busRef="AHBLiteSlave"/>
      <spirit:activeInterface spirit:componentRef="i_ahbbus25" spirit:busRef="MirroredSlave2"/>
    </spirit:interconnection>
    <spirit:interconnection>
      <spirit:name>defaultid4490065</spirit:name>
      <spirit:activeInterface spirit:componentRef="i_mp3Decode" spirit:busRef="AHBLiteSlave"/>
      <spirit:activeInterface spirit:componentRef="i_ahbbus25" spirit:busRef="MirroredSlave3"/>
    </spirit:interconnection>
    <spirit:interconnection>
      <spirit:name>defaultid4490082</spirit:name>
      <spirit:activeInterface spirit:componentRef="i_apbmst" spirit:busRef="ambaAPB"/>
      <spirit:activeInterface spirit:componentRef="i_apbbus2" spirit:busRef="MirroredMaster"/>
    </spirit:interconnection>
    <spirit:interconnection>
      <spirit:name>defaultid4490098</spirit:name>
      <spirit:activeInterface spirit:componentRef="i_dma" spirit:busRef="ambaAPB"/>
      <spirit:activeInterface spirit:componentRef="i_apbbus2" spirit:busRef="MirroredSlave0"/>
    </spirit:interconnection>
    <spirit:interconnection>
      <spirit:name>monitorapb</spirit:name>
      <spirit:activeInterface spirit:componentRef="i_ahbmon" spirit:busRef="ambaAPB"/>
      <spirit:activeInterface spirit:componentRef="i_apbbus2" spirit:busRef="MirroredSlave1"/>
    </spirit:interconnection>
    <spirit:monitorInterconnection>
      <spirit:name>monitorahb</spirit:name>
      <spirit:activeInterface spirit:componentRef="i_ahbrom" spirit:busRef="AHBSlave"/>
      <spirit:monitorInterface spirit:componentRef="i_ahbmon" spirit:busRef="ambaAHBSlaveMonitor"/>
    </spirit:monitorInterconnection>
  </spirit:interconnections>
  <spirit:adHocConnections>
    <spirit:adHocConnection>
      <spirit:name>i_ahbbus25_clk</spirit:name>
      <spirit:internalPortReference spirit:componentRef="i_ahbbus25" spirit:portRef="clk"/>
      <spirit:internalPortReference spirit:componentRef="i_ahbmon" spirit:portRef="clk"/>
      <spirit:externalPortReference spirit:portRef="i_ahbbus25_clk"/>
    </spirit:adHocConnection>
    <spirit:adHocConnection>
      <spirit:name>i_ahbbus25_rst</spirit:name>
      <spirit:internalPortReference spirit:componentRef="i_ahbbus25" spirit:portRef="rst"/>
      <spirit:internalPortReference spirit:componentRef="i_ahbmon" spirit:portRef="rst"/>
      <spirit:externalPortReference spirit:portRef="i_ahbbus25_rst"/>
    </spirit:adHocConnection>
    <spirit:adHocConnection>
      <spirit:name>i_ahbram_clk</spirit:name>
      <spirit:internalPortReference spirit:componentRef="i_ahbram" spirit:portRef="clk"/>
      <spirit:externalPortReference spirit:portRef="i_ahbram_clk"/>
    </spirit:adHocConnection>
    <spirit:adHocConnection>
      <spirit:name>i_ahbram_rst</spirit:name>
      <spirit:internalPortReference spirit:componentRef="i_ahbram" spirit:portRef="rst"/>
      <spirit:externalPortReference spirit:portRef="i_ahbram_rst"/>
    </spirit:adHocConnection>
    <spirit:adHocConnection>
      <spirit:name>i_ahbrom_clk</spirit:name>
      <spirit:internalPortReference spirit:componentRef="i_ahbrom" spirit:portRef="clk"/>
      <spirit:externalPortReference spirit:portRef="i_ahbrom_clk"/>
    </spirit:adHocConnection>
    <spirit:adHocConnection>
      <spirit:name>i_ahbrom_rst</spirit:name>
      <spirit:internalPortReference spirit:componentRef="i_ahbrom" spirit:portRef="rst"/>
      <spirit:externalPortReference spirit:portRef="i_ahbrom_rst"/>
    </spirit:adHocConnection>
    <spirit:adHocConnection>
      <spirit:name>i_apbmst_clk</spirit:name>
      <spirit:internalPortReference spirit:componentRef="i_apbmst" spirit:portRef="clk"/>
      <spirit:externalPortReference spirit:portRef="i_apbmst_clk"/>
    </spirit:adHocConnection>
    <spirit:adHocConnection>
      <spirit:name>i_apbmst_rst</spirit:name>
      <spirit:internalPortReference spirit:componentRef="i_apbmst" spirit:portRef="rst"/>
      <spirit:externalPortReference spirit:portRef="i_apbmst_rst"/>
    </spirit:adHocConnection>
    <spirit:adHocConnection>
      <spirit:name>i_dma_clk</spirit:name>
      <spirit:internalPortReference spirit:componentRef="i_dma" spirit:portRef="clk"/>
      <spirit:externalPortReference spirit:portRef="i_dma_clk"/>
    </spirit:adHocConnection>
    <spirit:adHocConnection>
      <spirit:name>i_dma_rst</spirit:name>
      <spirit:internalPortReference spirit:componentRef="i_dma" spirit:portRef="rst"/>
      <spirit:externalPortReference spirit:portRef="i_dma_rst"/>
    </spirit:adHocConnection>
    <spirit:adHocConnection>
      <spirit:name>i_mp3Decode_dac_clk</spirit:name>
      <spirit:internalPortReference spirit:componentRef="i_mp3Decode" spirit:portRef="dac_clk"/>
      <spirit:externalPortReference spirit:portRef="i_mp3Decode_dac_clk"/>
    </spirit:adHocConnection>
    <spirit:adHocConnection>
      <spirit:name>i_mp3Decode_hclk</spirit:name>
      <spirit:internalPortReference spirit:componentRef="i_mp3Decode" spirit:portRef="hclk"/>
      <spirit:externalPortReference spirit:portRef="i_mp3Decode_hclk"/>
    </spirit:adHocConnection>
    <spirit:adHocConnection>
      <spirit:name>i_mp3Decode_hresetn</spirit:name>
      <spirit:internalPortReference spirit:componentRef="i_mp3Decode" spirit:portRef="hresetn"/>
      <spirit:externalPortReference spirit:portRef="i_mp3Decode_hresetn"/>
    </spirit:adHocConnection>
    <spirit:adHocConnection>
      <spirit:name>i_mp3Decode_mp3_clk</spirit:name>
      <spirit:internalPortReference spirit:componentRef="i_mp3Decode" spirit:portRef="mp3_clk"/>
      <spirit:externalPortReference spirit:portRef="i_mp3Decode_mp3_clk"/>
    </spirit:adHocConnection>
    <spirit:adHocConnection>
      <spirit:name>i_mp3Decode_mp3_rst_an</spirit:name>
      <spirit:internalPortReference spirit:componentRef="i_mp3Decode" spirit:portRef="mp3_rst_an"/>
      <spirit:externalPortReference spirit:portRef="i_mp3Decode_mp3_rst_an"/>
    </spirit:adHocConnection>
    <spirit:adHocConnection>
      <spirit:name>i_mp3Decode_dac_data</spirit:name>
      <spirit:internalPortReference spirit:componentRef="i_mp3Decode" spirit:portRef="dac_data" spirit:left="23" spirit:right="0"/>
      <spirit:externalPortReference spirit:portRef="i_mp3Decode_dac_data"/>
    </spirit:adHocConnection>
    <spirit:adHocConnection spirit:tiedValue="0x0000">
      <spirit:name>logic_zero</spirit:name>
      <spirit:internalPortReference spirit:componentRef="i_ahbbus25" spirit:portRef="hsplit_slv0" spirit:left="15" spirit:right="0"/>
      <spirit:internalPortReference spirit:componentRef="i_ahbbus25" spirit:portRef="hsplit_slv3" spirit:left="15" spirit:right="0"/>
      <spirit:internalPortReference spirit:componentRef="i_ahbbus25" spirit:portRef="hsplit_slv4" spirit:left="15" spirit:right="0"/>
    </spirit:adHocConnection>
  </spirit:adHocConnections>
  <spirit:hierConnections>
    <spirit:hierConnection spirit:interfaceRef="i_ahbbus_slv4">
      <spirit:activeInterface spirit:componentRef="i_ahbbus25" spirit:busRef="MirroredSlave4"/>
    </spirit:hierConnection>
    <spirit:hierConnection spirit:interfaceRef="MirroredMaster0">
      <spirit:activeInterface spirit:componentRef="i_ahbbus25" spirit:busRef="MirroredMaster0"/>
    </spirit:hierConnection>
    <spirit:hierConnection spirit:interfaceRef="mp3_dma_Interrupt">
      <spirit:activeInterface spirit:componentRef="i_dma" spirit:busRef="interrupt"/>
    </spirit:hierConnection>
  </spirit:hierConnections>
</spirit:design>
