<?xml version="1.0"?>
<!-- edited with XMLSPY v2004 rel. 2 U (http://www.xmlspy.com) by Christophe Amerijckx (STMicroelectronics) -->
<!--
// Description : dma.xml
// Author : SPIRIT Schema Working Group - Christophe Amerijckx
// Version: 1.2
//
// Copyright (c) 2006 SPIRIT.  All rights reserved.
// www.spiritconsortium.org
//
// THIS WORK FORMS PART OF A SPIRIT CONSORTIUM SPECIFICATION.  
// THIS WORK CONTAINS TRADE SECRETS AND PROPRIETARY INFORMATION 
// WHICH IS THE EXCLUSIVE PROPERTY OF INDIVIDUAL MEMBERS OF THE 
// SPIRIT CONSORTIUM. USE OF THESE MATERIALS ARE GOVERNED BY 
// THE LEGAL TERMS AND CONDITIONS OUTLINED IN THE THE SPIRIT 
// SPECIFICATION DISCLAIMER AVAILABLE FROM
// www.spiritconsortium.org
-->
<spirit:component xmlns:spirit="http://www.spiritconsortium.org/XMLSchema/SPIRIT/1.2" xmlns:xsi="http://www.w3.org/2001/XMLSchema-instance" xsi:schemaLocation="http://www.spiritconsortium.org/XMLSchema/SPIRIT/1.2 http://www.spiritconsortium.org/XMLSchema/SPIRIT/1.2/index.xsd">
  <spirit:vendor>spiritconsortium.org</spirit:vendor>
  <spirit:library>Leon2</spirit:library>
  <spirit:name>dma</spirit:name>
  <spirit:version>1.2</spirit:version>
  <spirit:busInterfaces>
    <spirit:busInterface>
      <spirit:name>AHBClk</spirit:name>
      <spirit:busType spirit:vendor="spiritconsortium.org" spirit:library="busdef.clock" spirit:name="clock" spirit:version="1.0"/>
      <spirit:slave/>
      <spirit:signalMap>
        <spirit:signalName>
          <spirit:componentSignalName>clk</spirit:componentSignalName>
          <spirit:busSignalName>CLK</spirit:busSignalName>
        </spirit:signalName>
      </spirit:signalMap>
    </spirit:busInterface>
    <spirit:busInterface>
      <spirit:name>AHBReset</spirit:name>
      <spirit:busType spirit:vendor="spiritconsortium.org" spirit:library="busdef.reset" spirit:name="reset" spirit:version="1.0"/>
      <spirit:slave/>
      <spirit:signalMap>
        <spirit:signalName>
          <spirit:componentSignalName>rst</spirit:componentSignalName>
          <spirit:busSignalName>RESETn</spirit:busSignalName>
        </spirit:signalName>
      </spirit:signalMap>
    </spirit:busInterface>
    <spirit:busInterface>
      <spirit:name>ambaAHB</spirit:name>
      <spirit:busType spirit:vendor="amba.com" spirit:library="AMBA2" spirit:name="AHB" spirit:version="r2p0_6"/>
      <spirit:master>
        <spirit:addressSpaceRef spirit:addressSpaceRef="main"/>
      </spirit:master>
      <spirit:connection>required</spirit:connection>
      <spirit:signalMap>
        <spirit:signalName>
          <spirit:componentSignalName>hrdata</spirit:componentSignalName>
          <spirit:busSignalName>HRDATA</spirit:busSignalName>
        </spirit:signalName>
        <spirit:signalName>
          <spirit:componentSignalName>hgrant</spirit:componentSignalName>
          <spirit:busSignalName>HGRANTx</spirit:busSignalName>
        </spirit:signalName>
        <spirit:signalName>
          <spirit:componentSignalName>haddr</spirit:componentSignalName>
          <spirit:busSignalName>HADDR</spirit:busSignalName>
        </spirit:signalName>
        <spirit:signalName>
          <spirit:componentSignalName>htrans</spirit:componentSignalName>
          <spirit:busSignalName>HTRANS</spirit:busSignalName>
        </spirit:signalName>
        <spirit:signalName>
          <spirit:componentSignalName>hwrite</spirit:componentSignalName>
          <spirit:busSignalName>HWRITE</spirit:busSignalName>
        </spirit:signalName>
        <spirit:signalName>
          <spirit:componentSignalName>hsize</spirit:componentSignalName>
          <spirit:busSignalName>HSIZE</spirit:busSignalName>
        </spirit:signalName>
        <spirit:signalName>
          <spirit:componentSignalName>hburst</spirit:componentSignalName>
          <spirit:busSignalName>HBURST</spirit:busSignalName>
        </spirit:signalName>
        <spirit:signalName>
          <spirit:componentSignalName>hprot</spirit:componentSignalName>
          <spirit:busSignalName>HPROT</spirit:busSignalName>
        </spirit:signalName>
        <spirit:signalName>
          <spirit:componentSignalName>hwdata</spirit:componentSignalName>
          <spirit:busSignalName>HWDATA</spirit:busSignalName>
        </spirit:signalName>
        <spirit:signalName>
          <spirit:componentSignalName>hbusreq</spirit:componentSignalName>
          <spirit:busSignalName>HBUSREQx</spirit:busSignalName>
        </spirit:signalName>
        <spirit:signalName>
          <spirit:componentSignalName>hlock</spirit:componentSignalName>
          <spirit:busSignalName>HLOCKx</spirit:busSignalName>
        </spirit:signalName>
        <spirit:signalName>
          <spirit:componentSignalName>hready</spirit:componentSignalName>
          <spirit:busSignalName>HREADY</spirit:busSignalName>
        </spirit:signalName>
        <spirit:signalName>
          <spirit:componentSignalName>hresp</spirit:componentSignalName>
          <spirit:busSignalName>HRESP</spirit:busSignalName>
        </spirit:signalName>
        <spirit:signalName>
          <spirit:componentSignalName>clk</spirit:componentSignalName>
          <spirit:busSignalName>HCLK</spirit:busSignalName>
        </spirit:signalName>
        <spirit:signalName>
          <spirit:componentSignalName>rst</spirit:componentSignalName>
          <spirit:busSignalName>HRESETn</spirit:busSignalName>
        </spirit:signalName>
      </spirit:signalMap>
    </spirit:busInterface>
    <spirit:busInterface>
      <spirit:name>ambaAPB</spirit:name>
      <spirit:busType spirit:vendor="amba.com" spirit:library="AMBA2" spirit:name="APB" spirit:version="r2p0_4"/>
      <spirit:slave>
        <spirit:memoryMapRef spirit:memoryMapRef="ambaAPB"/>
      </spirit:slave>
      <spirit:connection>required</spirit:connection>
      <spirit:signalMap>
        <spirit:signalName>
          <spirit:componentSignalName>paddr</spirit:componentSignalName>
          <spirit:busSignalName>PADDR</spirit:busSignalName>
        </spirit:signalName>
        <spirit:signalName>
          <spirit:componentSignalName>pwdata</spirit:componentSignalName>
          <spirit:busSignalName>PWDATA</spirit:busSignalName>
        </spirit:signalName>
        <spirit:signalName>
          <spirit:componentSignalName>prdata</spirit:componentSignalName>
          <spirit:busSignalName>PRDATA</spirit:busSignalName>
        </spirit:signalName>
        <spirit:signalName>
          <spirit:componentSignalName>pwrite</spirit:componentSignalName>
          <spirit:busSignalName>PWRITE</spirit:busSignalName>
        </spirit:signalName>
        <spirit:signalName>
          <spirit:componentSignalName>psel</spirit:componentSignalName>
          <spirit:busSignalName>PSELx</spirit:busSignalName>
        </spirit:signalName>
        <spirit:signalName>
          <spirit:componentSignalName>penable</spirit:componentSignalName>
          <spirit:busSignalName>PENABLE</spirit:busSignalName>
        </spirit:signalName>
        <spirit:signalName>
          <spirit:componentSignalName>clk</spirit:componentSignalName>
          <spirit:busSignalName>PCLK</spirit:busSignalName>
        </spirit:signalName>
        <spirit:signalName>
          <spirit:componentSignalName>rst</spirit:componentSignalName>
          <spirit:busSignalName>PRESETn</spirit:busSignalName>
        </spirit:signalName>
      </spirit:signalMap>
    </spirit:busInterface>
    <spirit:busInterface>
      <spirit:name>interrupt</spirit:name>
      <spirit:busType spirit:vendor="spiritconsortium.org" spirit:library="busdef.interrupt" spirit:name="interrupt" spirit:version="1.0"/>
      <spirit:master/>
      <spirit:signalMap>
        <spirit:signalName>
          <spirit:componentSignalName>dirq</spirit:componentSignalName>
          <spirit:busSignalName>IRQ</spirit:busSignalName>
        </spirit:signalName>
      </spirit:signalMap>
    </spirit:busInterface>
  </spirit:busInterfaces>
  <spirit:addressSpaces>
    <spirit:addressSpace>
      <spirit:name>main</spirit:name>
      <spirit:range>4G</spirit:range>
      <spirit:width>32</spirit:width>
    </spirit:addressSpace>
  </spirit:addressSpaces>
  <spirit:memoryMaps>
    <spirit:memoryMap>
      <spirit:name>ambaAPB</spirit:name>
      <spirit:addressBlock>
        <spirit:baseAddress>0</spirit:baseAddress>
        <spirit:bitOffset>0</spirit:bitOffset>
        <spirit:range>16</spirit:range>
        <spirit:width spirit:id="width">32</spirit:width>
        <spirit:register>
          <spirit:name>sourceAddress</spirit:name>
          <spirit:addressOffset>0x0</spirit:addressOffset>
          <spirit:size>32</spirit:size>
          <spirit:access>read-write</spirit:access>
        </spirit:register>
        <spirit:register>
          <spirit:name>destinationAddress</spirit:name>
          <spirit:addressOffset>0x4</spirit:addressOffset>
          <spirit:size>32</spirit:size>
          <spirit:access>read-write</spirit:access>
        </spirit:register>
        <spirit:register>
          <spirit:name>control</spirit:name>
          <spirit:addressOffset>0x8</spirit:addressOffset>
          <spirit:size>32</spirit:size>
          <spirit:access>read-write</spirit:access>
          <spirit:field>
            <spirit:name>length</spirit:name>
            <spirit:bitOffset>0</spirit:bitOffset>
            <spirit:bitWidth>8</spirit:bitWidth>
            <spirit:access>read-write</spirit:access>
            <spirit:description>Size of data transfer</spirit:description>
          </spirit:field>
          <spirit:field>
            <spirit:name>sourceIncrement</spirit:name>
            <spirit:bitOffset>8</spirit:bitOffset>
            <spirit:bitWidth>2</spirit:bitWidth>
            <spirit:access>read-write</spirit:access>
            <spirit:description>00=no incrment, 01=Byte, 01=half word, 11=Word incrementing of address</spirit:description>
          </spirit:field>
          <spirit:field>
            <spirit:name>destinationIncrement</spirit:name>
            <spirit:bitOffset>10</spirit:bitOffset>
            <spirit:bitWidth>2</spirit:bitWidth>
            <spirit:access>read-write</spirit:access>
            <spirit:description>00=no incrment, 01=Byte, 01=half word, 11=Word incrementing of address</spirit:description>
          </spirit:field>
          <spirit:field>
            <spirit:name>enable</spirit:name>
            <spirit:bitOffset>12</spirit:bitOffset>
            <spirit:bitWidth>1</spirit:bitWidth>
            <spirit:access>write-only</spirit:access>
            <spirit:description>Enable transfer</spirit:description>
          </spirit:field>
        </spirit:register>
      </spirit:addressBlock>
    </spirit:memoryMap>
  </spirit:memoryMaps>
  <spirit:model>
    <spirit:views>
      <spirit:view>
        <spirit:name>vhdlsource</spirit:name>
        <spirit:envIdentifier>:modelsim.mentor.com:</spirit:envIdentifier>
        <spirit:envIdentifier>:ncsim.cadence.com:</spirit:envIdentifier>
        <spirit:envIdentifier>:vcs.synopsys.com:</spirit:envIdentifier>
        <spirit:envIdentifier>:designcompiler.synopsys.com:</spirit:envIdentifier>
        <spirit:language spirit:strict="true">vhdl</spirit:language>
        <spirit:modelName>leon2Dma(struct)</spirit:modelName>
        <spirit:fileSetRef>fs-vhdlSource</spirit:fileSetRef>
      </spirit:view>
    </spirit:views>
    <spirit:signals>
      <spirit:signal>
        <spirit:name>clk</spirit:name>
        <spirit:direction>in</spirit:direction>
      </spirit:signal>
      <spirit:signal>
        <spirit:name>rst</spirit:name>
        <spirit:direction>in</spirit:direction>
      </spirit:signal>
      <spirit:signal>
        <spirit:name>hready</spirit:name>
        <spirit:direction>in</spirit:direction>
      </spirit:signal>
      <spirit:signal>
        <spirit:name>hrdata</spirit:name>
        <spirit:direction>in</spirit:direction>
        <spirit:left>31</spirit:left>
        <spirit:right>0</spirit:right>
      </spirit:signal>
      <spirit:signal>
        <spirit:name>hresp</spirit:name>
        <spirit:direction>in</spirit:direction>
        <spirit:left>1</spirit:left>
        <spirit:right>0</spirit:right>
      </spirit:signal>
      <spirit:signal>
        <spirit:name>hgrant</spirit:name>
        <spirit:direction>in</spirit:direction>
      </spirit:signal>
      <spirit:signal>
        <spirit:name>haddr</spirit:name>
        <spirit:direction>out</spirit:direction>
        <spirit:left>31</spirit:left>
        <spirit:right>0</spirit:right>
      </spirit:signal>
      <spirit:signal>
        <spirit:name>htrans</spirit:name>
        <spirit:direction>out</spirit:direction>
        <spirit:left>1</spirit:left>
        <spirit:right>0</spirit:right>
      </spirit:signal>
      <spirit:signal>
        <spirit:name>hwrite</spirit:name>
        <spirit:direction>out</spirit:direction>
      </spirit:signal>
      <spirit:signal>
        <spirit:name>hsize</spirit:name>
        <spirit:direction>out</spirit:direction>
        <spirit:left>2</spirit:left>
        <spirit:right>0</spirit:right>
      </spirit:signal>
      <spirit:signal>
        <spirit:name>hburst</spirit:name>
        <spirit:direction>out</spirit:direction>
        <spirit:left>2</spirit:left>
        <spirit:right>0</spirit:right>
      </spirit:signal>
      <spirit:signal>
        <spirit:name>hprot</spirit:name>
        <spirit:direction>out</spirit:direction>
        <spirit:left>3</spirit:left>
        <spirit:right>0</spirit:right>
      </spirit:signal>
      <spirit:signal>
        <spirit:name>hwdata</spirit:name>
        <spirit:direction>out</spirit:direction>
        <spirit:left>31</spirit:left>
        <spirit:right>0</spirit:right>
      </spirit:signal>
      <spirit:signal>
        <spirit:name>hbusreq</spirit:name>
        <spirit:direction>out</spirit:direction>
      </spirit:signal>
      <spirit:signal>
        <spirit:name>hlock</spirit:name>
        <spirit:direction>out</spirit:direction>
      </spirit:signal>
      <spirit:signal>
        <spirit:name>psel</spirit:name>
        <spirit:direction>in</spirit:direction>
      </spirit:signal>
      <spirit:signal>
        <spirit:name>penable</spirit:name>
        <spirit:direction>in</spirit:direction>
      </spirit:signal>
      <spirit:signal>
        <spirit:name>paddr</spirit:name>
        <spirit:direction>in</spirit:direction>
        <spirit:left>31</spirit:left>
        <spirit:right>0</spirit:right>
      </spirit:signal>
      <spirit:signal>
        <spirit:name>pwrite</spirit:name>
        <spirit:direction>in</spirit:direction>
      </spirit:signal>
      <spirit:signal>
        <spirit:name>pwdata</spirit:name>
        <spirit:direction>in</spirit:direction>
        <spirit:left>31</spirit:left>
        <spirit:right>0</spirit:right>
      </spirit:signal>
      <spirit:signal>
        <spirit:name>prdata</spirit:name>
        <spirit:direction>out</spirit:direction>
        <spirit:left>31</spirit:left>
        <spirit:right>0</spirit:right>
      </spirit:signal>
      <spirit:signal>
        <spirit:name>dirq</spirit:name>
        <spirit:direction>out</spirit:direction>
      </spirit:signal>
    </spirit:signals>
  </spirit:model>
  <spirit:fileSets>
    <spirit:fileSet spirit:fileSetId="fs-vhdlSource">
      <spirit:file>
        <spirit:name>../../common/target.vhd</spirit:name>
        <spirit:fileType>vhdlSource</spirit:fileType>
        <spirit:logicalName>leon2dma_lib</spirit:logicalName>
      </spirit:file>
      <spirit:file>
        <spirit:name>../../common/device.vhd</spirit:name>
        <spirit:fileType>vhdlSource</spirit:fileType>
        <spirit:logicalName>leon2dma_lib</spirit:logicalName>
      </spirit:file>
      <spirit:file>
        <spirit:name>../../common/config.vhd</spirit:name>
        <spirit:fileType>vhdlSource</spirit:fileType>
        <spirit:logicalName>leon2dma_lib</spirit:logicalName>
      </spirit:file>
      <spirit:file>
        <spirit:name>../../common/sparcv8.vhd</spirit:name>
        <spirit:fileType>vhdlSource</spirit:fileType>
        <spirit:logicalName>leon2dma_lib</spirit:logicalName>
      </spirit:file>
      <spirit:file>
        <spirit:name>../../common/iface.vhd</spirit:name>
        <spirit:fileType>vhdlSource</spirit:fileType>
        <spirit:logicalName>leon2dma_lib</spirit:logicalName>
      </spirit:file>
      <spirit:file>
        <spirit:name>../../common/amba.vhd</spirit:name>
        <spirit:fileType>vhdlSource</spirit:fileType>
        <spirit:logicalName>leon2dma_lib</spirit:logicalName>
      </spirit:file>
      <spirit:file>
        <spirit:name>../../common/ambacomp.vhd</spirit:name>
        <spirit:fileType>vhdlSource</spirit:fileType>
        <spirit:logicalName>leon2dma_lib</spirit:logicalName>
      </spirit:file>
      <spirit:file>
        <spirit:name>../../common/macro.vhd</spirit:name>
        <spirit:fileType>vhdlSource</spirit:fileType>
        <spirit:logicalName>leon2dma_lib</spirit:logicalName>
      </spirit:file>
      <spirit:file>
        <spirit:name>../../common/tech_generic.vhd</spirit:name>
        <spirit:fileType>vhdlSource</spirit:fileType>
        <spirit:logicalName>leon2dma_lib</spirit:logicalName>
      </spirit:file>
      <spirit:file>
        <spirit:name>../../common/tech_atc25.vhd</spirit:name>
        <spirit:fileType>vhdlSource</spirit:fileType>
        <spirit:logicalName>leon2dma_lib</spirit:logicalName>
      </spirit:file>
      <spirit:file>
        <spirit:name>../../common/tech_atc35.vhd</spirit:name>
        <spirit:fileType>vhdlSource</spirit:fileType>
        <spirit:logicalName>leon2dma_lib</spirit:logicalName>
      </spirit:file>
      <spirit:file>
        <spirit:name>../../common/tech_fs90.vhd</spirit:name>
        <spirit:fileType>vhdlSource</spirit:fileType>
        <spirit:logicalName>leon2dma_lib</spirit:logicalName>
      </spirit:file>
      <spirit:file>
        <spirit:name>../../common/tech_umc18.vhd</spirit:name>
        <spirit:fileType>vhdlSource</spirit:fileType>
        <spirit:logicalName>leon2dma_lib</spirit:logicalName>
      </spirit:file>
      <spirit:file>
        <spirit:name>../../common/tech_virtex.vhd</spirit:name>
        <spirit:fileType>vhdlSource</spirit:fileType>
        <spirit:logicalName>leon2dma_lib</spirit:logicalName>
      </spirit:file>
      <spirit:file>
        <spirit:name>../../common/tech_tsmc25.vhd</spirit:name>
        <spirit:fileType>vhdlSource</spirit:fileType>
        <spirit:logicalName>leon2dma_lib</spirit:logicalName>
      </spirit:file>
      <spirit:file>
        <spirit:name>../../common/tech_proasic.vhd</spirit:name>
        <spirit:fileType>vhdlSource</spirit:fileType>
        <spirit:logicalName>leon2dma_lib</spirit:logicalName>
      </spirit:file>
      <spirit:file>
        <spirit:name>../../common/tech_axcel.vhd</spirit:name>
        <spirit:fileType>vhdlSource</spirit:fileType>
        <spirit:logicalName>leon2dma_lib</spirit:logicalName>
      </spirit:file>
      <spirit:file>
        <spirit:name>../../common/multlib.vhd</spirit:name>
        <spirit:fileType>vhdlSource</spirit:fileType>
        <spirit:logicalName>leon2dma_lib</spirit:logicalName>
      </spirit:file>
      <spirit:file>
        <spirit:name>../../common/tech_map.vhd</spirit:name>
        <spirit:fileType>vhdlSource</spirit:fileType>
        <spirit:logicalName>leon2dma_lib</spirit:logicalName>
      </spirit:file>
      <spirit:file>
        <spirit:name>hdlsrc/ahbmst.vhd</spirit:name>
        <spirit:fileType>vhdlSource</spirit:fileType>
        <spirit:logicalName>leon2dma_lib</spirit:logicalName>
      </spirit:file>
      <spirit:file>
        <spirit:name>hdlsrc/dma.vhd</spirit:name>
        <spirit:fileType>vhdlSource</spirit:fileType>
        <spirit:logicalName>leon2dma_lib</spirit:logicalName>
      </spirit:file>
      <spirit:file>
        <spirit:name>hdlsrc/leon2Dma.vhd</spirit:name>
        <spirit:fileType>vhdlSource</spirit:fileType>
        <spirit:logicalName>leon2dma_lib</spirit:logicalName>
      </spirit:file>
    </spirit:fileSet>
  </spirit:fileSets>
</spirit:component>
