<?xml version="1.0"?>
<spirit:design xmlns:spirit="http://www.spiritconsortium.org/XMLSchema/SPIRIT/1.2" xmlns:xsi="http://www.w3.org/2001/XMLSchema-instance" xsi:schemaLocation="http://www.spiritconsortium.org/XMLSchema/SPIRIT/1.2 http://www.spiritconsortium.org/XMLSchema/SPIRIT/1.2/design.xsd">
  <spirit:vendor>spiritconsortium.org</spirit:vendor>
  <spirit:library>Leon2</spirit:library>
  <spirit:name>design_Leon2Platform</spirit:name>
  <spirit:version>1.0</spirit:version>
  <spirit:componentInstances>
    <spirit:componentInstance>
      <spirit:instanceName>uahbbus</spirit:instanceName>
      <spirit:componentRef spirit:vendor="spiritconsortium.org" spirit:library="Leon2" spirit:name="ahbbus22" spirit:version="1.2"/>
      <spirit:configuration>
        <spirit:configurableElement spirit:referenceId="defmast">
          <spirit:configurableElementValue>0</spirit:configurableElementValue>
        </spirit:configurableElement>
        <spirit:configurableElement spirit:referenceId="range_slv0_mirror">
          <spirit:configurableElementValue>0x00040000</spirit:configurableElementValue>
        </spirit:configurableElement>
        <spirit:configurableElement spirit:referenceId="range_slv1_mirror">
          <spirit:configurableElementValue>0x00009000</spirit:configurableElementValue>
        </spirit:configurableElement>
        <spirit:configurableElement spirit:referenceId="split_slv0">
          <spirit:configurableElementValue>false</spirit:configurableElementValue>
        </spirit:configurableElement>
        <spirit:configurableElement spirit:referenceId="split_slv1">
          <spirit:configurableElementValue>false</spirit:configurableElementValue>
        </spirit:configurableElement>
        <spirit:configurableElement spirit:referenceId="start_addr_slv0_mirror">
          <spirit:configurableElementValue>0x0</spirit:configurableElementValue>
        </spirit:configurableElement>
        <spirit:configurableElement spirit:referenceId="start_addr_slv1_mirror">
          <spirit:configurableElementValue>0x30000000</spirit:configurableElementValue>
        </spirit:configurableElement>
      </spirit:configuration>
    </spirit:componentInstance>
    <spirit:componentInstance>
      <spirit:instanceName>uahbram</spirit:instanceName>
      <spirit:componentRef spirit:vendor="spiritconsortium.org" spirit:library="Leon2" spirit:name="ahbram" spirit:version="1.2"/>
      <spirit:configuration>
        <spirit:configurableElement spirit:referenceId="addressBusSize">
          <spirit:configurableElementValue>16</spirit:configurableElementValue>
        </spirit:configurableElement>
      </spirit:configuration>
    </spirit:componentInstance>
    <spirit:componentInstance>
      <spirit:instanceName>uapbSubSystem</spirit:instanceName>
      <spirit:componentRef spirit:vendor="spiritconsortium.org" spirit:library="Leon2" spirit:name="apbSubSystem" spirit:version="1.0"/>
    </spirit:componentInstance>
    <spirit:componentInstance>
      <spirit:instanceName>ucgu</spirit:instanceName>
      <spirit:componentRef spirit:vendor="spiritconsortium.org" spirit:library="Leon2" spirit:name="cgu" spirit:version="1.2"/>
      <spirit:configuration>
        <spirit:configurableElement spirit:referenceId="ClockPeriod">
          <spirit:configurableElementValue>100</spirit:configurableElementValue>
        </spirit:configurableElement>
        <spirit:configurableElement spirit:referenceId="ClockPulseDuration">
          <spirit:configurableElementValue>50</spirit:configurableElementValue>
        </spirit:configurableElement>
        <spirit:configurableElement spirit:referenceId="ClockPulseOffset">
          <spirit:configurableElementValue>50</spirit:configurableElementValue>
        </spirit:configurableElement>
        <spirit:configurableElement spirit:referenceId="ClockPulseValue">
          <spirit:configurableElementValue>1</spirit:configurableElementValue>
        </spirit:configurableElement>
      </spirit:configuration>
    </spirit:componentInstance>
    <spirit:componentInstance>
      <spirit:instanceName>udma</spirit:instanceName>
      <spirit:componentRef spirit:vendor="spiritconsortium.org" spirit:library="Leon2" spirit:name="dma" spirit:version="1.2"/>
    </spirit:componentInstance>
    <spirit:componentInstance>
      <spirit:instanceName>uproc</spirit:instanceName>
      <spirit:componentRef spirit:vendor="spiritconsortium.org" spirit:library="Leon2" spirit:name="processor" spirit:version="1.2"/>
    </spirit:componentInstance>
    <spirit:componentInstance>
      <spirit:instanceName>urgu</spirit:instanceName>
      <spirit:componentRef spirit:vendor="spiritconsortium.org" spirit:library="Leon2" spirit:name="rgu" spirit:version="1.2"/>
      <spirit:configuration>
        <spirit:configurableElement spirit:referenceId="ClockPeriod">
          <spirit:configurableElementValue>100</spirit:configurableElementValue>
        </spirit:configurableElement>
        <spirit:configurableElement spirit:referenceId="ClockPulseDuration">
          <spirit:configurableElementValue>50</spirit:configurableElementValue>
        </spirit:configurableElement>
        <spirit:configurableElement spirit:referenceId="ClockPulseOffset">
          <spirit:configurableElementValue>50</spirit:configurableElementValue>
        </spirit:configurableElement>
        <spirit:configurableElement spirit:referenceId="ClockPulseValue">
          <spirit:configurableElementValue>1</spirit:configurableElementValue>
        </spirit:configurableElement>
      </spirit:configuration>
    </spirit:componentInstance>
  </spirit:componentInstances>
  <spirit:interconnections>
    <spirit:interconnection>
      <spirit:activeInterface spirit:componentRef="uproc" spirit:busRef="AHBmaster"/>
      <spirit:activeInterface spirit:componentRef="uahbbus" spirit:busRef="MirroredMaster0"/>
    </spirit:interconnection>
    <spirit:interconnection>
      <spirit:activeInterface spirit:componentRef="udma" spirit:busRef="ambaAHB"/>
      <spirit:activeInterface spirit:componentRef="uahbbus" spirit:busRef="MirroredMaster1"/>
    </spirit:interconnection>
    <spirit:interconnection>
      <spirit:activeInterface spirit:componentRef="uahbram" spirit:busRef="AHBSlave"/>
      <spirit:activeInterface spirit:componentRef="uahbbus" spirit:busRef="MirroredSlave0"/>
    </spirit:interconnection>
    <spirit:interconnection>
      <spirit:activeInterface spirit:componentRef="uapbSubSystem" spirit:busRef="ex_ambaAHB"/>
      <spirit:activeInterface spirit:componentRef="uahbbus" spirit:busRef="MirroredSlave1"/>
    </spirit:interconnection>
    <spirit:interconnection>
      <spirit:activeInterface spirit:componentRef="uproc" spirit:busRef="SlaveIntController"/>
      <spirit:activeInterface spirit:componentRef="uapbSubSystem" spirit:busRef="Interrupt"/>
    </spirit:interconnection>
    <spirit:interconnection>
      <spirit:activeInterface spirit:componentRef="ucgu" spirit:busRef="ambaAPB"/>
      <spirit:activeInterface spirit:componentRef="uapbSubSystem" spirit:busRef="i_apbbus_slv4"/>
    </spirit:interconnection>
    <spirit:interconnection>
      <spirit:activeInterface spirit:componentRef="urgu" spirit:busRef="ambaAPB"/>
      <spirit:activeInterface spirit:componentRef="uapbSubSystem" spirit:busRef="i_apbbus_slv5"/>
    </spirit:interconnection>
    <spirit:interconnection>
      <spirit:activeInterface spirit:componentRef="uproc" spirit:busRef="APBslave"/>
      <spirit:activeInterface spirit:componentRef="uapbSubSystem" spirit:busRef="i_apbbus_slv6"/>
    </spirit:interconnection>
    <spirit:interconnection>
      <spirit:activeInterface spirit:componentRef="udma" spirit:busRef="ambaAPB"/>
      <spirit:activeInterface spirit:componentRef="uapbSubSystem" spirit:busRef="i_apbbus_slv7"/>
    </spirit:interconnection>
    <spirit:interconnection>
      <spirit:activeInterface spirit:componentRef="uapbSubSystem" spirit:busRef="AHBClk"/>
      <spirit:activeInterface spirit:componentRef="ucgu" spirit:busRef="clock0_2"/>
    </spirit:interconnection>
    <spirit:interconnection>
      <spirit:activeInterface spirit:componentRef="uproc" spirit:busRef="AHBClk"/>
      <spirit:activeInterface spirit:componentRef="ucgu" spirit:busRef="clock0_3"/>
    </spirit:interconnection>
    <spirit:interconnection>
      <spirit:activeInterface spirit:componentRef="uapbSubSystem" spirit:busRef="APBClk_0"/>
      <spirit:activeInterface spirit:componentRef="ucgu" spirit:busRef="clock0_0"/>
    </spirit:interconnection>
    <spirit:interconnection>
      <spirit:activeInterface spirit:componentRef="uproc" spirit:busRef="APBClk"/>
      <spirit:activeInterface spirit:componentRef="ucgu" spirit:busRef="clock0_1"/>
    </spirit:interconnection>
    <spirit:interconnection>
      <spirit:activeInterface spirit:componentRef="uapbSubSystem" spirit:busRef="AHBReset"/>
      <spirit:activeInterface spirit:componentRef="urgu" spirit:busRef="reset0_2"/>
    </spirit:interconnection>
    <spirit:interconnection>
      <spirit:activeInterface spirit:componentRef="uproc" spirit:busRef="AHBReset"/>
      <spirit:activeInterface spirit:componentRef="urgu" spirit:busRef="reset0_3"/>
    </spirit:interconnection>
    <spirit:interconnection>
      <spirit:activeInterface spirit:componentRef="uapbSubSystem" spirit:busRef="APBReset_0"/>
      <spirit:activeInterface spirit:componentRef="urgu" spirit:busRef="reset0_0"/>
    </spirit:interconnection>
    <spirit:interconnection>
      <spirit:activeInterface spirit:componentRef="uproc" spirit:busRef="APBReset"/>
      <spirit:activeInterface spirit:componentRef="urgu" spirit:busRef="reset0_1"/>
    </spirit:interconnection>
  </spirit:interconnections>
  <spirit:adHocConnections>
    <spirit:adHocConnection spirit:name="clkin">
      <spirit:export spirit:id="clkin">true</spirit:export>
      <spirit:pinReference spirit:componentRef="urgu" spirit:signalRef="ipclk"/>
      <spirit:pinReference spirit:componentRef="ucgu" spirit:signalRef="clkin"/>
    </spirit:adHocConnection>
    <spirit:adHocConnection spirit:name="rstin_an">
      <spirit:export spirit:id="rstin_an">true</spirit:export>
      <spirit:pinReference spirit:componentRef="urgu" spirit:signalRef="rstin_an"/>
    </spirit:adHocConnection>
    <spirit:adHocConnection spirit:name="SimDone">
      <spirit:export spirit:id="SimDone">true</spirit:export>
      <spirit:pinReference spirit:componentRef="uproc" spirit:signalRef="SimDone"/>
    </spirit:adHocConnection>
    <spirit:adHocConnection>
      <spirit:pinReference spirit:componentRef="uproc" spirit:signalRef="clk"/>
      <spirit:pinReference spirit:componentRef="ucgu" spirit:signalRef="clkout" spirit:left="2" spirit:right="2"/>
    </spirit:adHocConnection>
    <spirit:adHocConnection>
      <spirit:pinReference spirit:componentRef="ucgu" spirit:signalRef="clkout" spirit:left="0" spirit:right="0"/>
      <spirit:pinReference spirit:componentRef="uahbram" spirit:signalRef="clk"/>
      <spirit:pinReference spirit:componentRef="uahbbus" spirit:signalRef="clk"/>
      <spirit:pinReference spirit:componentRef="ucgu" spirit:signalRef="pclk"/>
      <spirit:pinReference spirit:componentRef="udma" spirit:signalRef="pclk"/>
      <spirit:pinReference spirit:componentRef="urgu" spirit:signalRef="pclk"/>
    </spirit:adHocConnection>
    <spirit:adHocConnection>
      <spirit:pinReference spirit:componentRef="urgu" spirit:signalRef="rstout_an" spirit:left="0" spirit:right="0"/>
      <spirit:pinReference spirit:componentRef="uahbbus" spirit:signalRef="rst"/>
      <spirit:pinReference spirit:componentRef="uahbram" spirit:signalRef="rst"/>
      <spirit:pinReference spirit:componentRef="ucgu" spirit:signalRef="presetn"/>
      <spirit:pinReference spirit:componentRef="udma" spirit:signalRef="rst"/>
      <spirit:pinReference spirit:componentRef="urgu" spirit:signalRef="presetn"/>
    </spirit:adHocConnection>
    <spirit:adHocConnection>
      <spirit:pinReference spirit:componentRef="uproc" spirit:signalRef="rst_an"/>
      <spirit:pinReference spirit:componentRef="urgu" spirit:signalRef="rstout_an" spirit:left="1" spirit:right="1"/>
    </spirit:adHocConnection>
    <spirit:adHocConnection spirit:name="**logic_zero**">
      <spirit:export spirit:id="logic_zero">true</spirit:export>
      <spirit:pinReference spirit:componentRef="uahbbus" spirit:signalRef="hlock_mst0"/>
      <spirit:pinReference spirit:componentRef="uahbbus" spirit:signalRef="hsplit_slv1" spirit:left="15" spirit:right="15"/>
      <spirit:pinReference spirit:componentRef="uahbbus" spirit:signalRef="hsplit_slv1" spirit:left="14" spirit:right="14"/>
      <spirit:pinReference spirit:componentRef="uahbbus" spirit:signalRef="hsplit_slv1" spirit:left="13" spirit:right="13"/>
      <spirit:pinReference spirit:componentRef="uahbbus" spirit:signalRef="hsplit_slv1" spirit:left="12" spirit:right="12"/>
      <spirit:pinReference spirit:componentRef="uahbbus" spirit:signalRef="hsplit_slv1" spirit:left="11" spirit:right="11"/>
      <spirit:pinReference spirit:componentRef="uahbbus" spirit:signalRef="hsplit_slv1" spirit:left="10" spirit:right="10"/>
      <spirit:pinReference spirit:componentRef="uahbbus" spirit:signalRef="hsplit_slv1" spirit:left="9" spirit:right="9"/>
      <spirit:pinReference spirit:componentRef="uahbbus" spirit:signalRef="hsplit_slv1" spirit:left="8" spirit:right="8"/>
      <spirit:pinReference spirit:componentRef="uahbbus" spirit:signalRef="hsplit_slv1" spirit:left="7" spirit:right="7"/>
      <spirit:pinReference spirit:componentRef="uahbbus" spirit:signalRef="hsplit_slv1" spirit:left="6" spirit:right="6"/>
      <spirit:pinReference spirit:componentRef="uahbbus" spirit:signalRef="hsplit_slv1" spirit:left="5" spirit:right="5"/>
      <spirit:pinReference spirit:componentRef="uahbbus" spirit:signalRef="hsplit_slv1" spirit:left="4" spirit:right="4"/>
      <spirit:pinReference spirit:componentRef="uahbbus" spirit:signalRef="hsplit_slv1" spirit:left="3" spirit:right="3"/>
      <spirit:pinReference spirit:componentRef="uahbbus" spirit:signalRef="hsplit_slv1" spirit:left="2" spirit:right="2"/>
      <spirit:pinReference spirit:componentRef="uahbbus" spirit:signalRef="hsplit_slv1" spirit:left="1" spirit:right="1"/>
      <spirit:pinReference spirit:componentRef="uahbbus" spirit:signalRef="hsplit_slv1" spirit:left="0" spirit:right="0"/>
      <spirit:pinReference spirit:componentRef="uproc" spirit:signalRef="clkn"/>
      <spirit:pinReference spirit:componentRef="uahbram" spirit:signalRef="hmaster_s" spirit:left="3" spirit:right="3"/>
      <spirit:pinReference spirit:componentRef="uahbram" spirit:signalRef="hmaster_s" spirit:left="2" spirit:right="2"/>
      <spirit:pinReference spirit:componentRef="uahbram" spirit:signalRef="hmaster_s" spirit:left="1" spirit:right="1"/>
      <spirit:pinReference spirit:componentRef="uahbram" spirit:signalRef="hmaster_s" spirit:left="0" spirit:right="0"/>
    </spirit:adHocConnection>
  </spirit:adHocConnections>
</spirit:design>
