<?xml version="1.0"?>
<spirit:component xmlns:spirit="http://www.spiritconsortium.org/XMLSchema/SPIRIT/1.2" xmlns:xsi="http://www.w3.org/2001/XMLSchema-instance" xsi:schemaLocation="http://www.spiritconsortium.org/XMLSchema/SPIRIT/1.2 http://www.spiritconsortium.org/XMLSchema/SPIRIT/1.2/component.xsd">
  <spirit:vendor>spiritconsortium.org</spirit:vendor>
  <spirit:library>Leon2</spirit:library>
  <spirit:name>Leon2Platform</spirit:name>
  <spirit:version>1.0</spirit:version>
  <spirit:model>
    <spirit:views>
      <spirit:view>
        <spirit:name>spirit-design</spirit:name>
        <spirit:envIdentifier>::Hierarchy</spirit:envIdentifier>
        <spirit:hierarchyRef spirit:vendor="spiritconsortium.org" spirit:library="Leon2" spirit:name="design_Leon2Platform" spirit:version="1.0"/>
      </spirit:view>
      <!-- Not a valid view, the fileSet is not complete.
      <spirit:view>
        <spirit:name>RTL</spirit:name>
        <spirit:envIdentifier>:*Synthesis:</spirit:envIdentifier>
        <spirit:language spirit:strict="true">vhdl</spirit:language>
        <spirit:modelName>Leon2Platform(structure)</spirit:modelName>
        <spirit:fileSetRef>source-code</spirit:fileSetRef>
      </spirit:view>
      -->
    </spirit:views>
    <spirit:signals>
      <spirit:signal>
        <spirit:name>clkin</spirit:name>
        <spirit:direction>in</spirit:direction>
        <spirit:clockDriver spirit:clockName="clk">
          <spirit:clockPeriod>100</spirit:clockPeriod>
          <spirit:clockPulseOffset>50</spirit:clockPulseOffset>
          <spirit:clockPulseValue>1</spirit:clockPulseValue>
          <spirit:clockPulseDuration>50</spirit:clockPulseDuration>
        </spirit:clockDriver>
        <spirit:export>false</spirit:export>
      </spirit:signal>
      <spirit:signal>
        <spirit:name>rstin_an</spirit:name>
        <spirit:direction>in</spirit:direction>
        <spirit:singleShotDriver>
          <spirit:singleShotOffset>500</spirit:singleShotOffset>
          <spirit:singleShotValue>1</spirit:singleShotValue>
          <spirit:singleShotDuration>1000</spirit:singleShotDuration>
        </spirit:singleShotDriver>
        <spirit:export>false</spirit:export>
      </spirit:signal>
      <spirit:signal>
        <spirit:name>SimDone</spirit:name>
        <spirit:direction>out</spirit:direction>
        <spirit:export>false</spirit:export>
      </spirit:signal>
    </spirit:signals>
  </spirit:model>
  <spirit:fileSets>
    <spirit:fileSet spirit:fileSetId="source-code">
      <spirit:file>
        <spirit:name>hdlsrc/Leon2Platform_ent.vhd</spirit:name>
        <spirit:fileType>vhdlSource</spirit:fileType>
        <spirit:logicalName>work</spirit:logicalName>
      </spirit:file>
      <spirit:file>
        <spirit:name>hdlsrc/Leon2Platform_pack.vhd</spirit:name>
        <spirit:fileType>vhdlSource</spirit:fileType>
        <spirit:logicalName>work</spirit:logicalName>
      </spirit:file>
      <spirit:file>
        <spirit:name>hdlsrc/Leon2Platform_arch.vhd</spirit:name>
        <spirit:fileType>vhdlSource</spirit:fileType>
        <spirit:logicalName>work</spirit:logicalName>
      </spirit:file>
    </spirit:fileSet>
  </spirit:fileSets>
</spirit:component>
