<?xml version="1.0" encoding="UTF-8"?>
<!-- 
// Description : pipe.xml
// Author : SPIRIT Schema Working Group
// Version: 1.0
// 
// Revision:    $Revision:$
// Date:        $Date:$
// 
// Copyright (c) 2007, 2008 The SPIRIT Consortium.
// 
// This work forms part of a deliverable of The SPIRIT Consortium.
// 
// Use of these materials are governed by the legal terms and conditions
// outlined in the disclaimer available from www.spiritconsortium.org.
// 
// This source file is provided on an AS IS basis.  The SPIRIT
// Consortium disclaims any warranty express or implied including
// any warranty of merchantability and fitness for use for a
// particular purpose.
// 
// The user of the source file shall indemnify and hold The SPIRIT
// Consortium and its members harmless from any damages or liability.
// 

-->
<spirit:abstractionDefinition xmlns:spirit="http://www.spiritconsortium.org/XMLSchema/SPIRIT/1.4" xmlns:xsi="http://www.w3.org/2001/XMLSchema-instance" xsi:schemaLocation="http://www.spiritconsortium.org/XMLSchema/SPIRIT/1.4                 http://www.spiritconsortium.org/XMLSchema/SPIRIT/1.4/index.xsd">
	<spirit:vendor>spiritconsortium.org</spirit:vendor>
	<spirit:library>busdef.pcisig</spirit:library>
	<spirit:name>pipe_rtl</spirit:name>
	<spirit:version>1.0</spirit:version>
	<spirit:busType spirit:vendor="spiritconsortium.org" spirit:library="busdef.pcisig" spirit:name="pipe" spirit:version="1.0"/>
	<spirit:ports>
		<spirit:port>
			<spirit:logicalName>TxData</spirit:logicalName>
			<spirit:wire>
				<spirit:onMaster>
					<spirit:direction>out</spirit:direction>
					<spirit:modeConstraints/>
				</spirit:onMaster>
				<spirit:onSlave>
					<spirit:direction>in</spirit:direction>
					<spirit:modeConstraints/>
				</spirit:onSlave>
			</spirit:wire>
		</spirit:port>
		<spirit:port>
			<spirit:logicalName>TxDataK</spirit:logicalName>
			<spirit:wire>
				<spirit:onMaster>
					<spirit:direction>out</spirit:direction>
					<spirit:modeConstraints/>
				</spirit:onMaster>
				<spirit:onSlave>
					<spirit:direction>in</spirit:direction>
					<spirit:modeConstraints/>
				</spirit:onSlave>
			</spirit:wire>
		</spirit:port>
		<!-- spirit:signal>
			<spirit:logicalName>TxParity</spirit:logicalName>
			<spirit:onMaster>
				<spirit:direction>out</spirit:direction>
			</spirit:onMaster>
			<spirit:onSlave>
				<spirit:direction>in</spirit:direction>
			</spirit:onSlave>
		</spirit:signal-->
		<spirit:port>
			<spirit:logicalName>TxDetectRx_Loopback</spirit:logicalName>
			<spirit:wire>
				<spirit:onMaster>
					<spirit:direction>out</spirit:direction>
					<spirit:modeConstraints/>
				</spirit:onMaster>
				<spirit:onSlave>
					<spirit:direction>in</spirit:direction>
					<spirit:modeConstraints/>
				</spirit:onSlave>
			</spirit:wire>
		</spirit:port>
		<!-- spirit:signal>
			<spirit:logicalName>TxParityErr</spirit:logicalName>
			<spirit:onMaster>
				<spirit:direction>in</spirit:direction>
			</spirit:onMaster>
			<spirit:onSlave>
				<spirit:direction>out</spirit:direction>
			</spirit:onSlave>
		</spirit:signal -->
		<spirit:port>
			<spirit:logicalName>TxElecIdle</spirit:logicalName>
			<spirit:wire>
				<spirit:onMaster>
					<spirit:direction>out</spirit:direction>
					<spirit:modeConstraints/>
				</spirit:onMaster>
				<spirit:onSlave>
					<spirit:direction>in</spirit:direction>
					<spirit:modeConstraints/>
				</spirit:onSlave>
			</spirit:wire>
		</spirit:port>
		<spirit:port>
			<spirit:logicalName>TxCompliance</spirit:logicalName>
			<spirit:wire>
				<spirit:onMaster>
					<spirit:direction>out</spirit:direction>
					<spirit:modeConstraints/>
				</spirit:onMaster>
				<spirit:onSlave>
					<spirit:direction>in</spirit:direction>
					<spirit:modeConstraints/>
				</spirit:onSlave>
			</spirit:wire>
		</spirit:port>
		<spirit:port>
			<spirit:logicalName>RxPolarity</spirit:logicalName>
			<spirit:wire>
				<spirit:onMaster>
					<spirit:direction>out</spirit:direction>
					<spirit:modeConstraints/>
				</spirit:onMaster>
				<spirit:onSlave>
					<spirit:direction>in</spirit:direction>
					<spirit:modeConstraints/>
				</spirit:onSlave>
			</spirit:wire>
		</spirit:port>
		<spirit:port>
			<spirit:logicalName>PowerDown</spirit:logicalName>
			<spirit:wire>
				<spirit:onMaster>
					<spirit:direction>out</spirit:direction>
					<spirit:modeConstraints/>
				</spirit:onMaster>
				<spirit:onSlave>
					<spirit:direction>in</spirit:direction>
					<spirit:modeConstraints/>
				</spirit:onSlave>
			</spirit:wire>
		</spirit:port>
		<spirit:port>
			<spirit:logicalName>RxData</spirit:logicalName>
			<spirit:wire>
				<spirit:onMaster>
					<spirit:direction>in</spirit:direction>
					<spirit:modeConstraints/>
				</spirit:onMaster>
				<spirit:onSlave>
					<spirit:direction>out</spirit:direction>
					<spirit:modeConstraints/>
				</spirit:onSlave>
			</spirit:wire>
		</spirit:port>
		<spirit:port>
			<spirit:logicalName>RxDataK</spirit:logicalName>
			<spirit:wire>
				<spirit:onMaster>
					<spirit:direction>in</spirit:direction>
					<spirit:modeConstraints/>
				</spirit:onMaster>
				<spirit:onSlave>
					<spirit:direction>out</spirit:direction>
					<spirit:modeConstraints/>
				</spirit:onSlave>
			</spirit:wire>
		</spirit:port>
		<!-- spirit:signal>
			<spirit:logicalName>RxParity</spirit:logicalName>
			<spirit:onMaster>
				<spirit:direction>in</spirit:direction>
			</spirit:onMaster>
			<spirit:onSlave>
				<spirit:direction>out</spirit:direction>
			</spirit:onSlave>
		</spirit:signal -->
		<spirit:port>
			<spirit:logicalName>RxValid</spirit:logicalName>
			<spirit:wire>
				<spirit:onMaster>
					<spirit:direction>in</spirit:direction>
					<spirit:modeConstraints/>
				</spirit:onMaster>
				<spirit:onSlave>
					<spirit:direction>out</spirit:direction>
					<spirit:modeConstraints/>
				</spirit:onSlave>
			</spirit:wire>
		</spirit:port>
		<spirit:port>
			<spirit:logicalName>PhyStatus</spirit:logicalName>
			<spirit:wire>
				<spirit:onMaster>
					<spirit:direction>in</spirit:direction>
					<spirit:modeConstraints/>
				</spirit:onMaster>
				<spirit:onSlave>
					<spirit:direction>out</spirit:direction>
					<spirit:modeConstraints/>
				</spirit:onSlave>
			</spirit:wire>
		</spirit:port>
		<spirit:port>
			<spirit:logicalName>RxElecIdle</spirit:logicalName>
			<spirit:wire>
				<spirit:onMaster>
					<spirit:direction>in</spirit:direction>
					<spirit:modeConstraints/>
				</spirit:onMaster>
				<spirit:onSlave>
					<spirit:direction>out</spirit:direction>
					<spirit:modeConstraints/>
				</spirit:onSlave>
			</spirit:wire>
		</spirit:port>
		<spirit:port>
			<spirit:logicalName>RxStatus</spirit:logicalName>
			<spirit:wire>
				<spirit:onMaster>
					<spirit:direction>in</spirit:direction>
					<spirit:modeConstraints/>
				</spirit:onMaster>
				<spirit:onSlave>
					<spirit:direction>out</spirit:direction>
					<spirit:modeConstraints/>
				</spirit:onSlave>
			</spirit:wire>
		</spirit:port>
	</spirit:ports>
</spirit:abstractionDefinition>
