<?xml version="1.0"?>
<!-- edited with XMLSPY v2004 rel. 2 U (http://www.xmlspy.com) by Christophe Amerijckx (STMicroelectronics) -->
<!--
// Description : timers.xml
// Author : SPIRIT Schema Working Group - Christophe Amerijckx
// Version: 1.2
//
// Copyright (c) 2006 SPIRIT.  All rights reserved.
// www.spiritconsortium.com
//
// THIS WORK FORMS PART OF A SPIRIT CONSORTIUM SPECIFICATION.  
// THIS WORK CONTAINS TRADE SECRETS AND PROPRIETARY INFORMATION 
// WHICH IS THE EXCLUSIVE PROPERTY OF INDIVIDUAL MEMBERS OF THE 
// SPIRIT CONSORTIUM. USE OF THESE MATERIALS ARE GOVERNED BY 
// THE LEGAL TERMS AND CONDITIONS OUTLINED IN THE THE SPIRIT 
// SPECIFICATION DISCLAIMER AVAILABLE FROM
// www.spiritconsortium.org
-->
<spirit:component xmlns:spirit="http://www.spiritconsortium.org/XMLSchema/SPIRIT/1.4" xmlns:xsi="http://www.w3.org/2001/XMLSchema-instance" xsi:schemaLocation="http://www.spiritconsortium.org/XMLSchema/SPIRIT/1.4 http://www.spiritconsortium.org/XMLSchema/SPIRIT/1.4/index.xsd">
  <spirit:vendor>spiritconsortium.org</spirit:vendor>
  <spirit:library>Leon2RTL</spirit:library>
  <spirit:name>timers</spirit:name>
  <spirit:version>1.2</spirit:version>
  <spirit:busInterfaces>
    <spirit:busInterface>
      <spirit:name>APBClk</spirit:name>
      <spirit:busType spirit:vendor="spiritconsortium.org" spirit:library="busdef.clock" spirit:name="clock" spirit:version="1.0"/>
      <spirit:abstractionType spirit:vendor="spiritconsortium.org" spirit:library="busdef.clock" spirit:name="clock_rtl" spirit:version="1.0"/>
      <spirit:slave/>
      <spirit:portMaps>
        <spirit:portMap>
          <spirit:logicalPort>
            <spirit:name>CLK</spirit:name>
          </spirit:logicalPort>
          <spirit:physicalPort>
            <spirit:name>clk</spirit:name>
          </spirit:physicalPort>
        </spirit:portMap>
      </spirit:portMaps>
    </spirit:busInterface>
    <spirit:busInterface>
      <spirit:name>APBReset</spirit:name>
      <spirit:busType spirit:vendor="spiritconsortium.org" spirit:library="busdef.reset" spirit:name="reset" spirit:version="1.0"/>
      <spirit:abstractionType spirit:vendor="spiritconsortium.org" spirit:library="busdef.reset" spirit:name="reset_rtl" spirit:version="1.0"/>
      <spirit:slave/>
      <spirit:portMaps>
        <spirit:portMap>
          <spirit:logicalPort>
            <spirit:name>RESETn</spirit:name>
          </spirit:logicalPort>
          <spirit:physicalPort>
            <spirit:name>rst</spirit:name>
          </spirit:physicalPort>
        </spirit:portMap>
      </spirit:portMaps>
    </spirit:busInterface>
    <spirit:busInterface>
      <spirit:name>ambaAPB</spirit:name>
      <spirit:busType spirit:vendor="amba.com" spirit:library="AMBA2" spirit:name="APB" spirit:version="r2p0_4"/>
      <spirit:abstractionType spirit:vendor="amba.com" spirit:library="AMBA2" spirit:name="APB_rtl" spirit:version="r2p0_4"/>
      <spirit:slave>
        <spirit:memoryMapRef spirit:memoryMapRef="ambaAPB"/>
      </spirit:slave>
      <spirit:connectionRequired>true</spirit:connectionRequired>
      <spirit:portMaps>
        <spirit:portMap>
          <spirit:logicalPort>
            <spirit:name>PSELx</spirit:name>
          </spirit:logicalPort>
          <spirit:physicalPort>
            <spirit:name>psel</spirit:name>
          </spirit:physicalPort>
        </spirit:portMap>
        <spirit:portMap>
          <spirit:logicalPort>
            <spirit:name>PENABLE</spirit:name>
          </spirit:logicalPort>
          <spirit:physicalPort>
            <spirit:name>penable</spirit:name>
          </spirit:physicalPort>
        </spirit:portMap>
        <spirit:portMap>
          <spirit:logicalPort>
            <spirit:name>PADDR</spirit:name>
          </spirit:logicalPort>
          <spirit:physicalPort>
            <spirit:name>paddr</spirit:name>
          </spirit:physicalPort>
        </spirit:portMap>
        <spirit:portMap>
          <spirit:logicalPort>
            <spirit:name>PWRITE</spirit:name>
          </spirit:logicalPort>
          <spirit:physicalPort>
            <spirit:name>pwrite</spirit:name>
          </spirit:physicalPort>
        </spirit:portMap>
        <spirit:portMap>
          <spirit:logicalPort>
            <spirit:name>PWDATA</spirit:name>
          </spirit:logicalPort>
          <spirit:physicalPort>
            <spirit:name>pwdata</spirit:name>
          </spirit:physicalPort>
        </spirit:portMap>
        <spirit:portMap>
          <spirit:logicalPort>
            <spirit:name>PRDATA</spirit:name>
          </spirit:logicalPort>
          <spirit:physicalPort>
            <spirit:name>prdata</spirit:name>
          </spirit:physicalPort>
        </spirit:portMap>
        <spirit:portMap>
          <spirit:logicalPort>
            <spirit:name>PCLK</spirit:name>
          </spirit:logicalPort>
          <spirit:physicalPort>
            <spirit:name>clk</spirit:name>
          </spirit:physicalPort>
        </spirit:portMap>
        <spirit:portMap>
          <spirit:logicalPort>
            <spirit:name>PRESETn</spirit:name>
          </spirit:logicalPort>
          <spirit:physicalPort>
            <spirit:name>rst</spirit:name>
          </spirit:physicalPort>
        </spirit:portMap>
      </spirit:portMaps>
    </spirit:busInterface>
    <spirit:busInterface>
      <spirit:name>Int0</spirit:name>
      <spirit:busType spirit:vendor="spiritconsortium.org" spirit:library="busdef.interrupt" spirit:name="interrupt" spirit:version="1.0"/>
      <spirit:abstractionType spirit:vendor="spiritconsortium.org" spirit:library="busdef.interrupt" spirit:name="interrupt_rtl" spirit:version="1.0"/>
      <spirit:master/>
      <spirit:portMaps>
        <spirit:portMap>
          <spirit:logicalPort>
            <spirit:name>IRQ</spirit:name>
          </spirit:logicalPort>
          <spirit:physicalPort>
            <spirit:name>irq0</spirit:name>
          </spirit:physicalPort>
        </spirit:portMap>
      </spirit:portMaps>
    </spirit:busInterface>
    <spirit:busInterface>
      <spirit:name>Int1</spirit:name>
      <spirit:busType spirit:vendor="spiritconsortium.org" spirit:library="busdef.interrupt" spirit:name="interrupt" spirit:version="1.0"/>
      <spirit:abstractionType spirit:vendor="spiritconsortium.org" spirit:library="busdef.interrupt" spirit:name="interrupt_rtl" spirit:version="1.0"/>
      <spirit:master/>
      <spirit:portMaps>
        <spirit:portMap>
          <spirit:logicalPort>
            <spirit:name>IRQ</spirit:name>
          </spirit:logicalPort>
          <spirit:physicalPort>
            <spirit:name>irq1</spirit:name>
          </spirit:physicalPort>
        </spirit:portMap>
      </spirit:portMaps>
    </spirit:busInterface>
  </spirit:busInterfaces>
  <spirit:memoryMaps>
    <spirit:memoryMap>
      <spirit:name>ambaAPB</spirit:name>
      <spirit:addressBlock>
        <spirit:name>defaultid4489914</spirit:name>
        <spirit:baseAddress spirit:format="long" spirit:resolve="immediate" spirit:rangeType="float" spirit:prompt="Base Address:">0</spirit:baseAddress>
        <spirit:range spirit:format="long">0x28</spirit:range>
        <spirit:width spirit:format="long" spirit:id="width">32</spirit:width>
        <spirit:register>
          <spirit:name>timer1Counter</spirit:name>
          <spirit:displayName>timer1Counter</spirit:displayName>
          <spirit:description>Timer 1 value</spirit:description>
          <spirit:addressOffset>0x0</spirit:addressOffset>
          <spirit:size>32</spirit:size>
          <spirit:volatile>true</spirit:volatile>
          <spirit:access>read-write</spirit:access>
          <spirit:field>
            <spirit:name>timer1Value</spirit:name>
            <spirit:description>Value of Timer 1</spirit:description>
            <spirit:bitOffset>0</spirit:bitOffset>
            <spirit:bitWidth>24</spirit:bitWidth>
            <spirit:access>read-write</spirit:access>
          </spirit:field>
          <spirit:field>
            <spirit:name>reserved</spirit:name>
            <spirit:description>Reserved</spirit:description>
            <spirit:bitOffset>24</spirit:bitOffset>
            <spirit:bitWidth>8</spirit:bitWidth>
            <spirit:access>read-write</spirit:access>
          </spirit:field>
        </spirit:register>
        <spirit:register>
          <spirit:name>timer1Reload</spirit:name>
          <spirit:displayName>timer1Reload</spirit:displayName>
          <spirit:description>Timer 1 Reload Value</spirit:description>
          <spirit:addressOffset>0x4</spirit:addressOffset>
          <spirit:size>32</spirit:size>
          <spirit:volatile>true</spirit:volatile>
          <spirit:access>read-write</spirit:access>
          <spirit:field>
            <spirit:name>timerReloadValue</spirit:name>
            <spirit:description>Timer 1 Reload Value</spirit:description>
            <spirit:bitOffset>0</spirit:bitOffset>
            <spirit:bitWidth>24</spirit:bitWidth>
            <spirit:access>read-write</spirit:access>
          </spirit:field>
          <spirit:field>
            <spirit:name>reserved</spirit:name>
            <spirit:description>Reserved</spirit:description>
            <spirit:bitOffset>24</spirit:bitOffset>
            <spirit:bitWidth>8</spirit:bitWidth>
            <spirit:access>read-write</spirit:access>
          </spirit:field>
        </spirit:register>
        <spirit:register>
          <spirit:name>timer1Control</spirit:name>
          <spirit:displayName>timer1Control</spirit:displayName>
          <spirit:description>Timer 1 Control Register</spirit:description>
          <spirit:addressOffset>0x8</spirit:addressOffset>
          <spirit:size>32</spirit:size>
          <spirit:volatile>true</spirit:volatile>
          <spirit:access>read-write</spirit:access>
          <spirit:reset>
            <spirit:value>0x0</spirit:value>
            <spirit:mask>0x0001</spirit:mask>
          </spirit:reset>
          <spirit:field>
            <spirit:name>enable</spirit:name>
            <spirit:description>Enables the timer when set.</spirit:description>
            <spirit:bitOffset>0</spirit:bitOffset>
            <spirit:bitWidth>1</spirit:bitWidth>
            <spirit:access>read-write</spirit:access>
          </spirit:field>
          <spirit:field>
            <spirit:name>reloadCounter</spirit:name>
            <spirit:description>When set to 1 the counter will automatically be reloaded with the reload value after each underflow.</spirit:description>
            <spirit:bitOffset>1</spirit:bitOffset>
            <spirit:bitWidth>1</spirit:bitWidth>
            <spirit:access>read-write</spirit:access>
          </spirit:field>
          <spirit:field>
            <spirit:name>loadCounter</spirit:name>
            <spirit:description>When written with 1, will load the timer reload register into the timer counter register. Always reads as a 0.</spirit:description>
            <spirit:bitOffset>2</spirit:bitOffset>
            <spirit:bitWidth>1</spirit:bitWidth>
            <spirit:access>read-write</spirit:access>
          </spirit:field>
        </spirit:register>
        <spirit:register>
          <spirit:name>watchdogCounter</spirit:name>
          <spirit:displayName>watchdogCounter</spirit:displayName>
          <spirit:description>Watchdog 1 value</spirit:description>
          <spirit:addressOffset>0xc</spirit:addressOffset>
          <spirit:size>32</spirit:size>
          <spirit:volatile>true</spirit:volatile>
          <spirit:access>read-write</spirit:access>
          <spirit:field>
            <spirit:name>watchdogValue</spirit:name>
            <spirit:description>Watchdog 1 value</spirit:description>
            <spirit:bitOffset>0</spirit:bitOffset>
            <spirit:bitWidth>24</spirit:bitWidth>
            <spirit:access>read-write</spirit:access>
          </spirit:field>
          <spirit:field>
            <spirit:name>reserved</spirit:name>
            <spirit:description>Reserved</spirit:description>
            <spirit:bitOffset>24</spirit:bitOffset>
            <spirit:bitWidth>8</spirit:bitWidth>
            <spirit:access>read-write</spirit:access>
          </spirit:field>
        </spirit:register>
        <spirit:register>
          <spirit:name>timer2Counter</spirit:name>
          <spirit:displayName>timer2Counter</spirit:displayName>
          <spirit:description>Timer 2 value</spirit:description>
          <spirit:addressOffset>0x10</spirit:addressOffset>
          <spirit:size>32</spirit:size>
          <spirit:volatile>true</spirit:volatile>
          <spirit:access>read-write</spirit:access>
          <spirit:field>
            <spirit:name>timer2Value</spirit:name>
            <spirit:description>Timer 2 value</spirit:description>
            <spirit:bitOffset>0</spirit:bitOffset>
            <spirit:bitWidth>24</spirit:bitWidth>
            <spirit:access>read-write</spirit:access>
          </spirit:field>
          <spirit:field>
            <spirit:name>reserved</spirit:name>
            <spirit:description>Reserved</spirit:description>
            <spirit:bitOffset>24</spirit:bitOffset>
            <spirit:bitWidth>8</spirit:bitWidth>
            <spirit:access>read-write</spirit:access>
          </spirit:field>
        </spirit:register>
        <spirit:register>
          <spirit:name>timer2Reload</spirit:name>
          <spirit:displayName>timer2Reload</spirit:displayName>
          <spirit:description>Timer 2 Reload Value</spirit:description>
          <spirit:addressOffset>0x14</spirit:addressOffset>
          <spirit:size>32</spirit:size>
          <spirit:volatile>true</spirit:volatile>
          <spirit:access>read-write</spirit:access>
          <spirit:field>
            <spirit:name>timerReloadValue</spirit:name>
            <spirit:description>Timer 2 Reload Value</spirit:description>
            <spirit:bitOffset>0</spirit:bitOffset>
            <spirit:bitWidth>24</spirit:bitWidth>
            <spirit:access>read-write</spirit:access>
          </spirit:field>
          <spirit:field>
            <spirit:name>reserved</spirit:name>
            <spirit:description>Reserved</spirit:description>
            <spirit:bitOffset>24</spirit:bitOffset>
            <spirit:bitWidth>8</spirit:bitWidth>
            <spirit:access>read-write</spirit:access>
          </spirit:field>
        </spirit:register>
        <spirit:register>
          <spirit:name>timer2Control</spirit:name>
          <spirit:displayName>timer2Control</spirit:displayName>
          <spirit:description>Timer 2 Control Register</spirit:description>
          <spirit:addressOffset>0x18</spirit:addressOffset>
          <spirit:size>32</spirit:size>
          <spirit:volatile>true</spirit:volatile>
          <spirit:access>read-write</spirit:access>
          <spirit:reset>
            <spirit:value>0x0</spirit:value>
            <spirit:mask>0x0001</spirit:mask>
          </spirit:reset>
          <spirit:field>
            <spirit:name>enable</spirit:name>
            <spirit:description>Enables the timer when set.</spirit:description>
            <spirit:bitOffset>0</spirit:bitOffset>
            <spirit:bitWidth>1</spirit:bitWidth>
            <spirit:access>read-write</spirit:access>
          </spirit:field>
          <spirit:field>
            <spirit:name>reloadCounter</spirit:name>
            <spirit:description>When set to 1 the counter will automatically be reloaded with the reload value after each underflow.</spirit:description>
            <spirit:bitOffset>1</spirit:bitOffset>
            <spirit:bitWidth>1</spirit:bitWidth>
            <spirit:access>read-write</spirit:access>
          </spirit:field>
          <spirit:field>
            <spirit:name>loadCounter</spirit:name>
            <spirit:description>When written with 1, will load the timer reload register into the timer counter register. Always reads as a 0.</spirit:description>
            <spirit:bitOffset>2</spirit:bitOffset>
            <spirit:bitWidth>1</spirit:bitWidth>
            <spirit:access>read-write</spirit:access>
          </spirit:field>
        </spirit:register>
        <spirit:register>
          <spirit:name>prescalerCounter</spirit:name>
          <spirit:displayName>prescalerCounter</spirit:displayName>
          <spirit:description>Prescaler Counter</spirit:description>
          <spirit:addressOffset>0x20</spirit:addressOffset>
          <spirit:size>32</spirit:size>
          <spirit:volatile>true</spirit:volatile>
          <spirit:access>read-write</spirit:access>
          <spirit:field>
            <spirit:name>reloadValue</spirit:name>
            <spirit:description>Prescaler Counter Value</spirit:description>
            <spirit:bitOffset>0</spirit:bitOffset>
            <spirit:bitWidth>10</spirit:bitWidth>
            <spirit:access>read-write</spirit:access>
          </spirit:field>
          <spirit:field>
            <spirit:name>reserved</spirit:name>
            <spirit:description>Reserved</spirit:description>
            <spirit:bitOffset>10</spirit:bitOffset>
            <spirit:bitWidth>22</spirit:bitWidth>
            <spirit:access>read-write</spirit:access>
          </spirit:field>
        </spirit:register>
        <spirit:register>
          <spirit:name>prescalerReloadValue</spirit:name>
          <spirit:displayName>prescalerReloadValue</spirit:displayName>
          <spirit:description>Prescaler Reload Value</spirit:description>
          <spirit:addressOffset>0x24</spirit:addressOffset>
          <spirit:size>32</spirit:size>
          <spirit:volatile>true</spirit:volatile>
          <spirit:access>read-write</spirit:access>
          <spirit:field>
            <spirit:name>reloadValue</spirit:name>
            <spirit:description>Prescaler Reload Value</spirit:description>
            <spirit:bitOffset>0</spirit:bitOffset>
            <spirit:bitWidth>10</spirit:bitWidth>
            <spirit:access>read-write</spirit:access>
          </spirit:field>
          <spirit:field>
            <spirit:name>reserved</spirit:name>
            <spirit:description>Reserved</spirit:description>
            <spirit:bitOffset>10</spirit:bitOffset>
            <spirit:bitWidth>22</spirit:bitWidth>
            <spirit:access>read-write</spirit:access>
          </spirit:field>
        </spirit:register>
      </spirit:addressBlock>
    </spirit:memoryMap>
  </spirit:memoryMaps>
  <spirit:model>
    <spirit:views>
      <spirit:view>
        <spirit:name>vhdlsource</spirit:name>
        <spirit:envIdentifier>:modelsim.mentor.com:</spirit:envIdentifier>
        <spirit:envIdentifier>:ncsim.cadence.com:</spirit:envIdentifier>
        <spirit:envIdentifier>:vcs.synopsys.com:</spirit:envIdentifier>
        <spirit:envIdentifier>:designcompiler.synopsys.com:</spirit:envIdentifier>
        <spirit:language spirit:strict="true">vhdl</spirit:language>
        <spirit:modelName>leon2Timers(struct)</spirit:modelName>
        <spirit:fileSetRef>fs-vhdlSource</spirit:fileSetRef>
      </spirit:view>
    </spirit:views>
    <spirit:ports>
      <spirit:port>
        <spirit:name>clk</spirit:name>
        <spirit:wire>
          <spirit:direction>in</spirit:direction>
        </spirit:wire>
      </spirit:port>
      <spirit:port>
        <spirit:name>rst</spirit:name>
        <spirit:wire>
          <spirit:direction>in</spirit:direction>
        </spirit:wire>
      </spirit:port>
      <spirit:port>
        <spirit:name>psel</spirit:name>
        <spirit:wire>
          <spirit:direction>in</spirit:direction>
        </spirit:wire>
      </spirit:port>
      <spirit:port>
        <spirit:name>penable</spirit:name>
        <spirit:wire>
          <spirit:direction>in</spirit:direction>
        </spirit:wire>
      </spirit:port>
      <spirit:port>
        <spirit:name>paddr</spirit:name>
        <spirit:wire>
          <spirit:direction>in</spirit:direction>
          <spirit:vector>
            <spirit:left spirit:format="long" spirit:resolve="immediate" spirit:rangeType="float">31</spirit:left>
            <spirit:right>0</spirit:right>
          </spirit:vector>
        </spirit:wire>
      </spirit:port>
      <spirit:port>
        <spirit:name>pwrite</spirit:name>
        <spirit:wire>
          <spirit:direction>in</spirit:direction>
        </spirit:wire>
      </spirit:port>
      <spirit:port>
        <spirit:name>pwdata</spirit:name>
        <spirit:wire>
          <spirit:direction>in</spirit:direction>
          <spirit:vector>
            <spirit:left spirit:format="long" spirit:resolve="immediate" spirit:rangeType="float">31</spirit:left>
            <spirit:right>0</spirit:right>
          </spirit:vector>
        </spirit:wire>
      </spirit:port>
      <spirit:port>
        <spirit:name>prdata</spirit:name>
        <spirit:wire>
          <spirit:direction>out</spirit:direction>
          <spirit:vector>
            <spirit:left spirit:format="long" spirit:resolve="immediate" spirit:rangeType="float">31</spirit:left>
            <spirit:right>0</spirit:right>
          </spirit:vector>
        </spirit:wire>
      </spirit:port>
      <spirit:port>
        <spirit:name>irq0</spirit:name>
        <spirit:wire>
          <spirit:direction>out</spirit:direction>
        </spirit:wire>
      </spirit:port>
      <spirit:port>
        <spirit:name>irq1</spirit:name>
        <spirit:wire>
          <spirit:direction>out</spirit:direction>
        </spirit:wire>
      </spirit:port>
      <spirit:port>
        <spirit:name>tick</spirit:name>
        <spirit:wire>
          <spirit:direction>out</spirit:direction>
        </spirit:wire>
      </spirit:port>
      <spirit:port>
        <spirit:name>wdog</spirit:name>
        <spirit:wire>
          <spirit:direction>out</spirit:direction>
        </spirit:wire>
      </spirit:port>
      <spirit:port>
        <spirit:name>dsuact</spirit:name>
        <spirit:wire>
          <spirit:direction>in</spirit:direction>
          <spirit:driver>
            <spirit:defaultValue spirit:format="long" spirit:id="sigdefVal_dsuact" spirit:resolve="immediate" spirit:rangeType="float">0</spirit:defaultValue>
          </spirit:driver>
        </spirit:wire>
      </spirit:port>
      <spirit:port>
        <spirit:name>ntrace</spirit:name>
        <spirit:wire>
          <spirit:direction>in</spirit:direction>
          <spirit:driver>
            <spirit:defaultValue spirit:format="long" spirit:id="sigdefVal_ntrace" spirit:resolve="immediate" spirit:rangeType="float">0</spirit:defaultValue>
          </spirit:driver>
        </spirit:wire>
      </spirit:port>
      <spirit:port>
        <spirit:name>freezetime</spirit:name>
        <spirit:wire>
          <spirit:direction>in</spirit:direction>
          <spirit:driver>
            <spirit:defaultValue spirit:format="long" spirit:id="sigdefVal_freezetime" spirit:resolve="immediate" spirit:rangeType="float">1</spirit:defaultValue>
          </spirit:driver>
        </spirit:wire>
      </spirit:port>
      <spirit:port>
        <spirit:name>lresp</spirit:name>
        <spirit:wire>
          <spirit:direction>in</spirit:direction>
          <spirit:driver>
            <spirit:defaultValue spirit:format="long" spirit:id="sigdefVal_lresp" spirit:resolve="immediate" spirit:rangeType="float">0</spirit:defaultValue>
          </spirit:driver>
        </spirit:wire>
      </spirit:port>
      <spirit:port>
        <spirit:name>dresp</spirit:name>
        <spirit:wire>
          <spirit:direction>in</spirit:direction>
          <spirit:driver>
            <spirit:defaultValue spirit:format="long" spirit:id="sigdefVal_dresp" spirit:resolve="immediate" spirit:rangeType="float">0</spirit:defaultValue>
          </spirit:driver>
        </spirit:wire>
      </spirit:port>
      <spirit:port>
        <spirit:name>dsuen</spirit:name>
        <spirit:wire>
          <spirit:direction>in</spirit:direction>
          <spirit:driver>
            <spirit:defaultValue spirit:format="long" spirit:id="sigdefVal_dsuen" spirit:resolve="immediate" spirit:rangeType="float">0</spirit:defaultValue>
          </spirit:driver>
        </spirit:wire>
      </spirit:port>
      <spirit:port>
        <spirit:name>dsubre</spirit:name>
        <spirit:wire>
          <spirit:direction>in</spirit:direction>
          <spirit:driver>
            <spirit:defaultValue spirit:format="long" spirit:id="sigdefVal_dsubre" spirit:resolve="immediate" spirit:rangeType="float">0</spirit:defaultValue>
          </spirit:driver>
        </spirit:wire>
      </spirit:port>
    </spirit:ports>
    <spirit:modelParameters>
      <spirit:modelParameter spirit:dataType="integer">
        <spirit:name>TPRESC</spirit:name>
        <spirit:value spirit:resolve="user" spirit:id="TPRESC" spirit:configGroups="requiredConfig" spirit:prompt="System Clock Frequency at boot (Hz):">22</spirit:value>
      </spirit:modelParameter>
    </spirit:modelParameters>
  </spirit:model>
  <spirit:fileSets>
    <spirit:fileSet>
      <spirit:name>fs-vhdlSource</spirit:name>
      <spirit:file>
        <spirit:name spirit:format="string" spirit:resolve="immediate" spirit:rangeType="float">../../common/target.vhd</spirit:name>
        <spirit:fileType>vhdlSource</spirit:fileType>
        <spirit:logicalName>leon2timers_lib</spirit:logicalName>
      </spirit:file>
      <spirit:file>
        <spirit:name spirit:format="string" spirit:resolve="immediate" spirit:rangeType="float">../../common/device.vhd</spirit:name>
        <spirit:fileType>vhdlSource</spirit:fileType>
        <spirit:logicalName>leon2timers_lib</spirit:logicalName>
      </spirit:file>
      <spirit:file>
        <spirit:name spirit:format="string" spirit:resolve="immediate" spirit:rangeType="float">../../common/config.vhd</spirit:name>
        <spirit:fileType>vhdlSource</spirit:fileType>
        <spirit:logicalName>leon2timers_lib</spirit:logicalName>
      </spirit:file>
      <spirit:file>
        <spirit:name spirit:format="string" spirit:resolve="immediate" spirit:rangeType="float">../../common/sparcv8.vhd</spirit:name>
        <spirit:fileType>vhdlSource</spirit:fileType>
        <spirit:logicalName>leon2timers_lib</spirit:logicalName>
      </spirit:file>
      <spirit:file>
        <spirit:name spirit:format="string" spirit:resolve="immediate" spirit:rangeType="float">../../common/iface.vhd</spirit:name>
        <spirit:fileType>vhdlSource</spirit:fileType>
        <spirit:logicalName>leon2timers_lib</spirit:logicalName>
      </spirit:file>
      <spirit:file>
        <spirit:name spirit:format="string" spirit:resolve="immediate" spirit:rangeType="float">../../common/amba.vhd</spirit:name>
        <spirit:fileType>vhdlSource</spirit:fileType>
        <spirit:logicalName>leon2timers_lib</spirit:logicalName>
      </spirit:file>
      <spirit:file>
        <spirit:name spirit:format="string" spirit:resolve="immediate" spirit:rangeType="float">../../common/ambacomp.vhd</spirit:name>
        <spirit:fileType>vhdlSource</spirit:fileType>
        <spirit:logicalName>leon2timers_lib</spirit:logicalName>
      </spirit:file>
      <spirit:file>
        <spirit:name spirit:format="string" spirit:resolve="immediate" spirit:rangeType="float">../../common/macro.vhd</spirit:name>
        <spirit:fileType>vhdlSource</spirit:fileType>
        <spirit:logicalName>leon2timers_lib</spirit:logicalName>
      </spirit:file>
      <spirit:file>
        <spirit:name spirit:format="string" spirit:resolve="immediate" spirit:rangeType="float">../../common/tech_generic.vhd</spirit:name>
        <spirit:fileType>vhdlSource</spirit:fileType>
        <spirit:logicalName>leon2timers_lib</spirit:logicalName>
      </spirit:file>
      <spirit:file>
        <spirit:name spirit:format="string" spirit:resolve="immediate" spirit:rangeType="float">../../common/tech_atc25.vhd</spirit:name>
        <spirit:fileType>vhdlSource</spirit:fileType>
        <spirit:logicalName>leon2timers_lib</spirit:logicalName>
      </spirit:file>
      <spirit:file>
        <spirit:name spirit:format="string" spirit:resolve="immediate" spirit:rangeType="float">../../common/tech_atc35.vhd</spirit:name>
        <spirit:fileType>vhdlSource</spirit:fileType>
        <spirit:logicalName>leon2timers_lib</spirit:logicalName>
      </spirit:file>
      <spirit:file>
        <spirit:name spirit:format="string" spirit:resolve="immediate" spirit:rangeType="float">../../common/tech_fs90.vhd</spirit:name>
        <spirit:fileType>vhdlSource</spirit:fileType>
        <spirit:logicalName>leon2timers_lib</spirit:logicalName>
      </spirit:file>
      <spirit:file>
        <spirit:name spirit:format="string" spirit:resolve="immediate" spirit:rangeType="float">../../common/tech_umc18.vhd</spirit:name>
        <spirit:fileType>vhdlSource</spirit:fileType>
        <spirit:logicalName>leon2timers_lib</spirit:logicalName>
      </spirit:file>
      <spirit:file>
        <spirit:name spirit:format="string" spirit:resolve="immediate" spirit:rangeType="float">../../common/tech_virtex.vhd</spirit:name>
        <spirit:fileType>vhdlSource</spirit:fileType>
        <spirit:logicalName>leon2timers_lib</spirit:logicalName>
      </spirit:file>
      <spirit:file>
        <spirit:name spirit:format="string" spirit:resolve="immediate" spirit:rangeType="float">../../common/tech_tsmc25.vhd</spirit:name>
        <spirit:fileType>vhdlSource</spirit:fileType>
        <spirit:logicalName>leon2timers_lib</spirit:logicalName>
      </spirit:file>
      <spirit:file>
        <spirit:name spirit:format="string" spirit:resolve="immediate" spirit:rangeType="float">../../common/tech_proasic.vhd</spirit:name>
        <spirit:fileType>vhdlSource</spirit:fileType>
        <spirit:logicalName>leon2timers_lib</spirit:logicalName>
      </spirit:file>
      <spirit:file>
        <spirit:name spirit:format="string" spirit:resolve="immediate" spirit:rangeType="float">../../common/tech_axcel.vhd</spirit:name>
        <spirit:fileType>vhdlSource</spirit:fileType>
        <spirit:logicalName>leon2timers_lib</spirit:logicalName>
      </spirit:file>
      <spirit:file>
        <spirit:name spirit:format="string" spirit:resolve="immediate" spirit:rangeType="float">../../common/multlib.vhd</spirit:name>
        <spirit:fileType>vhdlSource</spirit:fileType>
        <spirit:logicalName>leon2timers_lib</spirit:logicalName>
      </spirit:file>
      <spirit:file>
        <spirit:name spirit:format="string" spirit:resolve="immediate" spirit:rangeType="float">../../common/tech_map.vhd</spirit:name>
        <spirit:fileType>vhdlSource</spirit:fileType>
        <spirit:logicalName>leon2timers_lib</spirit:logicalName>
      </spirit:file>
      <spirit:file>
        <spirit:name spirit:format="string" spirit:resolve="immediate" spirit:rangeType="float">hdlsrc/timers.vhd</spirit:name>
        <spirit:fileType>vhdlSource</spirit:fileType>
        <spirit:logicalName>leon2timers_lib</spirit:logicalName>
      </spirit:file>
      <spirit:file>
        <spirit:name spirit:format="string" spirit:resolve="immediate" spirit:rangeType="float">hdlsrc/leon2Timers.vhd</spirit:name>
        <spirit:fileType>vhdlSource</spirit:fileType>
        <spirit:logicalName>leon2timers_lib</spirit:logicalName>
      </spirit:file>
    </spirit:fileSet>
  </spirit:fileSets>
</spirit:component>
