<?xml version="1.0"?>
<spirit:component xmlns:spirit="http://www.spiritconsortium.org/XMLSchema/SPIRIT/1.2" xmlns:xsi="http://www.w3.org/2001/XMLSchema-instance" xsi:schemaLocation="http://www.spiritconsortium.org/XMLSchema/SPIRIT/1.2 http://www.spiritconsortium.org/XMLSchema/SPIRIT/1.2/component.xsd">
  <spirit:vendor>spiritconsortium.org</spirit:vendor>
  <spirit:library>Leon2</spirit:library>
  <spirit:name>apbSubSystem</spirit:name>
  <spirit:version>1.0</spirit:version>
  <spirit:busInterfaces>
    <spirit:busInterface>
      <spirit:name>AHBClk</spirit:name>
      <spirit:busType spirit:vendor="spiritconsortium.org" spirit:library="busdef.clock" spirit:name="clock" spirit:version="1.0"/>
      <spirit:slave/>
      <spirit:signalMap>
        <spirit:signalName>
          <spirit:componentSignalName>AHBClk_hclk</spirit:componentSignalName>
          <spirit:busSignalName>CLK</spirit:busSignalName>
        </spirit:signalName>
      </spirit:signalMap>
    </spirit:busInterface>
    <spirit:busInterface>
      <spirit:name>AHBReset</spirit:name>
      <spirit:busType spirit:vendor="spiritconsortium.org" spirit:library="busdef.reset" spirit:name="reset" spirit:version="1.0"/>
      <spirit:slave/>
      <spirit:signalMap>
        <spirit:signalName>
          <spirit:componentSignalName>AHBReset_hresetn</spirit:componentSignalName>
          <spirit:busSignalName>RESETn</spirit:busSignalName>
        </spirit:signalName>
      </spirit:signalMap>
    </spirit:busInterface>
    <spirit:busInterface>
      <spirit:name>APBClk_0</spirit:name>
      <spirit:busType spirit:vendor="spiritconsortium.org" spirit:library="busdef.clock" spirit:name="clock" spirit:version="1.0"/>
      <spirit:slave/>
      <spirit:signalMap>
        <spirit:signalName>
          <spirit:componentSignalName>APBClk_pclk</spirit:componentSignalName>
          <spirit:busSignalName>CLK</spirit:busSignalName>
        </spirit:signalName>
      </spirit:signalMap>
    </spirit:busInterface>
    <spirit:busInterface>
      <spirit:name>APBClk_1</spirit:name>
      <spirit:busType spirit:vendor="spiritconsortium.org" spirit:library="busdef.clock" spirit:name="clock" spirit:version="1.0"/>
      <spirit:slave/>
      <spirit:signalMap>
        <spirit:signalName>
          <spirit:componentSignalName>APBClk_pclk</spirit:componentSignalName>
          <spirit:busSignalName>CLK</spirit:busSignalName>
        </spirit:signalName>
      </spirit:signalMap>
    </spirit:busInterface>
    <spirit:busInterface>
      <spirit:name>APBClk_2</spirit:name>
      <spirit:busType spirit:vendor="spiritconsortium.org" spirit:library="busdef.clock" spirit:name="clock" spirit:version="1.0"/>
      <spirit:slave/>
      <spirit:signalMap>
        <spirit:signalName>
          <spirit:componentSignalName>APBClk_pclk</spirit:componentSignalName>
          <spirit:busSignalName>CLK</spirit:busSignalName>
        </spirit:signalName>
      </spirit:signalMap>
    </spirit:busInterface>
    <spirit:busInterface>
      <spirit:name>APBClk_3</spirit:name>
      <spirit:busType spirit:vendor="spiritconsortium.org" spirit:library="busdef.clock" spirit:name="clock" spirit:version="1.0"/>
      <spirit:slave/>
      <spirit:signalMap>
        <spirit:signalName>
          <spirit:componentSignalName>APBClk_pclk</spirit:componentSignalName>
          <spirit:busSignalName>CLK</spirit:busSignalName>
        </spirit:signalName>
      </spirit:signalMap>
    </spirit:busInterface>
    <spirit:busInterface>
      <spirit:name>APBReset_0</spirit:name>
      <spirit:busType spirit:vendor="spiritconsortium.org" spirit:library="busdef.reset" spirit:name="reset" spirit:version="1.0"/>
      <spirit:slave/>
      <spirit:signalMap>
        <spirit:signalName>
          <spirit:componentSignalName>APBReset_presetn</spirit:componentSignalName>
          <spirit:busSignalName>RESETn</spirit:busSignalName>
        </spirit:signalName>
      </spirit:signalMap>
    </spirit:busInterface>
    <spirit:busInterface>
      <spirit:name>APBReset_1</spirit:name>
      <spirit:busType spirit:vendor="spiritconsortium.org" spirit:library="busdef.reset" spirit:name="reset" spirit:version="1.0"/>
      <spirit:slave/>
      <spirit:signalMap>
        <spirit:signalName>
          <spirit:componentSignalName>APBReset_presetn</spirit:componentSignalName>
          <spirit:busSignalName>RESETn</spirit:busSignalName>
        </spirit:signalName>
      </spirit:signalMap>
    </spirit:busInterface>
    <spirit:busInterface>
      <spirit:name>APBReset_2</spirit:name>
      <spirit:busType spirit:vendor="spiritconsortium.org" spirit:library="busdef.reset" spirit:name="reset" spirit:version="1.0"/>
      <spirit:slave/>
      <spirit:signalMap>
        <spirit:signalName>
          <spirit:componentSignalName>APBReset_presetn</spirit:componentSignalName>
          <spirit:busSignalName>RESETn</spirit:busSignalName>
        </spirit:signalName>
      </spirit:signalMap>
    </spirit:busInterface>
    <spirit:busInterface>
      <spirit:name>APBReset_3</spirit:name>
      <spirit:busType spirit:vendor="spiritconsortium.org" spirit:library="busdef.reset" spirit:name="reset" spirit:version="1.0"/>
      <spirit:slave/>
      <spirit:signalMap>
        <spirit:signalName>
          <spirit:componentSignalName>APBReset_presetn</spirit:componentSignalName>
          <spirit:busSignalName>RESETn</spirit:busSignalName>
        </spirit:signalName>
      </spirit:signalMap>
    </spirit:busInterface>
    <spirit:busInterface>
      <spirit:name>Interrupt</spirit:name>
      <spirit:busType spirit:vendor="spiritconsortium.org" spirit:library="busdef.leon2" spirit:name="IntProc" spirit:version="v1.0"/>
      <spirit:master/>
      <spirit:signalMap>
        <spirit:signalName>
          <spirit:componentSignalName>Interrupt_IRL</spirit:componentSignalName>
          <spirit:busSignalName>IRL</spirit:busSignalName>
        </spirit:signalName>
        <spirit:signalName>
          <spirit:componentSignalName>Interrupt_IRQVEC</spirit:componentSignalName>
          <spirit:busSignalName>IRQVEC</spirit:busSignalName>
        </spirit:signalName>
        <spirit:signalName>
          <spirit:componentSignalName>Interrupt_INTack</spirit:componentSignalName>
          <spirit:busSignalName>INTack</spirit:busSignalName>
        </spirit:signalName>
      </spirit:signalMap>
    </spirit:busInterface>
    <spirit:busInterface>
      <spirit:name>ex_ambaAHB</spirit:name>
      <spirit:busType spirit:vendor="amba.com" spirit:library="AMBA2" spirit:name="AHB" spirit:version="r2p0_6"/>
      <spirit:slave/>
      <spirit:connection>required</spirit:connection>
      <spirit:signalMap>
        <spirit:signalName>
          <spirit:componentSignalName>ex_ambaAHB_hsel</spirit:componentSignalName>
          <spirit:busSignalName>HSELx</spirit:busSignalName>
        </spirit:signalName>
        <spirit:signalName>
          <spirit:componentSignalName>ex_ambaAHB_hready_resp</spirit:componentSignalName>
          <spirit:busSignalName>HREADYOUT</spirit:busSignalName>
        </spirit:signalName>
        <spirit:signalName>
          <spirit:componentSignalName>ex_ambaAHB_hrdata</spirit:componentSignalName>
          <spirit:busSignalName>HRDATA</spirit:busSignalName>
        </spirit:signalName>
        <spirit:signalName>
          <spirit:componentSignalName>ex_ambaAHB_hprot</spirit:componentSignalName>
          <spirit:busSignalName>HPROT</spirit:busSignalName>
        </spirit:signalName>
        <spirit:signalName>
          <spirit:componentSignalName>ex_ambaAHB_htrans</spirit:componentSignalName>
          <spirit:busSignalName>HTRANS</spirit:busSignalName>
        </spirit:signalName>
        <spirit:signalName>
          <spirit:componentSignalName>ex_ambaAHB_hsize</spirit:componentSignalName>
          <spirit:busSignalName>HSIZE</spirit:busSignalName>
        </spirit:signalName>
        <spirit:signalName>
          <spirit:componentSignalName>ex_ambaAHB_hready</spirit:componentSignalName>
          <spirit:busSignalName>HREADY</spirit:busSignalName>
        </spirit:signalName>
        <spirit:signalName>
          <spirit:componentSignalName>ex_ambaAHB_hwrite</spirit:componentSignalName>
          <spirit:busSignalName>HWRITE</spirit:busSignalName>
        </spirit:signalName>
        <spirit:signalName>
          <spirit:componentSignalName>ex_ambaAHB_hburst</spirit:componentSignalName>
          <spirit:busSignalName>HBURST</spirit:busSignalName>
        </spirit:signalName>
        <spirit:signalName>
          <spirit:componentSignalName>ex_ambaAHB_haddr</spirit:componentSignalName>
          <spirit:busSignalName>HADDR</spirit:busSignalName>
        </spirit:signalName>
        <spirit:signalName>
          <spirit:componentSignalName>ex_ambaAHB_hresp</spirit:componentSignalName>
          <spirit:busSignalName>HRESP</spirit:busSignalName>
        </spirit:signalName>
        <spirit:signalName>
          <spirit:componentSignalName>ex_ambaAHB_hwdata</spirit:componentSignalName>
          <spirit:busSignalName>HWDATA</spirit:busSignalName>
        </spirit:signalName>
        <spirit:signalName>
          <spirit:componentSignalName>AHBClk_hclk</spirit:componentSignalName>
          <spirit:busSignalName>HCLK</spirit:busSignalName>
        </spirit:signalName>
        <spirit:signalName>
          <spirit:componentSignalName>AHBReset_hresetn</spirit:componentSignalName>
          <spirit:busSignalName>HRESETn</spirit:busSignalName>
        </spirit:signalName>
      </spirit:signalMap>
    </spirit:busInterface>
    <spirit:busInterface>
      <spirit:name>i_apbbus_slv4</spirit:name>
      <spirit:busType spirit:vendor="amba.com" spirit:library="AMBA2" spirit:name="APB" spirit:version="r2p0_4"/>
      <spirit:mirroredSlave/>
      <spirit:signalMap>
        <spirit:signalName>
          <spirit:componentSignalName>i_apbbus_slv4_paddr</spirit:componentSignalName>
          <spirit:busSignalName>PADDR</spirit:busSignalName>
        </spirit:signalName>
        <spirit:signalName>
          <spirit:componentSignalName>i_apbbus_slv4_psel</spirit:componentSignalName>
          <spirit:busSignalName>PSELx</spirit:busSignalName>
        </spirit:signalName>
        <spirit:signalName>
          <spirit:componentSignalName>i_apbbus_slv4_pwrite</spirit:componentSignalName>
          <spirit:busSignalName>PWRITE</spirit:busSignalName>
        </spirit:signalName>
        <spirit:signalName>
          <spirit:componentSignalName>i_apbbus_slv4_pwdata</spirit:componentSignalName>
          <spirit:busSignalName>PWDATA</spirit:busSignalName>
        </spirit:signalName>
        <spirit:signalName>
          <spirit:componentSignalName>i_apbbus_slv4_penable</spirit:componentSignalName>
          <spirit:busSignalName>PENABLE</spirit:busSignalName>
        </spirit:signalName>
        <spirit:signalName>
          <spirit:componentSignalName>i_apbbus_slv4_prdata</spirit:componentSignalName>
          <spirit:busSignalName>PRDATA</spirit:busSignalName>
        </spirit:signalName>
      </spirit:signalMap>
    </spirit:busInterface>
    <spirit:busInterface>
      <spirit:name>i_apbbus_slv5</spirit:name>
      <spirit:busType spirit:vendor="amba.com" spirit:library="AMBA2" spirit:name="APB" spirit:version="r2p0_4"/>
      <spirit:mirroredSlave/>
      <spirit:signalMap>
        <spirit:signalName>
          <spirit:componentSignalName>i_apbbus_slv5_paddr</spirit:componentSignalName>
          <spirit:busSignalName>PADDR</spirit:busSignalName>
        </spirit:signalName>
        <spirit:signalName>
          <spirit:componentSignalName>i_apbbus_slv5_psel</spirit:componentSignalName>
          <spirit:busSignalName>PSELx</spirit:busSignalName>
        </spirit:signalName>
        <spirit:signalName>
          <spirit:componentSignalName>i_apbbus_slv5_pwrite</spirit:componentSignalName>
          <spirit:busSignalName>PWRITE</spirit:busSignalName>
        </spirit:signalName>
        <spirit:signalName>
          <spirit:componentSignalName>i_apbbus_slv5_pwdata</spirit:componentSignalName>
          <spirit:busSignalName>PWDATA</spirit:busSignalName>
        </spirit:signalName>
        <spirit:signalName>
          <spirit:componentSignalName>i_apbbus_slv5_penable</spirit:componentSignalName>
          <spirit:busSignalName>PENABLE</spirit:busSignalName>
        </spirit:signalName>
        <spirit:signalName>
          <spirit:componentSignalName>i_apbbus_slv5_prdata</spirit:componentSignalName>
          <spirit:busSignalName>PRDATA</spirit:busSignalName>
        </spirit:signalName>
      </spirit:signalMap>
    </spirit:busInterface>
    <spirit:busInterface>
      <spirit:name>i_apbbus_slv6</spirit:name>
      <spirit:busType spirit:vendor="amba.com" spirit:library="AMBA2" spirit:name="APB" spirit:version="r2p0_4"/>
      <spirit:mirroredSlave/>
      <spirit:signalMap>
        <spirit:signalName>
          <spirit:componentSignalName>i_apbbus_slv6_paddr</spirit:componentSignalName>
          <spirit:busSignalName>PADDR</spirit:busSignalName>
        </spirit:signalName>
        <spirit:signalName>
          <spirit:componentSignalName>i_apbbus_slv6_psel</spirit:componentSignalName>
          <spirit:busSignalName>PSELx</spirit:busSignalName>
        </spirit:signalName>
        <spirit:signalName>
          <spirit:componentSignalName>i_apbbus_slv6_pwrite</spirit:componentSignalName>
          <spirit:busSignalName>PWRITE</spirit:busSignalName>
        </spirit:signalName>
        <spirit:signalName>
          <spirit:componentSignalName>i_apbbus_slv6_pwdata</spirit:componentSignalName>
          <spirit:busSignalName>PWDATA</spirit:busSignalName>
        </spirit:signalName>
        <spirit:signalName>
          <spirit:componentSignalName>i_apbbus_slv6_penable</spirit:componentSignalName>
          <spirit:busSignalName>PENABLE</spirit:busSignalName>
        </spirit:signalName>
        <spirit:signalName>
          <spirit:componentSignalName>i_apbbus_slv6_prdata</spirit:componentSignalName>
          <spirit:busSignalName>PRDATA</spirit:busSignalName>
        </spirit:signalName>
      </spirit:signalMap>
    </spirit:busInterface>
    <spirit:busInterface>
      <spirit:name>i_apbbus_slv7</spirit:name>
      <spirit:busType spirit:vendor="amba.com" spirit:library="AMBA2" spirit:name="APB" spirit:version="r2p0_4"/>
      <spirit:mirroredSlave/>
      <spirit:signalMap>
        <spirit:signalName>
          <spirit:componentSignalName>i_apbbus_slv7_paddr</spirit:componentSignalName>
          <spirit:busSignalName>PADDR</spirit:busSignalName>
        </spirit:signalName>
        <spirit:signalName>
          <spirit:componentSignalName>i_apbbus_slv7_psel</spirit:componentSignalName>
          <spirit:busSignalName>PSELx</spirit:busSignalName>
        </spirit:signalName>
        <spirit:signalName>
          <spirit:componentSignalName>i_apbbus_slv7_pwrite</spirit:componentSignalName>
          <spirit:busSignalName>PWRITE</spirit:busSignalName>
        </spirit:signalName>
        <spirit:signalName>
          <spirit:componentSignalName>i_apbbus_slv7_pwdata</spirit:componentSignalName>
          <spirit:busSignalName>PWDATA</spirit:busSignalName>
        </spirit:signalName>
        <spirit:signalName>
          <spirit:componentSignalName>i_apbbus_slv7_penable</spirit:componentSignalName>
          <spirit:busSignalName>PENABLE</spirit:busSignalName>
        </spirit:signalName>
        <spirit:signalName>
          <spirit:componentSignalName>i_apbbus_slv7_prdata</spirit:componentSignalName>
          <spirit:busSignalName>PRDATA</spirit:busSignalName>
        </spirit:signalName>
      </spirit:signalMap>
    </spirit:busInterface>
  </spirit:busInterfaces>
  <spirit:model>
    <spirit:views>
      <spirit:view>
        <spirit:name>spirit-design</spirit:name>
        <spirit:envIdentifier>::Hierarchy</spirit:envIdentifier>
        <spirit:hierarchyRef spirit:vendor="spiritconsortium.org" spirit:library="Leon2" spirit:name="design_apbSubSystem" spirit:version="1.0"/>
      </spirit:view>
      <!-- Not a valid view, the fileSet is not complete.
      <spirit:view>
        <spirit:name>RTL</spirit:name>
        <spirit:envIdentifier>:*Synthesis:</spirit:envIdentifier>
        <spirit:language spirit:strict="true">vhdl</spirit:language>
        <spirit:modelName>apbSubSystem(structure)</spirit:modelName>
        <spirit:fileSetRef>source-code</spirit:fileSetRef>
      </spirit:view>
      -->
    </spirit:views>
    <spirit:signals>
      <spirit:signal>
        <spirit:name>AHBClk_hclk</spirit:name>
        <spirit:direction>in</spirit:direction>
        <spirit:export>false</spirit:export>
      </spirit:signal>
      <spirit:signal>
        <spirit:name>AHBReset_hresetn</spirit:name>
        <spirit:direction>in</spirit:direction>
        <spirit:export>false</spirit:export>
      </spirit:signal>
      <spirit:signal>
        <spirit:name>APBClk_pclk</spirit:name>
        <spirit:direction>in</spirit:direction>
        <spirit:export>false</spirit:export>
      </spirit:signal>
      <spirit:signal>
        <spirit:name>APBReset_presetn</spirit:name>
        <spirit:direction>in</spirit:direction>
        <spirit:export>false</spirit:export>
      </spirit:signal>
      <spirit:signal>
        <spirit:name>Interrupt_INTack</spirit:name>
        <spirit:direction>in</spirit:direction>
        <spirit:defaultValue>
          <spirit:value>0</spirit:value>
        </spirit:defaultValue>
        <spirit:export>false</spirit:export>
      </spirit:signal>
      <spirit:signal>
        <spirit:name>Interrupt_IRQVEC</spirit:name>
        <spirit:direction>in</spirit:direction>
        <spirit:left>3</spirit:left>
        <spirit:right>0</spirit:right>
        <spirit:defaultValue>
          <spirit:value>0</spirit:value>
        </spirit:defaultValue>
        <spirit:export>false</spirit:export>
      </spirit:signal>
      <spirit:signal>
        <spirit:name>Interrupt_IRL</spirit:name>
        <spirit:direction>out</spirit:direction>
        <spirit:left>3</spirit:left>
        <spirit:right>0</spirit:right>
        <spirit:export>false</spirit:export>
      </spirit:signal>
      <spirit:signal>
        <spirit:name>ex_ambaAHB_haddr</spirit:name>
        <spirit:direction>in</spirit:direction>
        <spirit:left>31</spirit:left>
        <spirit:right>0</spirit:right>
        <spirit:export>false</spirit:export>
      </spirit:signal>
      <spirit:signal>
        <spirit:name>ex_ambaAHB_hburst</spirit:name>
        <spirit:direction>in</spirit:direction>
        <spirit:left>2</spirit:left>
        <spirit:right>0</spirit:right>
        <spirit:export>false</spirit:export>
      </spirit:signal>
      <spirit:signal>
        <spirit:name>ex_ambaAHB_hprot</spirit:name>
        <spirit:direction>in</spirit:direction>
        <spirit:left>3</spirit:left>
        <spirit:right>0</spirit:right>
        <spirit:export>false</spirit:export>
      </spirit:signal>
      <spirit:signal>
        <spirit:name>ex_ambaAHB_hready</spirit:name>
        <spirit:direction>in</spirit:direction>
        <spirit:export>false</spirit:export>
      </spirit:signal>
      <spirit:signal>
        <spirit:name>ex_ambaAHB_hsel</spirit:name>
        <spirit:direction>in</spirit:direction>
        <spirit:export>false</spirit:export>
      </spirit:signal>
      <spirit:signal>
        <spirit:name>ex_ambaAHB_hsize</spirit:name>
        <spirit:direction>in</spirit:direction>
        <spirit:left>2</spirit:left>
        <spirit:right>0</spirit:right>
        <spirit:export>false</spirit:export>
      </spirit:signal>
      <spirit:signal>
        <spirit:name>ex_ambaAHB_htrans</spirit:name>
        <spirit:direction>in</spirit:direction>
        <spirit:left>1</spirit:left>
        <spirit:right>0</spirit:right>
        <spirit:export>false</spirit:export>
      </spirit:signal>
      <spirit:signal>
        <spirit:name>ex_ambaAHB_hwdata</spirit:name>
        <spirit:direction>in</spirit:direction>
        <spirit:left>31</spirit:left>
        <spirit:right>0</spirit:right>
        <spirit:export>false</spirit:export>
      </spirit:signal>
      <spirit:signal>
        <spirit:name>ex_ambaAHB_hwrite</spirit:name>
        <spirit:direction>in</spirit:direction>
        <spirit:export>false</spirit:export>
      </spirit:signal>
      <spirit:signal>
        <spirit:name>ex_ambaAHB_hrdata</spirit:name>
        <spirit:direction>out</spirit:direction>
        <spirit:left>31</spirit:left>
        <spirit:right>0</spirit:right>
        <spirit:export>false</spirit:export>
      </spirit:signal>
      <spirit:signal>
        <spirit:name>ex_ambaAHB_hready_resp</spirit:name>
        <spirit:direction>out</spirit:direction>
        <spirit:export>false</spirit:export>
      </spirit:signal>
      <spirit:signal>
        <spirit:name>ex_ambaAHB_hresp</spirit:name>
        <spirit:direction>out</spirit:direction>
        <spirit:left>1</spirit:left>
        <spirit:right>0</spirit:right>
        <spirit:export>false</spirit:export>
      </spirit:signal>
      <spirit:signal>
        <spirit:name>i_apbbus_slv4_prdata</spirit:name>
        <spirit:direction>in</spirit:direction>
        <spirit:left>31</spirit:left>
        <spirit:right>0</spirit:right>
        <spirit:export>false</spirit:export>
      </spirit:signal>
      <spirit:signal>
        <spirit:name>i_apbbus_slv4_paddr</spirit:name>
        <spirit:direction>out</spirit:direction>
        <spirit:left>31</spirit:left>
        <spirit:right>0</spirit:right>
        <spirit:export>false</spirit:export>
      </spirit:signal>
      <spirit:signal>
        <spirit:name>i_apbbus_slv4_penable</spirit:name>
        <spirit:direction>out</spirit:direction>
        <spirit:export>false</spirit:export>
      </spirit:signal>
      <spirit:signal>
        <spirit:name>i_apbbus_slv4_psel</spirit:name>
        <spirit:direction>out</spirit:direction>
        <spirit:export>false</spirit:export>
      </spirit:signal>
      <spirit:signal>
        <spirit:name>i_apbbus_slv4_pwdata</spirit:name>
        <spirit:direction>out</spirit:direction>
        <spirit:left>31</spirit:left>
        <spirit:right>0</spirit:right>
        <spirit:export>false</spirit:export>
      </spirit:signal>
      <spirit:signal>
        <spirit:name>i_apbbus_slv4_pwrite</spirit:name>
        <spirit:direction>out</spirit:direction>
        <spirit:export>false</spirit:export>
      </spirit:signal>
      <spirit:signal>
        <spirit:name>i_apbbus_slv5_prdata</spirit:name>
        <spirit:direction>in</spirit:direction>
        <spirit:left>31</spirit:left>
        <spirit:right>0</spirit:right>
        <spirit:export>false</spirit:export>
      </spirit:signal>
      <spirit:signal>
        <spirit:name>i_apbbus_slv5_paddr</spirit:name>
        <spirit:direction>out</spirit:direction>
        <spirit:left>31</spirit:left>
        <spirit:right>0</spirit:right>
        <spirit:export>false</spirit:export>
      </spirit:signal>
      <spirit:signal>
        <spirit:name>i_apbbus_slv5_penable</spirit:name>
        <spirit:direction>out</spirit:direction>
        <spirit:export>false</spirit:export>
      </spirit:signal>
      <spirit:signal>
        <spirit:name>i_apbbus_slv5_psel</spirit:name>
        <spirit:direction>out</spirit:direction>
        <spirit:export>false</spirit:export>
      </spirit:signal>
      <spirit:signal>
        <spirit:name>i_apbbus_slv5_pwdata</spirit:name>
        <spirit:direction>out</spirit:direction>
        <spirit:left>31</spirit:left>
        <spirit:right>0</spirit:right>
        <spirit:export>false</spirit:export>
      </spirit:signal>
      <spirit:signal>
        <spirit:name>i_apbbus_slv5_pwrite</spirit:name>
        <spirit:direction>out</spirit:direction>
        <spirit:export>false</spirit:export>
      </spirit:signal>
      <spirit:signal>
        <spirit:name>i_apbbus_slv6_prdata</spirit:name>
        <spirit:direction>in</spirit:direction>
        <spirit:left>31</spirit:left>
        <spirit:right>0</spirit:right>
        <spirit:export>false</spirit:export>
      </spirit:signal>
      <spirit:signal>
        <spirit:name>i_apbbus_slv6_paddr</spirit:name>
        <spirit:direction>out</spirit:direction>
        <spirit:left>31</spirit:left>
        <spirit:right>0</spirit:right>
        <spirit:export>false</spirit:export>
      </spirit:signal>
      <spirit:signal>
        <spirit:name>i_apbbus_slv6_penable</spirit:name>
        <spirit:direction>out</spirit:direction>
        <spirit:export>false</spirit:export>
      </spirit:signal>
      <spirit:signal>
        <spirit:name>i_apbbus_slv6_psel</spirit:name>
        <spirit:direction>out</spirit:direction>
        <spirit:export>false</spirit:export>
      </spirit:signal>
      <spirit:signal>
        <spirit:name>i_apbbus_slv6_pwdata</spirit:name>
        <spirit:direction>out</spirit:direction>
        <spirit:left>31</spirit:left>
        <spirit:right>0</spirit:right>
        <spirit:export>false</spirit:export>
      </spirit:signal>
      <spirit:signal>
        <spirit:name>i_apbbus_slv6_pwrite</spirit:name>
        <spirit:direction>out</spirit:direction>
        <spirit:export>false</spirit:export>
      </spirit:signal>
      <spirit:signal>
        <spirit:name>i_apbbus_slv7_prdata</spirit:name>
        <spirit:direction>in</spirit:direction>
        <spirit:left>31</spirit:left>
        <spirit:right>0</spirit:right>
        <spirit:export>false</spirit:export>
      </spirit:signal>
      <spirit:signal>
        <spirit:name>i_apbbus_slv7_paddr</spirit:name>
        <spirit:direction>out</spirit:direction>
        <spirit:left>31</spirit:left>
        <spirit:right>0</spirit:right>
        <spirit:export>false</spirit:export>
      </spirit:signal>
      <spirit:signal>
        <spirit:name>i_apbbus_slv7_penable</spirit:name>
        <spirit:direction>out</spirit:direction>
        <spirit:export>false</spirit:export>
      </spirit:signal>
      <spirit:signal>
        <spirit:name>i_apbbus_slv7_psel</spirit:name>
        <spirit:direction>out</spirit:direction>
        <spirit:export>false</spirit:export>
      </spirit:signal>
      <spirit:signal>
        <spirit:name>i_apbbus_slv7_pwdata</spirit:name>
        <spirit:direction>out</spirit:direction>
        <spirit:left>31</spirit:left>
        <spirit:right>0</spirit:right>
        <spirit:export>false</spirit:export>
      </spirit:signal>
      <spirit:signal>
        <spirit:name>i_apbbus_slv7_pwrite</spirit:name>
        <spirit:direction>out</spirit:direction>
        <spirit:export>false</spirit:export>
      </spirit:signal>
    </spirit:signals>
  </spirit:model>
  <spirit:fileSets>
    <spirit:fileSet spirit:fileSetId="source-code">
      <spirit:file>
        <spirit:name>hdlsrc/apbSubSystem_ent.vhd</spirit:name>
        <spirit:fileType>vhdlSource</spirit:fileType>
        <spirit:logicalName>work</spirit:logicalName>
      </spirit:file>
      <spirit:file>
        <spirit:name>hdlsrc/apbSubSystem_pack.vhd</spirit:name>
        <spirit:fileType>vhdlSource</spirit:fileType>
        <spirit:logicalName>work</spirit:logicalName>
      </spirit:file>
      <spirit:file>
        <spirit:name>hdlsrc/apbSubSystem_arch.vhd</spirit:name>
        <spirit:fileType>vhdlSource</spirit:fileType>
        <spirit:logicalName>work</spirit:logicalName>
      </spirit:file>
    </spirit:fileSet>
  </spirit:fileSets>
</spirit:component>
