<?xml version="1.0"?>
<spirit:design xmlns:spirit="http://www.spiritconsortium.org/XMLSchema/SPIRIT/1.2" xmlns:xsi="http://www.w3.org/2001/XMLSchema-instance" xsi:schemaLocation="http://www.spiritconsortium.org/XMLSchema/SPIRIT/1.2 http://www.spiritconsortium.org/XMLSchema/SPIRIT/1.2/design.xsd">
  <spirit:vendor>spiritconsortium.org</spirit:vendor>
  <spirit:library>Leon2</spirit:library>
  <spirit:name>design_apbSubSystem</spirit:name>
  <spirit:version>1.0</spirit:version>
  <spirit:componentInstances>
    <spirit:componentInstance>
      <spirit:instanceName>i_apbbus8</spirit:instanceName>
      <spirit:componentRef spirit:vendor="spiritconsortium.org" spirit:library="Leon2" spirit:name="apbbus8" spirit:version="1.2"/>
      <spirit:configuration>
        <spirit:configurableElement spirit:referenceId="rangeSlv0">
          <spirit:configurableElementValue>4096</spirit:configurableElementValue>
        </spirit:configurableElement>
        <spirit:configurableElement spirit:referenceId="rangeSlv1">
          <spirit:configurableElementValue>4096</spirit:configurableElementValue>
        </spirit:configurableElement>
        <spirit:configurableElement spirit:referenceId="rangeSlv2">
          <spirit:configurableElementValue>4096</spirit:configurableElementValue>
        </spirit:configurableElement>
        <spirit:configurableElement spirit:referenceId="rangeSlv3">
          <spirit:configurableElementValue>4096</spirit:configurableElementValue>
        </spirit:configurableElement>
        <spirit:configurableElement spirit:referenceId="rangeSlv4">
          <spirit:configurableElementValue>4096</spirit:configurableElementValue>
        </spirit:configurableElement>
        <spirit:configurableElement spirit:referenceId="rangeSlv5">
          <spirit:configurableElementValue>4096</spirit:configurableElementValue>
        </spirit:configurableElement>
        <spirit:configurableElement spirit:referenceId="rangeSlv6">
          <spirit:configurableElementValue>4096</spirit:configurableElementValue>
        </spirit:configurableElement>
        <spirit:configurableElement spirit:referenceId="rangeSlv7">
          <spirit:configurableElementValue>4096</spirit:configurableElementValue>
        </spirit:configurableElement>
        <spirit:configurableElement spirit:referenceId="remapAddressSlv0">
          <spirit:configurableElementValue>0x0</spirit:configurableElementValue>
        </spirit:configurableElement>
        <spirit:configurableElement spirit:referenceId="remapAddressSlv1">
          <spirit:configurableElementValue>0x1000</spirit:configurableElementValue>
        </spirit:configurableElement>
        <spirit:configurableElement spirit:referenceId="remapAddressSlv2">
          <spirit:configurableElementValue>0x2000</spirit:configurableElementValue>
        </spirit:configurableElement>
        <spirit:configurableElement spirit:referenceId="remapAddressSlv3">
          <spirit:configurableElementValue>0x3000</spirit:configurableElementValue>
        </spirit:configurableElement>
        <spirit:configurableElement spirit:referenceId="remapAddressSlv4">
          <spirit:configurableElementValue>0x4000</spirit:configurableElementValue>
        </spirit:configurableElement>
        <spirit:configurableElement spirit:referenceId="remapAddressSlv5">
          <spirit:configurableElementValue>0x5000</spirit:configurableElementValue>
        </spirit:configurableElement>
        <spirit:configurableElement spirit:referenceId="remapAddressSlv6">
          <spirit:configurableElementValue>0x6000</spirit:configurableElementValue>
        </spirit:configurableElement>
        <spirit:configurableElement spirit:referenceId="remapAddressSlv7">
          <spirit:configurableElementValue>0x7000</spirit:configurableElementValue>
        </spirit:configurableElement>
      </spirit:configuration>
    </spirit:componentInstance>
    <spirit:componentInstance>
      <spirit:instanceName>i_apbmst</spirit:instanceName>
      <spirit:componentRef spirit:vendor="spiritconsortium.org" spirit:library="Leon2" spirit:name="apbmst" spirit:version="1.2"/>
      <spirit:configuration>
        <spirit:configurableElement spirit:referenceId="masterRange">
          <spirit:configurableElementValue>1M</spirit:configurableElementValue>
        </spirit:configurableElement>
      </spirit:configuration>
    </spirit:componentInstance>
    <spirit:componentInstance>
      <spirit:instanceName>i_irqctrl</spirit:instanceName>
      <spirit:componentRef spirit:vendor="spiritconsortium.org" spirit:library="Leon2" spirit:name="irqctrl" spirit:version="1.2"/>
    </spirit:componentInstance>
    <spirit:componentInstance>
      <spirit:instanceName>i_timers</spirit:instanceName>
      <spirit:componentRef spirit:vendor="spiritconsortium.org" spirit:library="Leon2" spirit:name="timers" spirit:version="1.2"/>
      <spirit:configuration>
        <spirit:configurableElement spirit:referenceId="TPRESC">
          <spirit:configurableElementValue>22</spirit:configurableElementValue>
        </spirit:configurableElement>
      </spirit:configuration>
    </spirit:componentInstance>
    <spirit:componentInstance>
      <spirit:instanceName>i_uart</spirit:instanceName>
      <spirit:componentRef spirit:vendor="spiritconsortium.org" spirit:library="Leon2" spirit:name="uart" spirit:version="1.2"/>
      <spirit:configuration>
        <spirit:configurableElement spirit:referenceId="ClockPeriod">
          <spirit:configurableElementValue>8</spirit:configurableElementValue>
        </spirit:configurableElement>
        <spirit:configurableElement spirit:referenceId="ClockPulseDuration">
          <spirit:configurableElementValue>4</spirit:configurableElementValue>
        </spirit:configurableElement>
        <spirit:configurableElement spirit:referenceId="ClockPulseOffset">
          <spirit:configurableElementValue>4</spirit:configurableElementValue>
        </spirit:configurableElement>
        <spirit:configurableElement spirit:referenceId="ClockPulseValue">
          <spirit:configurableElementValue>1</spirit:configurableElementValue>
        </spirit:configurableElement>
        <spirit:configurableElement spirit:referenceId="EXTBAUD">
          <spirit:configurableElementValue>false</spirit:configurableElementValue>
        </spirit:configurableElement>
        <spirit:configurableElement spirit:referenceId="VirtualClockPeriod">
          <spirit:configurableElementValue>8</spirit:configurableElementValue>
        </spirit:configurableElement>
        <spirit:configurableElement spirit:referenceId="VirtualClockPulseDuration">
          <spirit:configurableElementValue>4</spirit:configurableElementValue>
        </spirit:configurableElement>
        <spirit:configurableElement spirit:referenceId="VirtualClockPulseOffset">
          <spirit:configurableElementValue>4</spirit:configurableElementValue>
        </spirit:configurableElement>
        <spirit:configurableElement spirit:referenceId="VirtualClockPulseValue">
          <spirit:configurableElementValue>1</spirit:configurableElementValue>
        </spirit:configurableElement>
      </spirit:configuration>
    </spirit:componentInstance>
    <spirit:componentInstance>
      <spirit:instanceName>i_uart_1</spirit:instanceName>
      <spirit:componentRef spirit:vendor="spiritconsortium.org" spirit:library="Leon2" spirit:name="uart" spirit:version="1.2"/>
      <spirit:configuration>
        <spirit:configurableElement spirit:referenceId="ClockPeriod">
          <spirit:configurableElementValue>8</spirit:configurableElementValue>
        </spirit:configurableElement>
        <spirit:configurableElement spirit:referenceId="ClockPulseDuration">
          <spirit:configurableElementValue>4</spirit:configurableElementValue>
        </spirit:configurableElement>
        <spirit:configurableElement spirit:referenceId="ClockPulseOffset">
          <spirit:configurableElementValue>4</spirit:configurableElementValue>
        </spirit:configurableElement>
        <spirit:configurableElement spirit:referenceId="ClockPulseValue">
          <spirit:configurableElementValue>1</spirit:configurableElementValue>
        </spirit:configurableElement>
        <spirit:configurableElement spirit:referenceId="EXTBAUD">
          <spirit:configurableElementValue>false</spirit:configurableElementValue>
        </spirit:configurableElement>
        <spirit:configurableElement spirit:referenceId="id_OutputFileName">
          <spirit:configurableElementValue>default.htm</spirit:configurableElementValue>
        </spirit:configurableElement>
        <spirit:configurableElement spirit:referenceId="VirtualClockPeriod">
          <spirit:configurableElementValue>8</spirit:configurableElementValue>
        </spirit:configurableElement>
        <spirit:configurableElement spirit:referenceId="VirtualClockPulseDuration">
          <spirit:configurableElementValue>4</spirit:configurableElementValue>
        </spirit:configurableElement>
        <spirit:configurableElement spirit:referenceId="VirtualClockPulseOffset">
          <spirit:configurableElementValue>4</spirit:configurableElementValue>
        </spirit:configurableElement>
        <spirit:configurableElement spirit:referenceId="VirtualClockPulseValue">
          <spirit:configurableElementValue>1</spirit:configurableElementValue>
        </spirit:configurableElement>
      </spirit:configuration>
    </spirit:componentInstance>
    <spirit:componentInstance>
      <spirit:instanceName>i_uartcrosser</spirit:instanceName>
      <spirit:componentRef spirit:vendor="spiritconsortium.org" spirit:library="Leon2" spirit:name="uartcrosser" spirit:version="1.2"/>
      <spirit:configuration>
        <spirit:configurableElement spirit:referenceId="ScalerValue">
          <spirit:configurableElementValue>0x1</spirit:configurableElementValue>
        </spirit:configurableElement>
      </spirit:configuration>
    </spirit:componentInstance>
  </spirit:componentInstances>
  <spirit:interconnections>
    <spirit:interconnection>
      <spirit:activeInterface spirit:componentRef="i_apbmst" spirit:busRef="ambaAPB"/>
      <spirit:activeInterface spirit:componentRef="i_apbbus8" spirit:busRef="MirroredMaster"/>
    </spirit:interconnection>
    <spirit:interconnection>
      <spirit:activeInterface spirit:componentRef="i_irqctrl" spirit:busRef="ambaAPB"/>
      <spirit:activeInterface spirit:componentRef="i_apbbus8" spirit:busRef="MirroredSlave0"/>
    </spirit:interconnection>
    <spirit:interconnection>
      <spirit:activeInterface spirit:componentRef="i_timers" spirit:busRef="ambaAPB"/>
      <spirit:activeInterface spirit:componentRef="i_apbbus8" spirit:busRef="MirroredSlave1"/>
    </spirit:interconnection>
    <spirit:interconnection>
      <spirit:activeInterface spirit:componentRef="i_uart" spirit:busRef="ambaAPB"/>
      <spirit:activeInterface spirit:componentRef="i_apbbus8" spirit:busRef="MirroredSlave2"/>
    </spirit:interconnection>
    <spirit:interconnection>
      <spirit:activeInterface spirit:componentRef="i_uart_1" spirit:busRef="ambaAPB"/>
      <spirit:activeInterface spirit:componentRef="i_apbbus8" spirit:busRef="MirroredSlave3"/>
    </spirit:interconnection>
    <spirit:interconnection>
      <spirit:activeInterface spirit:componentRef="i_irqctrl" spirit:busRef="SlaveInt1"/>
      <spirit:activeInterface spirit:componentRef="i_timers" spirit:busRef="Int0"/>
    </spirit:interconnection>
    <spirit:interconnection>
      <spirit:activeInterface spirit:componentRef="i_irqctrl" spirit:busRef="SlaveInt2"/>
      <spirit:activeInterface spirit:componentRef="i_timers" spirit:busRef="Int1"/>
    </spirit:interconnection>
    <spirit:interconnection>
      <spirit:activeInterface spirit:componentRef="i_irqctrl" spirit:busRef="SlaveInt0"/>
      <spirit:activeInterface spirit:componentRef="i_uart" spirit:busRef="Interrupt"/>
    </spirit:interconnection>
    <spirit:interconnection>
      <spirit:activeInterface spirit:componentRef="i_irqctrl" spirit:busRef="SlaveInt3"/>
      <spirit:activeInterface spirit:componentRef="i_uart_1" spirit:busRef="Interrupt"/>
    </spirit:interconnection>
    <spirit:interconnection>
      <spirit:activeInterface spirit:componentRef="i_uart" spirit:busRef="serial"/>
      <spirit:activeInterface spirit:componentRef="i_uartcrosser" spirit:busRef="Uart0"/>
    </spirit:interconnection>
    <spirit:interconnection>
      <spirit:activeInterface spirit:componentRef="i_uart_1" spirit:busRef="serial"/>
      <spirit:activeInterface spirit:componentRef="i_uartcrosser" spirit:busRef="Uart1"/>
    </spirit:interconnection>
  </spirit:interconnections>
  <spirit:adHocConnections>
    <spirit:adHocConnection>
      <spirit:pinReference spirit:componentRef="i_uart_1" spirit:signalRef="scaler" spirit:left="7" spirit:right="0"/>
      <spirit:pinReference spirit:componentRef="i_uart" spirit:signalRef="scaler" spirit:left="7" spirit:right="0"/>
      <spirit:pinReference spirit:componentRef="i_uartcrosser" spirit:signalRef="scaler" spirit:left="7" spirit:right="0"/>
    </spirit:adHocConnection>
    <spirit:adHocConnection spirit:name="**logic_one**">
      <spirit:export spirit:id="logic_one">true</spirit:export>
      <spirit:pinReference spirit:componentRef="i_timers" spirit:signalRef="freezetime"/>
    </spirit:adHocConnection>
    <spirit:adHocConnection spirit:name="**logic_zero**">
      <spirit:export spirit:id="logic_zero">true</spirit:export>
      <spirit:pinReference spirit:componentRef="i_irqctrl" spirit:signalRef="irq" spirit:left="14" spirit:right="14"/>
      <spirit:pinReference spirit:componentRef="i_irqctrl" spirit:signalRef="irq" spirit:left="13" spirit:right="13"/>
      <spirit:pinReference spirit:componentRef="i_irqctrl" spirit:signalRef="irq" spirit:left="12" spirit:right="12"/>
      <spirit:pinReference spirit:componentRef="i_irqctrl" spirit:signalRef="irq" spirit:left="11" spirit:right="11"/>
      <spirit:pinReference spirit:componentRef="i_irqctrl" spirit:signalRef="irq" spirit:left="10" spirit:right="10"/>
      <spirit:pinReference spirit:componentRef="i_irqctrl" spirit:signalRef="irq" spirit:left="9" spirit:right="9"/>
      <spirit:pinReference spirit:componentRef="i_irqctrl" spirit:signalRef="irq" spirit:left="8" spirit:right="8"/>
      <spirit:pinReference spirit:componentRef="i_irqctrl" spirit:signalRef="irq" spirit:left="7" spirit:right="7"/>
      <spirit:pinReference spirit:componentRef="i_irqctrl" spirit:signalRef="irq" spirit:left="6" spirit:right="6"/>
      <spirit:pinReference spirit:componentRef="i_irqctrl" spirit:signalRef="irq" spirit:left="5" spirit:right="5"/>
      <spirit:pinReference spirit:componentRef="i_irqctrl" spirit:signalRef="irq" spirit:left="4" spirit:right="4"/>
      <spirit:pinReference spirit:componentRef="i_timers" spirit:signalRef="dresp"/>
      <spirit:pinReference spirit:componentRef="i_timers" spirit:signalRef="dsuact"/>
      <spirit:pinReference spirit:componentRef="i_timers" spirit:signalRef="dsubre"/>
      <spirit:pinReference spirit:componentRef="i_timers" spirit:signalRef="dsuen"/>
      <spirit:pinReference spirit:componentRef="i_timers" spirit:signalRef="lresp"/>
      <spirit:pinReference spirit:componentRef="i_timers" spirit:signalRef="ntrace"/>
    </spirit:adHocConnection>
  </spirit:adHocConnections>
  <spirit:hierConnections>
    <spirit:hierConnection spirit:interfaceName="i_apbbus_slv4">
      <spirit:componentRef>i_apbbus8</spirit:componentRef>
      <spirit:interfaceRef>MirroredSlave4</spirit:interfaceRef>
    </spirit:hierConnection>
    <spirit:hierConnection spirit:interfaceName="ex_ambaAHB">
      <spirit:componentRef>i_apbmst</spirit:componentRef>
      <spirit:interfaceRef>ambaAHB</spirit:interfaceRef>
    </spirit:hierConnection>
    <spirit:hierConnection spirit:interfaceName="AHBReset">
      <spirit:componentRef>i_apbmst</spirit:componentRef>
      <spirit:interfaceRef>AHBReset</spirit:interfaceRef>
    </spirit:hierConnection>
    <spirit:hierConnection spirit:interfaceName="i_apbbus_slv5">
      <spirit:componentRef>i_apbbus8</spirit:componentRef>
      <spirit:interfaceRef>MirroredSlave5</spirit:interfaceRef>
    </spirit:hierConnection>
    <spirit:hierConnection spirit:interfaceName="i_apbbus_slv6">
      <spirit:componentRef>i_apbbus8</spirit:componentRef>
      <spirit:interfaceRef>MirroredSlave6</spirit:interfaceRef>
    </spirit:hierConnection>
    <spirit:hierConnection spirit:interfaceName="i_apbbus_slv7">
      <spirit:componentRef>i_apbbus8</spirit:componentRef>
      <spirit:interfaceRef>MirroredSlave7</spirit:interfaceRef>
    </spirit:hierConnection>
    <spirit:hierConnection spirit:interfaceName="APBClk_0">
      <spirit:componentRef>i_timers</spirit:componentRef>
      <spirit:interfaceRef>APBClk</spirit:interfaceRef>
    </spirit:hierConnection>
    <spirit:hierConnection spirit:interfaceName="APBClk_1">
      <spirit:componentRef>i_uart</spirit:componentRef>
      <spirit:interfaceRef>APBClk</spirit:interfaceRef>
    </spirit:hierConnection>
    <spirit:hierConnection spirit:interfaceName="APBClk_2">
      <spirit:componentRef>i_uart_1</spirit:componentRef>
      <spirit:interfaceRef>APBClk</spirit:interfaceRef>
    </spirit:hierConnection>
    <spirit:hierConnection spirit:interfaceName="APBClk_3">
      <spirit:componentRef>i_irqctrl</spirit:componentRef>
      <spirit:interfaceRef>APBClk</spirit:interfaceRef>
    </spirit:hierConnection>
    <spirit:hierConnection spirit:interfaceName="Interrupt">
      <spirit:componentRef>i_irqctrl</spirit:componentRef>
      <spirit:interfaceRef>MasterInt</spirit:interfaceRef>
    </spirit:hierConnection>
    <spirit:hierConnection spirit:interfaceName="APBReset_0">
      <spirit:componentRef>i_timers</spirit:componentRef>
      <spirit:interfaceRef>APBReset</spirit:interfaceRef>
    </spirit:hierConnection>
    <spirit:hierConnection spirit:interfaceName="APBReset_1">
      <spirit:componentRef>i_uart</spirit:componentRef>
      <spirit:interfaceRef>APBReset</spirit:interfaceRef>
    </spirit:hierConnection>
    <spirit:hierConnection spirit:interfaceName="APBReset_2">
      <spirit:componentRef>i_uart_1</spirit:componentRef>
      <spirit:interfaceRef>APBReset</spirit:interfaceRef>
    </spirit:hierConnection>
    <spirit:hierConnection spirit:interfaceName="APBReset_3">
      <spirit:componentRef>i_irqctrl</spirit:componentRef>
      <spirit:interfaceRef>APBReset</spirit:interfaceRef>
    </spirit:hierConnection>
    <spirit:hierConnection spirit:interfaceName="AHBClk">
      <spirit:componentRef>i_apbmst</spirit:componentRef>
      <spirit:interfaceRef>AHBClk</spirit:interfaceRef>
    </spirit:hierConnection>
  </spirit:hierConnections>
</spirit:design>
