<?xml version="1.0"?>
<!-- 
// Copyright (c) 2005, 2006, 2007 The SPIRIT Consortium.  All rights reserved.
// www.spiritconsortium.org
//
// THIS WORK FORMS PART OF A SPIRIT CONSORTIUM SPECIFICATION.
// USE OF THESE MATERIALS ARE GOVERNED BY
// THE LEGAL TERMS AND CONDITIONS OUTLINED IN THE SPIRIT
// SPECIFICATION DISCLAIMER AVAILABLE FROM
// www.spiritconsortium.org
//
// This source file is provided on an AS IS basis. The SPIRIT Consortium disclaims 
// ANY WARRANTY EXPRESS OR IMPLIED INCLUDING ANY WARRANTY OF
// MERCHANTABILITY AND FITNESS FOR USE FOR A PARTICULAR PURPOSE. 
// The user of the source file shall indemnify and hold The SPIRIT Consortium harmless
// from any damages or liability arising out of the use thereof or the performance or
// implementation or partial implementation of the schema.
  -->
<spirit:component xmlns:spirit="http://www.spiritconsortium.org/XMLSchema/SPIRIT/1.4" xmlns:xsi="http://www.w3.org/2001/XMLSchema-instance" xsi:schemaLocation="http://www.spiritconsortium.org/XMLSchema/SPIRIT/1.4 http://www.spiritconsortium.org/XMLSchema/SPIRIT/1.4/index.xsd">
  <spirit:vendor>spiritconsortium.org</spirit:vendor>
  <spirit:library>Leon2TLM</spirit:library>
  <spirit:name>Leon2Platform</spirit:name>
  <spirit:version>1.4</spirit:version>
  <spirit:model>
    <spirit:views>
      <spirit:view>
        <spirit:name>spirit-design</spirit:name>
        <spirit:envIdentifier>::Hierarchy</spirit:envIdentifier>
        <spirit:hierarchyRef spirit:vendor="spiritconsortium.org" spirit:library="Leon2TLM" spirit:name="design_Leon2Platform" spirit:version="1.4"/>
      </spirit:view>
      <spirit:view>
        <spirit:name>TLM_PV</spirit:name>
        <spirit:envIdentifier>:osci.systemc.org:</spirit:envIdentifier>
        <spirit:language spirit:strict="true">SystemC</spirit:language>
        <spirit:modelName>top_design</spirit:modelName>
        <spirit:fileSetRef>sourceCode</spirit:fileSetRef>
      </spirit:view>
    </spirit:views>
  </spirit:model>
  <spirit:ports>
      <spirit:port>
        <spirit:name>clkin</spirit:name>
        <spirit:wire>
          <spirit:direction>in</spirit:direction>
          <spirit:driver>
            <spirit:clockDriver spirit:clockName="clkin">
              <spirit:clockPeriod spirit:id="ClockPeriod" spirit:prompt="Clock Pulse Period:" spirit:resolve="user">100</spirit:clockPeriod>
              <spirit:clockPulseOffset spirit:id="ClockPulseOffset" spirit:prompt="Clock Pulse Offset:" spirit:resolve="user">50</spirit:clockPulseOffset>
              <spirit:clockPulseValue spirit:id="ClockPulseValue" spirit:prompt="Clock Pulse Value:" spirit:resolve="user">1</spirit:clockPulseValue>
              <spirit:clockPulseDuration spirit:id="ClockPulseDuration" spirit:prompt="Clock Pulse Duration:" spirit:resolve="user">50</spirit:clockPulseDuration>
            </spirit:clockDriver>
          </spirit:driver>
        </spirit:wire>
      </spirit:port>
      <spirit:port>
        <spirit:name>rstin_an</spirit:name>
        <spirit:wire>
          <spirit:direction>in</spirit:direction>
          <spirit:driver>
            <spirit:singleShotDriver>
              <spirit:singleShotOffset>500</spirit:singleShotOffset>
              <spirit:singleShotValue>1</spirit:singleShotValue>
              <spirit:singleShotDuration>1000</spirit:singleShotDuration>
            </spirit:singleShotDriver>
          </spirit:driver>
        </spirit:wire>
      </spirit:port>
    </spirit:ports>
  <spirit:fileSets>
    <spirit:fileSet>
      <spirit:name>sourceCode</spirit:name>
      <spirit:file>
        <spirit:name>tlmsrc/top_design.h</spirit:name>
        <spirit:fileType>systemCSource</spirit:fileType>
        <spirit:isIncludeFile>true</spirit:isIncludeFile>
        <spirit:logicalName>top_design</spirit:logicalName>
      </spirit:file>
    </spirit:fileSet>
  </spirit:fileSets>
</spirit:component>
