<?xml version="1.0" encoding="UTF-8"?>
<spirit:abstractionDefinition xmlns:spirit="http://www.spiritconsortium.org/XMLSchema/SPIRIT/1.4"
                              xmlns:xsi="http://www.w3.org/2001/XMLSchema-instance"
                              xsi:schemaLocation="http://www.spiritconsortium.org/XMLSchema/SPIRIT/1.4 http://www.spiritconsortium.org/XMLSchema/SPIRIT/1.4/index.xsd">
   <spirit:vendor>spiritconsortium.org</spirit:vendor>
   <spirit:library>busdef.direct</spirit:library>
   <spirit:name>direct_rtl</spirit:name>
   <spirit:version>1.0</spirit:version>
   <spirit:busType spirit:vendor="spiritconsortium.org" spirit:library="busdef.direct" spirit:name="direct" spirit:version="1.0"/>
   <spirit:ports>
      <spirit:port>
         <spirit:logicalName>PADDR</spirit:logicalName>
         <spirit:wire>
            <spirit:qualifier>
               <spirit:isAddress>true</spirit:isAddress>
            </spirit:qualifier>
            <spirit:onMaster>
               <spirit:direction>out</spirit:direction>
            </spirit:onMaster>
            <spirit:onSlave>
               <spirit:direction>in</spirit:direction>
            </spirit:onSlave>
         </spirit:wire>
      </spirit:port>
	<spirit:port>
         <spirit:logicalName>PRDATA</spirit:logicalName>
         <spirit:wire>
            <spirit:qualifier>
               <spirit:isData>true</spirit:isData>
            </spirit:qualifier>
            <spirit:onMaster>
               <spirit:direction>in</spirit:direction>
            </spirit:onMaster>
            <spirit:onSlave>
               <spirit:direction>out</spirit:direction>
            </spirit:onSlave>
         </spirit:wire>
      </spirit:port>
	<spirit:port>
         <spirit:logicalName>PWDATA</spirit:logicalName>
         <spirit:wire>
            <spirit:qualifier>
               <spirit:isData>true</spirit:isData>
            </spirit:qualifier>
            <spirit:onMaster>
               <spirit:direction>out</spirit:direction>
            </spirit:onMaster>
            <spirit:onSlave>
               <spirit:direction>in</spirit:direction>
            </spirit:onSlave>
         </spirit:wire>
      </spirit:port>
    </spirit:ports>
    <spirit:description>Simple definition for testing addressing rule with direct connections</spirit:description>
</spirit:abstractionDefinition>
