<?xml version="1.0"?>
<!-- edited with XMLSPY v2004 rel. 2 U (http://www.xmlspy.com) by Christophe Amerijckx (STMicroelectronics) -->
<!--
// Description : ahbbus.xml
// Author : SPIRIT Schema Working Group - Christophe Amerijckx
// Version: 1.2
//
// Copyright (c) 2006 SPIRIT.  All rights reserved.
// www.spiritconsortium.org
//
// THIS WORK FORMS PART OF A SPIRIT CONSORTIUM SPECIFICATION.  
// THIS WORK CONTAINS TRADE SECRETS AND PROPRIETARY INFORMATION 
// WHICH IS THE EXCLUSIVE PROPERTY OF INDIVIDUAL MEMBERS OF THE 
// SPIRIT CONSORTIUM. USE OF THESE MATERIALS ARE GOVERNED BY 
// THE LEGAL TERMS AND CONDITIONS OUTLINED IN THE THE SPIRIT 
// SPECIFICATION DISCLAIMER AVAILABLE FROM
// www.spiritconsortium.org
-->
<spirit:component xmlns:spirit="http://www.spiritconsortium.org/XMLSchema/SPIRIT/1.2" xmlns:xsi="http://www.w3.org/2001/XMLSchema-instance" xsi:schemaLocation="http://www.spiritconsortium.org/XMLSchema/SPIRIT/1.2 http://www.spiritconsortium.org/XMLSchema/SPIRIT/1.2/index.xsd">
  <spirit:vendor>spiritconsortium.org</spirit:vendor>
  <spirit:library>Leon2</spirit:library>
  <spirit:name>apbbus8</spirit:name>
  <spirit:version>1.2</spirit:version>
  <spirit:busInterfaces>
    <spirit:busInterface>
      <spirit:name>MirroredMaster</spirit:name>
      <spirit:busType spirit:vendor="amba.com" spirit:library="AMBA2" spirit:name="APB" spirit:version="r2p0_4"/>
      <spirit:mirroredMaster/>
      <spirit:connection>required</spirit:connection>
      <spirit:signalMap>
        <spirit:signalName>
          <spirit:componentSignalName>psel_mst</spirit:componentSignalName>
          <spirit:busSignalName>PSELx</spirit:busSignalName>
        </spirit:signalName>
        <spirit:signalName>
          <spirit:componentSignalName>penable_mst</spirit:componentSignalName>
          <spirit:busSignalName>PENABLE</spirit:busSignalName>
        </spirit:signalName>
        <spirit:signalName>
          <spirit:componentSignalName>paddr_mst</spirit:componentSignalName>
          <spirit:busSignalName>PADDR</spirit:busSignalName>
        </spirit:signalName>
        <spirit:signalName>
          <spirit:componentSignalName>pwrite_mst</spirit:componentSignalName>
          <spirit:busSignalName>PWRITE</spirit:busSignalName>
        </spirit:signalName>
        <spirit:signalName>
          <spirit:componentSignalName>pwdata_mst</spirit:componentSignalName>
          <spirit:busSignalName>PWDATA</spirit:busSignalName>
        </spirit:signalName>
        <spirit:signalName>
          <spirit:componentSignalName>prdata_mst</spirit:componentSignalName>
          <spirit:busSignalName>PRDATA</spirit:busSignalName>
        </spirit:signalName>
      </spirit:signalMap>
    </spirit:busInterface>
    <spirit:busInterface>
      <spirit:name>MirroredSlave0</spirit:name>
      <spirit:busType spirit:vendor="amba.com" spirit:library="AMBA2" spirit:name="APB" spirit:version="r2p0_4"/>
      <spirit:mirroredSlave>
        <spirit:baseAddresses>
          <spirit:remapAddress spirit:id="remapAddressSlv0" spirit:resolve="user" spirit:prompt="Slave 0 Starting Address (18 bits):" spirit:maximum="262144" spirit:minimum="0" spirit:configGroups="requiredConfig">0</spirit:remapAddress>
          <spirit:range spirit:id="rangeSlv0" spirit:resolve="user" spirit:prompt="Slave 0 Range:" spirit:maximum="262144" spirit:minimum="0" spirit:configGroups="requiredConfig">4096</spirit:range>
        </spirit:baseAddresses>
      </spirit:mirroredSlave>
      <spirit:signalMap>
        <spirit:signalName>
          <spirit:componentSignalName>psel_slv0</spirit:componentSignalName>
          <spirit:busSignalName>PSELx</spirit:busSignalName>
        </spirit:signalName>
        <spirit:signalName>
          <spirit:componentSignalName>penable_slv0</spirit:componentSignalName>
          <spirit:busSignalName>PENABLE</spirit:busSignalName>
        </spirit:signalName>
        <spirit:signalName>
          <spirit:componentSignalName>paddr_slv0</spirit:componentSignalName>
          <spirit:busSignalName>PADDR</spirit:busSignalName>
        </spirit:signalName>
        <spirit:signalName>
          <spirit:componentSignalName>pwrite_slv0</spirit:componentSignalName>
          <spirit:busSignalName>PWRITE</spirit:busSignalName>
        </spirit:signalName>
        <spirit:signalName>
          <spirit:componentSignalName>pwdata_slv0</spirit:componentSignalName>
          <spirit:busSignalName>PWDATA</spirit:busSignalName>
        </spirit:signalName>
        <spirit:signalName>
          <spirit:componentSignalName>prdata_slv0</spirit:componentSignalName>
          <spirit:busSignalName>PRDATA</spirit:busSignalName>
        </spirit:signalName>
      </spirit:signalMap>
    </spirit:busInterface>
    <spirit:busInterface>
      <spirit:name>MirroredSlave1</spirit:name>
      <spirit:busType spirit:vendor="amba.com" spirit:library="AMBA2" spirit:name="APB" spirit:version="r2p0_4"/>
      <spirit:mirroredSlave>
        <spirit:baseAddresses>
          <spirit:remapAddress spirit:id="remapAddressSlv1" spirit:resolve="user" spirit:prompt="Slave 1 Starting Address (18 bits):" spirit:maximum="262144" spirit:minimum="0" spirit:configGroups="requiredConfig">4096</spirit:remapAddress>
          <spirit:range spirit:id="rangeSlv1" spirit:resolve="user" spirit:prompt="Slave 1 Range:" spirit:maximum="262144" spirit:minimum="0" spirit:configGroups="requiredConfig">4096</spirit:range>
        </spirit:baseAddresses>
      </spirit:mirroredSlave>
      <spirit:signalMap>
        <spirit:signalName>
          <spirit:componentSignalName>psel_slv1</spirit:componentSignalName>
          <spirit:busSignalName>PSELx</spirit:busSignalName>
        </spirit:signalName>
        <spirit:signalName>
          <spirit:componentSignalName>penable_slv1</spirit:componentSignalName>
          <spirit:busSignalName>PENABLE</spirit:busSignalName>
        </spirit:signalName>
        <spirit:signalName>
          <spirit:componentSignalName>paddr_slv1</spirit:componentSignalName>
          <spirit:busSignalName>PADDR</spirit:busSignalName>
        </spirit:signalName>
        <spirit:signalName>
          <spirit:componentSignalName>pwrite_slv1</spirit:componentSignalName>
          <spirit:busSignalName>PWRITE</spirit:busSignalName>
        </spirit:signalName>
        <spirit:signalName>
          <spirit:componentSignalName>pwdata_slv1</spirit:componentSignalName>
          <spirit:busSignalName>PWDATA</spirit:busSignalName>
        </spirit:signalName>
        <spirit:signalName>
          <spirit:componentSignalName>prdata_slv1</spirit:componentSignalName>
          <spirit:busSignalName>PRDATA</spirit:busSignalName>
        </spirit:signalName>
      </spirit:signalMap>
    </spirit:busInterface>
    <spirit:busInterface>
      <spirit:name>MirroredSlave2</spirit:name>
      <spirit:busType spirit:vendor="amba.com" spirit:library="AMBA2" spirit:name="APB" spirit:version="r2p0_4"/>
      <spirit:mirroredSlave>
        <spirit:baseAddresses>
          <spirit:remapAddress spirit:id="remapAddressSlv2" spirit:resolve="user" spirit:prompt="Slave 2 Starting Address (18 bits):" spirit:maximum="262144" spirit:minimum="0" spirit:configGroups="requiredConfig">8192</spirit:remapAddress>
          <spirit:range spirit:id="rangeSlv2" spirit:resolve="user" spirit:prompt="Slave 2 Range:" spirit:maximum="262144" spirit:minimum="0" spirit:configGroups="requiredConfig">4096</spirit:range>
        </spirit:baseAddresses>
      </spirit:mirroredSlave>
      <spirit:signalMap>
        <spirit:signalName>
          <spirit:componentSignalName>psel_slv2</spirit:componentSignalName>
          <spirit:busSignalName>PSELx</spirit:busSignalName>
        </spirit:signalName>
        <spirit:signalName>
          <spirit:componentSignalName>penable_slv2</spirit:componentSignalName>
          <spirit:busSignalName>PENABLE</spirit:busSignalName>
        </spirit:signalName>
        <spirit:signalName>
          <spirit:componentSignalName>paddr_slv2</spirit:componentSignalName>
          <spirit:busSignalName>PADDR</spirit:busSignalName>
        </spirit:signalName>
        <spirit:signalName>
          <spirit:componentSignalName>pwrite_slv2</spirit:componentSignalName>
          <spirit:busSignalName>PWRITE</spirit:busSignalName>
        </spirit:signalName>
        <spirit:signalName>
          <spirit:componentSignalName>pwdata_slv2</spirit:componentSignalName>
          <spirit:busSignalName>PWDATA</spirit:busSignalName>
        </spirit:signalName>
        <spirit:signalName>
          <spirit:componentSignalName>prdata_slv2</spirit:componentSignalName>
          <spirit:busSignalName>PRDATA</spirit:busSignalName>
        </spirit:signalName>
      </spirit:signalMap>
    </spirit:busInterface>
    <spirit:busInterface>
      <spirit:name>MirroredSlave3</spirit:name>
      <spirit:busType spirit:vendor="amba.com" spirit:library="AMBA2" spirit:name="APB" spirit:version="r2p0_4"/>
      <spirit:mirroredSlave>
        <spirit:baseAddresses>
          <spirit:remapAddress spirit:id="remapAddressSlv3" spirit:resolve="user" spirit:prompt="Slave 3 Starting Address (18 bits):" spirit:maximum="262144" spirit:minimum="0" spirit:configGroups="requiredConfig">12288</spirit:remapAddress>
          <spirit:range spirit:id="rangeSlv3" spirit:resolve="user" spirit:prompt="Slave 3 Range:" spirit:maximum="262144" spirit:minimum="0" spirit:configGroups="requiredConfig">4096</spirit:range>
        </spirit:baseAddresses>
      </spirit:mirroredSlave>
      <spirit:signalMap>
        <spirit:signalName>
          <spirit:componentSignalName>psel_slv3</spirit:componentSignalName>
          <spirit:busSignalName>PSELx</spirit:busSignalName>
        </spirit:signalName>
        <spirit:signalName>
          <spirit:componentSignalName>penable_slv3</spirit:componentSignalName>
          <spirit:busSignalName>PENABLE</spirit:busSignalName>
        </spirit:signalName>
        <spirit:signalName>
          <spirit:componentSignalName>paddr_slv3</spirit:componentSignalName>
          <spirit:busSignalName>PADDR</spirit:busSignalName>
        </spirit:signalName>
        <spirit:signalName>
          <spirit:componentSignalName>pwrite_slv3</spirit:componentSignalName>
          <spirit:busSignalName>PWRITE</spirit:busSignalName>
        </spirit:signalName>
        <spirit:signalName>
          <spirit:componentSignalName>pwdata_slv3</spirit:componentSignalName>
          <spirit:busSignalName>PWDATA</spirit:busSignalName>
        </spirit:signalName>
        <spirit:signalName>
          <spirit:componentSignalName>prdata_slv3</spirit:componentSignalName>
          <spirit:busSignalName>PRDATA</spirit:busSignalName>
        </spirit:signalName>
      </spirit:signalMap>
    </spirit:busInterface>
    <spirit:busInterface>
      <spirit:name>MirroredSlave4</spirit:name>
      <spirit:busType spirit:vendor="amba.com" spirit:library="AMBA2" spirit:name="APB" spirit:version="r2p0_4"/>
      <spirit:mirroredSlave>
        <spirit:baseAddresses>
          <spirit:remapAddress spirit:id="remapAddressSlv4" spirit:resolve="user" spirit:prompt="Slave 4 Starting Address (18 bits):" spirit:maximum="262144" spirit:minimum="0" spirit:configGroups="requiredConfig">16384</spirit:remapAddress>
          <spirit:range spirit:id="rangeSlv4" spirit:resolve="user" spirit:prompt="Slave 4 Range:" spirit:maximum="262144" spirit:minimum="0" spirit:configGroups="requiredConfig">4096</spirit:range>
        </spirit:baseAddresses>
      </spirit:mirroredSlave>
      <spirit:signalMap>
        <spirit:signalName>
          <spirit:componentSignalName>psel_slv4</spirit:componentSignalName>
          <spirit:busSignalName>PSELx</spirit:busSignalName>
        </spirit:signalName>
        <spirit:signalName>
          <spirit:componentSignalName>penable_slv4</spirit:componentSignalName>
          <spirit:busSignalName>PENABLE</spirit:busSignalName>
        </spirit:signalName>
        <spirit:signalName>
          <spirit:componentSignalName>paddr_slv4</spirit:componentSignalName>
          <spirit:busSignalName>PADDR</spirit:busSignalName>
        </spirit:signalName>
        <spirit:signalName>
          <spirit:componentSignalName>pwrite_slv4</spirit:componentSignalName>
          <spirit:busSignalName>PWRITE</spirit:busSignalName>
        </spirit:signalName>
        <spirit:signalName>
          <spirit:componentSignalName>pwdata_slv4</spirit:componentSignalName>
          <spirit:busSignalName>PWDATA</spirit:busSignalName>
        </spirit:signalName>
        <spirit:signalName>
          <spirit:componentSignalName>prdata_slv4</spirit:componentSignalName>
          <spirit:busSignalName>PRDATA</spirit:busSignalName>
        </spirit:signalName>
      </spirit:signalMap>
    </spirit:busInterface>
    <spirit:busInterface>
      <spirit:name>MirroredSlave5</spirit:name>
      <spirit:busType spirit:vendor="amba.com" spirit:library="AMBA2" spirit:name="APB" spirit:version="r2p0_4"/>
      <spirit:mirroredSlave>
        <spirit:baseAddresses>
          <spirit:remapAddress spirit:id="remapAddressSlv5" spirit:resolve="user" spirit:prompt="Slave 5 Starting Address (18 bits):" spirit:maximum="262144" spirit:minimum="0" spirit:configGroups="requiredConfig">20480</spirit:remapAddress>
          <spirit:range spirit:id="rangeSlv5" spirit:resolve="user" spirit:prompt="Slave 5 Range:" spirit:maximum="262144" spirit:minimum="0" spirit:configGroups="requiredConfig">4096</spirit:range>
        </spirit:baseAddresses>
      </spirit:mirroredSlave>
      <spirit:signalMap>
        <spirit:signalName>
          <spirit:componentSignalName>psel_slv5</spirit:componentSignalName>
          <spirit:busSignalName>PSELx</spirit:busSignalName>
        </spirit:signalName>
        <spirit:signalName>
          <spirit:componentSignalName>penable_slv5</spirit:componentSignalName>
          <spirit:busSignalName>PENABLE</spirit:busSignalName>
        </spirit:signalName>
        <spirit:signalName>
          <spirit:componentSignalName>paddr_slv5</spirit:componentSignalName>
          <spirit:busSignalName>PADDR</spirit:busSignalName>
        </spirit:signalName>
        <spirit:signalName>
          <spirit:componentSignalName>pwrite_slv5</spirit:componentSignalName>
          <spirit:busSignalName>PWRITE</spirit:busSignalName>
        </spirit:signalName>
        <spirit:signalName>
          <spirit:componentSignalName>pwdata_slv5</spirit:componentSignalName>
          <spirit:busSignalName>PWDATA</spirit:busSignalName>
        </spirit:signalName>
        <spirit:signalName>
          <spirit:componentSignalName>prdata_slv5</spirit:componentSignalName>
          <spirit:busSignalName>PRDATA</spirit:busSignalName>
        </spirit:signalName>
      </spirit:signalMap>
    </spirit:busInterface>
    <spirit:busInterface>
      <spirit:name>MirroredSlave6</spirit:name>
      <spirit:busType spirit:vendor="amba.com" spirit:library="AMBA2" spirit:name="APB" spirit:version="r2p0_4"/>
      <spirit:mirroredSlave>
        <spirit:baseAddresses>
          <spirit:remapAddress spirit:id="remapAddressSlv6" spirit:resolve="user" spirit:prompt="Slave 6 Starting Address (18 bits):" spirit:maximum="262144" spirit:minimum="0" spirit:configGroups="requiredConfig">24576</spirit:remapAddress>
          <spirit:range spirit:id="rangeSlv6" spirit:resolve="user" spirit:prompt="Slave 6 Range:" spirit:maximum="262144" spirit:minimum="0" spirit:configGroups="requiredConfig">4096</spirit:range>
        </spirit:baseAddresses>
      </spirit:mirroredSlave>
      <spirit:signalMap>
        <spirit:signalName>
          <spirit:componentSignalName>psel_slv6</spirit:componentSignalName>
          <spirit:busSignalName>PSELx</spirit:busSignalName>
        </spirit:signalName>
        <spirit:signalName>
          <spirit:componentSignalName>penable_slv6</spirit:componentSignalName>
          <spirit:busSignalName>PENABLE</spirit:busSignalName>
        </spirit:signalName>
        <spirit:signalName>
          <spirit:componentSignalName>paddr_slv6</spirit:componentSignalName>
          <spirit:busSignalName>PADDR</spirit:busSignalName>
        </spirit:signalName>
        <spirit:signalName>
          <spirit:componentSignalName>pwrite_slv6</spirit:componentSignalName>
          <spirit:busSignalName>PWRITE</spirit:busSignalName>
        </spirit:signalName>
        <spirit:signalName>
          <spirit:componentSignalName>pwdata_slv6</spirit:componentSignalName>
          <spirit:busSignalName>PWDATA</spirit:busSignalName>
        </spirit:signalName>
        <spirit:signalName>
          <spirit:componentSignalName>prdata_slv6</spirit:componentSignalName>
          <spirit:busSignalName>PRDATA</spirit:busSignalName>
        </spirit:signalName>
      </spirit:signalMap>
    </spirit:busInterface>
    <spirit:busInterface>
      <spirit:name>MirroredSlave7</spirit:name>
      <spirit:busType spirit:vendor="amba.com" spirit:library="AMBA2" spirit:name="APB" spirit:version="r2p0_4"/>
      <spirit:mirroredSlave>
        <spirit:baseAddresses>
          <spirit:remapAddress spirit:id="remapAddressSlv7" spirit:resolve="user" spirit:prompt="Slave 7 Starting Address (18 bits):" spirit:maximum="262144" spirit:minimum="0" spirit:configGroups="requiredConfig">28672</spirit:remapAddress>
          <spirit:range spirit:id="rangeSlv7" spirit:resolve="user" spirit:prompt="Slave 7 Range:" spirit:maximum="262144" spirit:minimum="0" spirit:configGroups="requiredConfig">4096</spirit:range>
        </spirit:baseAddresses>
      </spirit:mirroredSlave>
      <spirit:signalMap>
        <spirit:signalName>
          <spirit:componentSignalName>psel_slv7</spirit:componentSignalName>
          <spirit:busSignalName>PSELx</spirit:busSignalName>
        </spirit:signalName>
        <spirit:signalName>
          <spirit:componentSignalName>penable_slv7</spirit:componentSignalName>
          <spirit:busSignalName>PENABLE</spirit:busSignalName>
        </spirit:signalName>
        <spirit:signalName>
          <spirit:componentSignalName>paddr_slv7</spirit:componentSignalName>
          <spirit:busSignalName>PADDR</spirit:busSignalName>
        </spirit:signalName>
        <spirit:signalName>
          <spirit:componentSignalName>pwrite_slv7</spirit:componentSignalName>
          <spirit:busSignalName>PWRITE</spirit:busSignalName>
        </spirit:signalName>
        <spirit:signalName>
          <spirit:componentSignalName>pwdata_slv7</spirit:componentSignalName>
          <spirit:busSignalName>PWDATA</spirit:busSignalName>
        </spirit:signalName>
        <spirit:signalName>
          <spirit:componentSignalName>prdata_slv7</spirit:componentSignalName>
          <spirit:busSignalName>PRDATA</spirit:busSignalName>
        </spirit:signalName>
      </spirit:signalMap>
    </spirit:busInterface>
  </spirit:busInterfaces>
  <spirit:channels>
    <spirit:channel>
      <spirit:name>APBChannel</spirit:name>
      <spirit:maxSlaves>8</spirit:maxSlaves>
      <spirit:busInterfaceRef>MirroredMaster</spirit:busInterfaceRef>
      <spirit:busInterfaceRef>MirroredSlave0</spirit:busInterfaceRef>
      <spirit:busInterfaceRef>MirroredSlave1</spirit:busInterfaceRef>
      <spirit:busInterfaceRef>MirroredSlave2</spirit:busInterfaceRef>
      <spirit:busInterfaceRef>MirroredSlave3</spirit:busInterfaceRef>
      <spirit:busInterfaceRef>MirroredSlave4</spirit:busInterfaceRef>
      <spirit:busInterfaceRef>MirroredSlave5</spirit:busInterfaceRef>
      <spirit:busInterfaceRef>MirroredSlave6</spirit:busInterfaceRef>
      <spirit:busInterfaceRef>MirroredSlave7</spirit:busInterfaceRef>
    </spirit:channel>
  </spirit:channels>
  <spirit:model>
    <spirit:views>
      <spirit:view>
        <spirit:name>vhdlsource</spirit:name>
        <spirit:envIdentifier>:modelsim.mentor.com:</spirit:envIdentifier>
        <spirit:envIdentifier>:ncsim.cadence.com:</spirit:envIdentifier>
        <spirit:envIdentifier>:vcs.synopsys.com:</spirit:envIdentifier>
        <spirit:envIdentifier>:designcompiler.synopsys.com:</spirit:envIdentifier>
        <spirit:language>vhdl</spirit:language>
        <spirit:modelName>leon2Apbbus8(struct)</spirit:modelName>
        <spirit:fileSetRef>fs-vhdlSource</spirit:fileSetRef>
      </spirit:view>
    </spirit:views>
    <spirit:signals>
      <spirit:signal>
        <spirit:name>psel_mst</spirit:name>
        <spirit:direction>in</spirit:direction>
      </spirit:signal>
      <spirit:signal>
        <spirit:name>penable_mst</spirit:name>
        <spirit:direction>in</spirit:direction>
      </spirit:signal>
      <spirit:signal>
        <spirit:name>paddr_mst</spirit:name>
        <spirit:direction>in</spirit:direction>
        <spirit:left>31</spirit:left>
        <spirit:right>0</spirit:right>
      </spirit:signal>
      <spirit:signal>
        <spirit:name>pwrite_mst</spirit:name>
        <spirit:direction>in</spirit:direction>
      </spirit:signal>
      <spirit:signal>
        <spirit:name>pwdata_mst</spirit:name>
        <spirit:direction>in</spirit:direction>
        <spirit:left>31</spirit:left>
        <spirit:right>0</spirit:right>
      </spirit:signal>
      <spirit:signal>
        <spirit:name>prdata_mst</spirit:name>
        <spirit:direction>out</spirit:direction>
        <spirit:left>31</spirit:left>
        <spirit:right>0</spirit:right>
      </spirit:signal>
      <spirit:signal>
        <spirit:name>psel_slv0</spirit:name>
        <spirit:direction>out</spirit:direction>
      </spirit:signal>
      <spirit:signal>
        <spirit:name>penable_slv0</spirit:name>
        <spirit:direction>out</spirit:direction>
      </spirit:signal>
      <spirit:signal>
        <spirit:name>paddr_slv0</spirit:name>
        <spirit:direction>out</spirit:direction>
        <spirit:left>31</spirit:left>
        <spirit:right>0</spirit:right>
      </spirit:signal>
      <spirit:signal>
        <spirit:name>pwrite_slv0</spirit:name>
        <spirit:direction>out</spirit:direction>
      </spirit:signal>
      <spirit:signal>
        <spirit:name>pwdata_slv0</spirit:name>
        <spirit:direction>out</spirit:direction>
        <spirit:left>31</spirit:left>
        <spirit:right>0</spirit:right>
      </spirit:signal>
      <spirit:signal>
        <spirit:name>prdata_slv0</spirit:name>
        <spirit:direction>in</spirit:direction>
        <spirit:left>31</spirit:left>
        <spirit:right>0</spirit:right>
      </spirit:signal>
      <spirit:signal>
        <spirit:name>psel_slv1</spirit:name>
        <spirit:direction>out</spirit:direction>
      </spirit:signal>
      <spirit:signal>
        <spirit:name>penable_slv1</spirit:name>
        <spirit:direction>out</spirit:direction>
      </spirit:signal>
      <spirit:signal>
        <spirit:name>paddr_slv1</spirit:name>
        <spirit:direction>out</spirit:direction>
        <spirit:left>31</spirit:left>
        <spirit:right>0</spirit:right>
      </spirit:signal>
      <spirit:signal>
        <spirit:name>pwrite_slv1</spirit:name>
        <spirit:direction>out</spirit:direction>
      </spirit:signal>
      <spirit:signal>
        <spirit:name>pwdata_slv1</spirit:name>
        <spirit:direction>out</spirit:direction>
        <spirit:left>31</spirit:left>
        <spirit:right>0</spirit:right>
      </spirit:signal>
      <spirit:signal>
        <spirit:name>prdata_slv1</spirit:name>
        <spirit:direction>in</spirit:direction>
        <spirit:left>31</spirit:left>
        <spirit:right>0</spirit:right>
      </spirit:signal>
      <spirit:signal>
        <spirit:name>psel_slv2</spirit:name>
        <spirit:direction>out</spirit:direction>
      </spirit:signal>
      <spirit:signal>
        <spirit:name>penable_slv2</spirit:name>
        <spirit:direction>out</spirit:direction>
      </spirit:signal>
      <spirit:signal>
        <spirit:name>paddr_slv2</spirit:name>
        <spirit:direction>out</spirit:direction>
        <spirit:left>31</spirit:left>
        <spirit:right>0</spirit:right>
      </spirit:signal>
      <spirit:signal>
        <spirit:name>pwrite_slv2</spirit:name>
        <spirit:direction>out</spirit:direction>
      </spirit:signal>
      <spirit:signal>
        <spirit:name>pwdata_slv2</spirit:name>
        <spirit:direction>out</spirit:direction>
        <spirit:left>31</spirit:left>
        <spirit:right>0</spirit:right>
      </spirit:signal>
      <spirit:signal>
        <spirit:name>prdata_slv2</spirit:name>
        <spirit:direction>in</spirit:direction>
        <spirit:left>31</spirit:left>
        <spirit:right>0</spirit:right>
      </spirit:signal>
      <spirit:signal>
        <spirit:name>psel_slv3</spirit:name>
        <spirit:direction>out</spirit:direction>
      </spirit:signal>
      <spirit:signal>
        <spirit:name>penable_slv3</spirit:name>
        <spirit:direction>out</spirit:direction>
      </spirit:signal>
      <spirit:signal>
        <spirit:name>paddr_slv3</spirit:name>
        <spirit:direction>out</spirit:direction>
        <spirit:left>31</spirit:left>
        <spirit:right>0</spirit:right>
      </spirit:signal>
      <spirit:signal>
        <spirit:name>pwrite_slv3</spirit:name>
        <spirit:direction>out</spirit:direction>
      </spirit:signal>
      <spirit:signal>
        <spirit:name>pwdata_slv3</spirit:name>
        <spirit:direction>out</spirit:direction>
        <spirit:left>31</spirit:left>
        <spirit:right>0</spirit:right>
      </spirit:signal>
      <spirit:signal>
        <spirit:name>prdata_slv3</spirit:name>
        <spirit:direction>in</spirit:direction>
        <spirit:left>31</spirit:left>
        <spirit:right>0</spirit:right>
      </spirit:signal>
      <spirit:signal>
        <spirit:name>psel_slv4</spirit:name>
        <spirit:direction>out</spirit:direction>
      </spirit:signal>
      <spirit:signal>
        <spirit:name>penable_slv4</spirit:name>
        <spirit:direction>out</spirit:direction>
      </spirit:signal>
      <spirit:signal>
        <spirit:name>paddr_slv4</spirit:name>
        <spirit:direction>out</spirit:direction>
        <spirit:left>31</spirit:left>
        <spirit:right>0</spirit:right>
      </spirit:signal>
      <spirit:signal>
        <spirit:name>pwrite_slv4</spirit:name>
        <spirit:direction>out</spirit:direction>
      </spirit:signal>
      <spirit:signal>
        <spirit:name>pwdata_slv4</spirit:name>
        <spirit:direction>out</spirit:direction>
        <spirit:left>31</spirit:left>
        <spirit:right>0</spirit:right>
      </spirit:signal>
      <spirit:signal>
        <spirit:name>prdata_slv4</spirit:name>
        <spirit:direction>in</spirit:direction>
        <spirit:left>31</spirit:left>
        <spirit:right>0</spirit:right>
      </spirit:signal>
      <spirit:signal>
        <spirit:name>psel_slv5</spirit:name>
        <spirit:direction>out</spirit:direction>
      </spirit:signal>
      <spirit:signal>
        <spirit:name>penable_slv5</spirit:name>
        <spirit:direction>out</spirit:direction>
      </spirit:signal>
      <spirit:signal>
        <spirit:name>paddr_slv5</spirit:name>
        <spirit:direction>out</spirit:direction>
        <spirit:left>31</spirit:left>
        <spirit:right>0</spirit:right>
      </spirit:signal>
      <spirit:signal>
        <spirit:name>pwrite_slv5</spirit:name>
        <spirit:direction>out</spirit:direction>
      </spirit:signal>
      <spirit:signal>
        <spirit:name>pwdata_slv5</spirit:name>
        <spirit:direction>out</spirit:direction>
        <spirit:left>31</spirit:left>
        <spirit:right>0</spirit:right>
      </spirit:signal>
      <spirit:signal>
        <spirit:name>prdata_slv5</spirit:name>
        <spirit:direction>in</spirit:direction>
        <spirit:left>31</spirit:left>
        <spirit:right>0</spirit:right>
      </spirit:signal>
      <spirit:signal>
        <spirit:name>psel_slv6</spirit:name>
        <spirit:direction>out</spirit:direction>
      </spirit:signal>
      <spirit:signal>
        <spirit:name>penable_slv6</spirit:name>
        <spirit:direction>out</spirit:direction>
      </spirit:signal>
      <spirit:signal>
        <spirit:name>paddr_slv6</spirit:name>
        <spirit:direction>out</spirit:direction>
        <spirit:left>31</spirit:left>
        <spirit:right>0</spirit:right>
      </spirit:signal>
      <spirit:signal>
        <spirit:name>pwrite_slv6</spirit:name>
        <spirit:direction>out</spirit:direction>
      </spirit:signal>
      <spirit:signal>
        <spirit:name>pwdata_slv6</spirit:name>
        <spirit:direction>out</spirit:direction>
        <spirit:left>31</spirit:left>
        <spirit:right>0</spirit:right>
      </spirit:signal>
      <spirit:signal>
        <spirit:name>prdata_slv6</spirit:name>
        <spirit:direction>in</spirit:direction>
        <spirit:left>31</spirit:left>
        <spirit:right>0</spirit:right>
      </spirit:signal>
      <spirit:signal>
        <spirit:name>psel_slv7</spirit:name>
        <spirit:direction>out</spirit:direction>
      </spirit:signal>
      <spirit:signal>
        <spirit:name>penable_slv7</spirit:name>
        <spirit:direction>out</spirit:direction>
      </spirit:signal>
      <spirit:signal>
        <spirit:name>paddr_slv7</spirit:name>
        <spirit:direction>out</spirit:direction>
        <spirit:left>31</spirit:left>
        <spirit:right>0</spirit:right>
      </spirit:signal>
      <spirit:signal>
        <spirit:name>pwrite_slv7</spirit:name>
        <spirit:direction>out</spirit:direction>
      </spirit:signal>
      <spirit:signal>
        <spirit:name>pwdata_slv7</spirit:name>
        <spirit:direction>out</spirit:direction>
        <spirit:left>31</spirit:left>
        <spirit:right>0</spirit:right>
      </spirit:signal>
      <spirit:signal>
        <spirit:name>prdata_slv7</spirit:name>
        <spirit:direction>in</spirit:direction>
        <spirit:left>31</spirit:left>
        <spirit:right>0</spirit:right>
      </spirit:signal>
    </spirit:signals>
    <spirit:modelParameters>
      <spirit:modelParameter spirit:dataType="integer" spirit:id="start_addr_slv0" spirit:name="start_addr_slv0" spirit:resolve="dependent" spirit:dependency="spirit:decode(id('remapAddressSlv0'))">0</spirit:modelParameter>
      <spirit:modelParameter spirit:dataType="integer" spirit:id="size_addr_slv0" spirit:name="range_slv0" spirit:resolve="dependent" spirit:dependency="spirit:decode(id('rangeSlv0'))">4096</spirit:modelParameter>
      <spirit:modelParameter spirit:dataType="integer" spirit:id="start_addr_slv1" spirit:name="start_addr_slv1" spirit:resolve="dependent" spirit:dependency="spirit:decode(id('remapAddressSlv1'))">8192</spirit:modelParameter>
      <spirit:modelParameter spirit:dataType="integer" spirit:id="size_addr_slv1" spirit:name="range_slv1" spirit:resolve="dependent" spirit:dependency="spirit:decode(id('rangeSlv1'))">4096</spirit:modelParameter>
      <spirit:modelParameter spirit:dataType="integer" spirit:id="start_addr_slv2" spirit:name="start_addr_slv2" spirit:resolve="dependent" spirit:dependency="spirit:decode(id('remapAddressSlv2'))">12288</spirit:modelParameter>
      <spirit:modelParameter spirit:dataType="integer" spirit:id="size_addr_slv2" spirit:name="range_slv2" spirit:resolve="dependent" spirit:dependency="spirit:decode(id('rangeSlv2'))">4096</spirit:modelParameter>
      <spirit:modelParameter spirit:dataType="integer" spirit:id="start_addr_slv3" spirit:name="start_addr_slv3" spirit:resolve="dependent" spirit:dependency="spirit:decode(id('remapAddressSlv3'))">16384</spirit:modelParameter>
      <spirit:modelParameter spirit:dataType="integer" spirit:id="size_addr_slv3" spirit:name="range_slv3" spirit:resolve="dependent" spirit:dependency="spirit:decode(id('rangeSlv3'))">4096</spirit:modelParameter>
      <spirit:modelParameter spirit:dataType="integer" spirit:id="start_addr_slv4" spirit:name="start_addr_slv4" spirit:resolve="dependent" spirit:dependency="spirit:decode(id('remapAddressSlv4'))">20480</spirit:modelParameter>
      <spirit:modelParameter spirit:dataType="integer" spirit:id="size_addr_slv4" spirit:name="range_slv4" spirit:resolve="dependent" spirit:dependency="spirit:decode(id('rangeSlv4'))">4096</spirit:modelParameter>
      <spirit:modelParameter spirit:dataType="integer" spirit:id="start_addr_slv5" spirit:name="start_addr_slv5" spirit:resolve="dependent" spirit:dependency="spirit:decode(id('remapAddressSlv5'))">24576</spirit:modelParameter>
      <spirit:modelParameter spirit:dataType="integer" spirit:id="size_addr_slv5" spirit:name="range_slv5" spirit:resolve="dependent" spirit:dependency="spirit:decode(id('rangeSlv5'))">4096</spirit:modelParameter>
      <spirit:modelParameter spirit:dataType="integer" spirit:id="start_addr_slv6" spirit:name="start_addr_slv6" spirit:resolve="dependent" spirit:dependency="spirit:decode(id('remapAddressSlv6'))">28672</spirit:modelParameter>
      <spirit:modelParameter spirit:dataType="integer" spirit:id="size_addr_slv6" spirit:name="range_slv6" spirit:resolve="dependent" spirit:dependency="spirit:decode(id('rangeSlv6'))">4096</spirit:modelParameter>
      <spirit:modelParameter spirit:dataType="integer" spirit:id="start_addr_slv7" spirit:name="start_addr_slv7" spirit:resolve="dependent" spirit:dependency="spirit:decode(id('remapAddressSlv7'))">32768</spirit:modelParameter>
      <spirit:modelParameter spirit:dataType="integer" spirit:id="size_addr_slv7" spirit:name="range_slv7" spirit:resolve="dependent" spirit:dependency="spirit:decode(id('rangeSlv7'))">4096</spirit:modelParameter>
      <spirit:modelParameter spirit:dataType="integer" spirit:id="number_ports" spirit:name="number_ports" spirit:resolve="immediate">8</spirit:modelParameter>
    </spirit:modelParameters>
  </spirit:model>
  <spirit:choices>
    <spirit:choice>
      <spirit:name>BooleanChoices</spirit:name>
      <spirit:enumeration spirit:text="false">false</spirit:enumeration>
      <spirit:enumeration spirit:text="true">true</spirit:enumeration>
    </spirit:choice>
  </spirit:choices>
  <spirit:fileSets>
    <spirit:fileSet spirit:fileSetId="fs-vhdlSource">
      <spirit:file>
        <spirit:name>../../common/target.vhd</spirit:name>
        <spirit:fileType>vhdlSource</spirit:fileType>
        <spirit:logicalName>leon2apbbus_lib</spirit:logicalName>
      </spirit:file>
      <spirit:file>
        <spirit:name>../../common/device.vhd</spirit:name>
        <spirit:fileType>vhdlSource</spirit:fileType>
        <spirit:logicalName>leon2apbbus_lib</spirit:logicalName>
      </spirit:file>
      <spirit:file>
        <spirit:name>../../common/config.vhd</spirit:name>
        <spirit:fileType>vhdlSource</spirit:fileType>
        <spirit:logicalName>leon2apbbus_lib</spirit:logicalName>
      </spirit:file>
      <spirit:file>
        <spirit:name>../../common/sparcv8.vhd</spirit:name>
        <spirit:fileType>vhdlSource</spirit:fileType>
        <spirit:logicalName>leon2apbbus_lib</spirit:logicalName>
      </spirit:file>
      <spirit:file>
        <spirit:name>../../common/iface.vhd</spirit:name>
        <spirit:fileType>vhdlSource</spirit:fileType>
        <spirit:logicalName>leon2apbbus_lib</spirit:logicalName>
      </spirit:file>
      <spirit:file>
        <spirit:name>../../common/amba.vhd</spirit:name>
        <spirit:fileType>vhdlSource</spirit:fileType>
        <spirit:logicalName>leon2apbbus_lib</spirit:logicalName>
      </spirit:file>
      <spirit:file>
        <spirit:name>../../common/ambacomp.vhd</spirit:name>
        <spirit:fileType>vhdlSource</spirit:fileType>
        <spirit:logicalName>leon2apbbus_lib</spirit:logicalName>
      </spirit:file>
      <spirit:file>
        <spirit:name>../../common/macro.vhd</spirit:name>
        <spirit:fileType>vhdlSource</spirit:fileType>
        <spirit:logicalName>leon2apbbus_lib</spirit:logicalName>
      </spirit:file>
      <spirit:file>
        <spirit:name>../../common/tech_generic.vhd</spirit:name>
        <spirit:fileType>vhdlSource</spirit:fileType>
        <spirit:logicalName>leon2apbbus_lib</spirit:logicalName>
      </spirit:file>
      <spirit:file>
        <spirit:name>../../common/tech_atc25.vhd</spirit:name>
        <spirit:fileType>vhdlSource</spirit:fileType>
        <spirit:logicalName>leon2apbbus_lib</spirit:logicalName>
      </spirit:file>
      <spirit:file>
        <spirit:name>../../common/tech_atc35.vhd</spirit:name>
        <spirit:fileType>vhdlSource</spirit:fileType>
        <spirit:logicalName>leon2apbbus_lib</spirit:logicalName>
      </spirit:file>
      <spirit:file>
        <spirit:name>../../common/tech_fs90.vhd</spirit:name>
        <spirit:fileType>vhdlSource</spirit:fileType>
        <spirit:logicalName>leon2apbbus_lib</spirit:logicalName>
      </spirit:file>
      <spirit:file>
        <spirit:name>../../common/tech_umc18.vhd</spirit:name>
        <spirit:fileType>vhdlSource</spirit:fileType>
        <spirit:logicalName>leon2apbbus_lib</spirit:logicalName>
      </spirit:file>
      <spirit:file>
        <spirit:name>../../common/tech_virtex.vhd</spirit:name>
        <spirit:fileType>vhdlSource</spirit:fileType>
        <spirit:logicalName>leon2apbbus_lib</spirit:logicalName>
      </spirit:file>
      <spirit:file>
        <spirit:name>../../common/tech_tsmc25.vhd</spirit:name>
        <spirit:fileType>vhdlSource</spirit:fileType>
        <spirit:logicalName>leon2apbbus_lib</spirit:logicalName>
      </spirit:file>
      <spirit:file>
        <spirit:name>../../common/tech_proasic.vhd</spirit:name>
        <spirit:fileType>vhdlSource</spirit:fileType>
        <spirit:logicalName>leon2apbbus_lib</spirit:logicalName>
      </spirit:file>
      <spirit:file>
        <spirit:name>../../common/tech_axcel.vhd</spirit:name>
        <spirit:fileType>vhdlSource</spirit:fileType>
        <spirit:logicalName>leon2apbbus_lib</spirit:logicalName>
      </spirit:file>
      <spirit:file>
        <spirit:name>../../common/multlib.vhd</spirit:name>
        <spirit:fileType>vhdlSource</spirit:fileType>
        <spirit:logicalName>leon2apbbus_lib</spirit:logicalName>
      </spirit:file>
      <spirit:file>
        <spirit:name>../../common/tech_map.vhd</spirit:name>
        <spirit:fileType>vhdlSource</spirit:fileType>
        <spirit:logicalName>leon2apbbus_lib</spirit:logicalName>
      </spirit:file>
      <spirit:file>
        <spirit:name>hdlsrc/apbbus.vhd</spirit:name>
        <spirit:fileType>vhdlSource</spirit:fileType>
        <spirit:logicalName>leon2apbbus_lib</spirit:logicalName>
      </spirit:file>
      <spirit:file>
        <spirit:name>hdlsrc/leon2Apbbus8.vhd</spirit:name>
        <spirit:fileType>vhdlSource</spirit:fileType>
        <spirit:logicalName>leon2apbbus_lib</spirit:logicalName>
      </spirit:file>
    </spirit:fileSet>
  </spirit:fileSets>
</spirit:component>
