<?xml version="1.0" encoding="UTF-8"?>
<--
// Description: ClockOnly.xml
// Author:      The SPIRIT Consortium
// Revision:    $Revision:$
// Date:        $Date:$
//
// Copyright (c) 2008 The SPIRIT Consortium.
//
// This work forms part of a deliverable of The SPIRIT Consortium.
//
// Use of these materials are governed by the legal terms and conditions
// outlined in the disclaimer available from www.spiritconsortium.org.
//
// This source file is provided on an AS IS basis.  The SPIRIT
// Consortium disclaims any warranty express or implied including
// any warranty of merchantability and fitness for use for a
// particular purpose.
//
// The user of the source file shall indemnify and hold The SPIRIT
// Consortium and its members harmless from any damages or liability.
//
-->

<spirit:busDefinition xmlns:spirit="http://www.spiritconsortium.org/XMLSchema/SPIRIT/1.4/index.xsd" xmlns:xsi="http://www.w3.org/2001/XMLSchema-instance" xsi:schemaLocation="http://www.spiritconsortium.org/XMLSchema/SPIRIT/1.4 C:\delp\AA-Work\Spirit\ARM-Subversion\branches\1.4\schema\busDefinition.xsd">
	<spirit:vendor>spiritconsortium.org</spirit:vendor>
	<spirit:library>busdef.clockbus</spirit:library>
	<spirit:name>clockOnly</spirit:name>
	<spirit:version>1.0</spirit:version>
	<spirit:directConnection>true</spirit:directConnection>
	<spirit:ports>
		<spirit:port>
			<spirit:logicalName>clock</spirit:logicalName>
			<spirit:isClock>true</spirit:isClock>
			<spirit:onSystem>
			    <spirit:width>1</spirit:width> 
				<spirit:direction>out</spirit:direction> 
			</spirit:onSystem>
			<spirit:onMaster>
			    <spirit:width>1</spirit:width> 
				<spirit:direction>in</spirit:direction> 
			</spirit:onMaster>

			<spirit:onSlave>
			    <spirit:width>1</spirit:width> 
				<spirit:direction>in</spirit:direction> 
			</spirit:onSlave>
		</spirit:port>
	</spirit:ports>
</spirit:busDefinition>
