<?xml version="1.0" encoding="UTF-8"?>
<!-- 
// Description : flash_nand.xml
// Author : denali.com 
// Version: 1.2
// 
// Revision:    $Revision:$
// Date:        $Date:$
// 
// Copyright (c) 2006, 2008 The SPIRIT Consortium.
// 
// This work forms part of a deliverable of The SPIRIT Consortium.
// 
// Use of these materials are governed by the legal terms and conditions
// outlined in the disclaimer available from www.spiritconsortium.org.
// 
// This source file is provided on an AS IS basis.  The SPIRIT
// Consortium disclaims any warranty express or implied including
// any warranty of merchantability and fitness for use for a
// particular purpose.
// 
// The user of the source file shall indemnify and hold The SPIRIT
// Consortium and its members harmless from any damages or liability.
// 
-->

<!-- This busDefinition represents a union of NAND flash interfaces 
     employed on devices from various manufacturers -->
     
<spirit:busDefinition xmlns:spirit="http://www.spiritconsortium.org/XMLSchema/SPIRIT/1.2" 
							xmlns:xsi="http://www.w3.org/2001/XMLSchema-instance" 
							xsi:schemaLocation="http://www.spiritconsortium.org/XMLSchema/SPIRIT/1.2
																http://www.spiritconsortium.org/XMLSchema/SPIRIT/1.2/index.xsd">

	<spirit:vendor>spiritconsortium.org</spirit:vendor>
	<spirit:library>busdef.flash_nand</spirit:library>
	<spirit:name>flash_nand</spirit:name>
	<spirit:version>1.0</spirit:version>
	
	<spirit:directConnection>true</spirit:directConnection>
	
	<spirit:signals>
		<spirit:signal>
			<spirit:logicalName>io</spirit:logicalName>
			<spirit:isAddress>true</spirit:isAddress>
			<spirit:isData>true</spirit:isData>
			<spirit:onMaster>
				<spirit:direction>inout</spirit:direction>
			</spirit:onMaster>
			<spirit:onSlave>
				<spirit:direction>inout</spirit:direction>
			</spirit:onSlave>
		</spirit:signal>
		<spirit:signal>
			<spirit:logicalName>cle</spirit:logicalName>
			<spirit:onMaster>
				<spirit:bitWidth>1</spirit:bitWidth>
				<spirit:direction>out</spirit:direction>
			</spirit:onMaster>
			<spirit:onSlave>
				<spirit:bitWidth>1</spirit:bitWidth>
				<spirit:direction>in</spirit:direction>
			</spirit:onSlave>
		</spirit:signal>
		<spirit:signal>
			<spirit:logicalName>ale</spirit:logicalName>
			<spirit:onMaster>
				<spirit:bitWidth>1</spirit:bitWidth>
				<spirit:direction>out</spirit:direction>
			</spirit:onMaster>
			<spirit:onSlave>
				<spirit:bitWidth>1</spirit:bitWidth>
				<spirit:direction>in</spirit:direction>
			</spirit:onSlave>
		</spirit:signal>
		<spirit:signal>
			<spirit:logicalName>ce_n</spirit:logicalName>
			<spirit:onMaster>
				<spirit:direction>out</spirit:direction>
			</spirit:onMaster>
			<spirit:onSlave>
				<spirit:direction>in</spirit:direction>
			</spirit:onSlave>
		</spirit:signal>
		<spirit:signal>
			<spirit:logicalName>re_n</spirit:logicalName>
			<spirit:onMaster>
				<spirit:bitWidth>1</spirit:bitWidth>
				<spirit:direction>out</spirit:direction>
			</spirit:onMaster>
			<spirit:onSlave>
				<spirit:bitWidth>1</spirit:bitWidth>
				<spirit:direction>in</spirit:direction>
			</spirit:onSlave>
		</spirit:signal>
		<spirit:signal>
			<spirit:logicalName>we_n</spirit:logicalName>
			<spirit:onMaster>
				<spirit:bitWidth>1</spirit:bitWidth>
				<spirit:direction>out</spirit:direction>
			</spirit:onMaster>
			<spirit:onSlave>
				<spirit:bitWidth>1</spirit:bitWidth>
				<spirit:direction>in</spirit:direction>
			</spirit:onSlave>
		</spirit:signal>
		<spirit:signal>
			<spirit:logicalName>wp_n</spirit:logicalName>
			<spirit:onMaster>
				<spirit:bitWidth>1</spirit:bitWidth>
				<spirit:direction>out</spirit:direction>
			</spirit:onMaster>
			<spirit:onSlave>
				<spirit:bitWidth>1</spirit:bitWidth>
				<spirit:direction>in</spirit:direction>
			</spirit:onSlave>
		</spirit:signal>
		<spirit:signal>
			<spirit:logicalName>se_n</spirit:logicalName>
			<spirit:onMaster>
				<spirit:bitWidth>1</spirit:bitWidth>
				<spirit:direction>out</spirit:direction>
			</spirit:onMaster>
			<spirit:onSlave>
				<spirit:bitWidth>1</spirit:bitWidth>
				<spirit:direction>in</spirit:direction>
			</spirit:onSlave>
		</spirit:signal>
		<spirit:signal>
			<spirit:logicalName>rdyby_n</spirit:logicalName>
			<spirit:onMaster>
				<spirit:direction>in</spirit:direction>
			</spirit:onMaster>
			<spirit:onSlave>
				<spirit:direction>out</spirit:direction>
			</spirit:onSlave>
		</spirit:signal>
		<spirit:signal>
			<spirit:logicalName>pre</spirit:logicalName>
			<spirit:onMaster>
				<spirit:bitWidth>1</spirit:bitWidth>
				<spirit:direction>out</spirit:direction>
			</spirit:onMaster>
			<spirit:onSlave>
				<spirit:direction>in</spirit:direction>
			</spirit:onSlave>
		</spirit:signal>
		<spirit:signal>
			<spirit:logicalName>reset_n</spirit:logicalName>
			<spirit:onMaster>
				<spirit:bitWidth>1</spirit:bitWidth>
				<spirit:direction>out</spirit:direction>
			</spirit:onMaster>
			<spirit:onSlave>
				<spirit:bitWidth>1</spirit:bitWidth>
				<spirit:direction>in</spirit:direction>
			</spirit:onSlave>
		</spirit:signal>
		<spirit:signal>
			<spirit:logicalName>psl</spirit:logicalName>
			<spirit:onSlave>
				<spirit:bitWidth>1</spirit:bitWidth>
				<spirit:direction>in</spirit:direction>
			</spirit:onSlave>
		</spirit:signal>
		<spirit:signal>
			<spirit:logicalName>mres_n</spirit:logicalName>
			<spirit:onMaster>
				<spirit:bitWidth>1</spirit:bitWidth>
				<spirit:direction>in</spirit:direction>
			</spirit:onMaster>
			<spirit:onSlave>
				<spirit:bitWidth>1</spirit:bitWidth>
				<spirit:direction>out</spirit:direction>
			</spirit:onSlave>
		</spirit:signal>
	</spirit:signals>
</spirit:busDefinition>
