<?xml version="1.0"?>
<!-- edited with XMLSPY v2004 rel. 2 U (http://www.xmlspy.com) by Christophe Amerijckx (STMicroelectronics) -->
<!--
// Description : irqctrl.xml
// Author : SPIRIT Schema Working Group - Christophe Amerijckx
// Version: 1.2
//
// Copyright (c) 2006 SPIRIT.  All rights reserved.
// www.spiritconsortiumorg.
//
// THIS WORK FORMS PART OF A SPIRIT CONSORTIUM SPECIFICATION.  
// THIS WORK CONTAINS TRADE SECRETS AND PROPRIETARY INFORMATION 
// WHICH IS THE EXCLUSIVE PROPERTY OF INDIVIDUAL MEMBERS OF THE 
// SPIRIT CONSORTIUM. USE OF THESE MATERIALS ARE GOVERNED BY 
// THE LEGAL TERMS AND CONDITIONS OUTLINED IN THE THE SPIRIT 
// SPECIFICATION DISCLAIMER AVAILABLE FROM
// www.spiritconsortium.org
-->
<spirit:component xmlns:spirit="http://www.spiritconsortium.org/XMLSchema/SPIRIT/1.2" xmlns:xsi="http://www.w3.org/2001/XMLSchema-instance" xsi:schemaLocation="http://www.spiritconsortium.org/XMLSchema/SPIRIT/1.2 http://www.spiritconsortium.org/XMLSchema/SPIRIT/1.2/index.xsd">
  <spirit:vendor>spiritconsortium.org</spirit:vendor>
  <spirit:library>Leon2</spirit:library>
  <spirit:name>irqctrl</spirit:name>
  <spirit:version>1.2</spirit:version>
  <spirit:busInterfaces>
    <spirit:busInterface>
      <spirit:name>APBClk</spirit:name>
      <spirit:busType spirit:vendor="spiritconsortium.org" spirit:library="busdef.clock" spirit:name="clock" spirit:version="1.0"/>
      <spirit:slave/>
      <spirit:signalMap>
        <spirit:signalName>
          <spirit:componentSignalName>clk</spirit:componentSignalName>
          <spirit:busSignalName>CLK</spirit:busSignalName>
        </spirit:signalName>
      </spirit:signalMap>
    </spirit:busInterface>
    <spirit:busInterface>
      <spirit:name>APBReset</spirit:name>
      <spirit:busType spirit:vendor="spiritconsortium.org" spirit:library="busdef.reset" spirit:name="reset" spirit:version="1.0"/>
      <spirit:slave/>
      <spirit:signalMap>
        <spirit:signalName>
          <spirit:componentSignalName>rst</spirit:componentSignalName>
          <spirit:busSignalName>RESETn</spirit:busSignalName>
        </spirit:signalName>
      </spirit:signalMap>
    </spirit:busInterface>
    <spirit:busInterface>
      <spirit:name>ambaAPB</spirit:name>
      <spirit:busType spirit:vendor="amba.com" spirit:library="AMBA2" spirit:name="APB" spirit:version="r2p0_4"/>
      <spirit:slave>
        <spirit:memoryMapRef spirit:memoryMapRef="ambaAPB"/>
      </spirit:slave>
      <spirit:connection>required</spirit:connection>
      <spirit:signalMap>
        <spirit:signalName>
          <spirit:componentSignalName>psel</spirit:componentSignalName>
          <spirit:busSignalName>PSELx</spirit:busSignalName>
        </spirit:signalName>
        <spirit:signalName>
          <spirit:componentSignalName>penable</spirit:componentSignalName>
          <spirit:busSignalName>PENABLE</spirit:busSignalName>
        </spirit:signalName>
        <spirit:signalName>
          <spirit:componentSignalName>paddr</spirit:componentSignalName>
          <spirit:busSignalName>PADDR</spirit:busSignalName>
        </spirit:signalName>
        <spirit:signalName>
          <spirit:componentSignalName>pwrite</spirit:componentSignalName>
          <spirit:busSignalName>PWRITE</spirit:busSignalName>
        </spirit:signalName>
        <spirit:signalName>
          <spirit:componentSignalName>pwdata</spirit:componentSignalName>
          <spirit:busSignalName>PWDATA</spirit:busSignalName>
        </spirit:signalName>
        <spirit:signalName>
          <spirit:componentSignalName>prdata</spirit:componentSignalName>
          <spirit:busSignalName>PRDATA</spirit:busSignalName>
        </spirit:signalName>
        <spirit:signalName>
          <spirit:componentSignalName>clk</spirit:componentSignalName>
          <spirit:busSignalName>PCLK</spirit:busSignalName>
        </spirit:signalName>
        <spirit:signalName>
          <spirit:componentSignalName>rst</spirit:componentSignalName>
          <spirit:busSignalName>PRESETn</spirit:busSignalName>
        </spirit:signalName>
      </spirit:signalMap>
    </spirit:busInterface>
    <spirit:busInterface>
      <spirit:name>MasterInt</spirit:name>
      <spirit:busType spirit:vendor="spiritconsortium.org" spirit:library="busdef.leon2" spirit:name="IntProc" spirit:version="v1.0"/>
      <spirit:master/>
      <spirit:signalMap>
        <spirit:signalName>
          <spirit:componentSignalName>irlout</spirit:componentSignalName>
          <spirit:busSignalName>IRL</spirit:busSignalName>
        </spirit:signalName>
        <spirit:signalName>
          <spirit:componentSignalName>irlin</spirit:componentSignalName>
          <spirit:busSignalName>IRQVEC</spirit:busSignalName>
        </spirit:signalName>
        <spirit:signalName>
          <spirit:componentSignalName>intack</spirit:componentSignalName>
          <spirit:busSignalName>INTack</spirit:busSignalName>
        </spirit:signalName>
      </spirit:signalMap>
    </spirit:busInterface>
    <spirit:busInterface>
      <spirit:name>SlaveInt14</spirit:name>
      <spirit:busType spirit:vendor="spiritconsortium.org" spirit:library="busdef.interrupt" spirit:name="interrupt" spirit:version="1.0"/>
      <spirit:slave/>
      <spirit:signalMap>
        <spirit:signalName>
          <spirit:componentSignalName>irq</spirit:componentSignalName>
          <spirit:busSignalName>IRQ</spirit:busSignalName>
          <spirit:left>14</spirit:left>
          <spirit:right>14</spirit:right>
        </spirit:signalName>
      </spirit:signalMap>
    </spirit:busInterface>
    <spirit:busInterface>
      <spirit:name>SlaveInt13</spirit:name>
      <spirit:busType spirit:vendor="spiritconsortium.org" spirit:library="busdef.interrupt" spirit:name="interrupt" spirit:version="1.0"/>
      <spirit:slave/>
      <spirit:signalMap>
        <spirit:signalName>
          <spirit:componentSignalName>irq</spirit:componentSignalName>
          <spirit:busSignalName>IRQ</spirit:busSignalName>
          <spirit:left>13</spirit:left>
          <spirit:right>13</spirit:right>
        </spirit:signalName>
      </spirit:signalMap>
    </spirit:busInterface>
    <spirit:busInterface>
      <spirit:name>SlaveInt12</spirit:name>
      <spirit:busType spirit:vendor="spiritconsortium.org" spirit:library="busdef.interrupt" spirit:name="interrupt" spirit:version="1.0"/>
      <spirit:slave/>
      <spirit:signalMap>
        <spirit:signalName>
          <spirit:componentSignalName>irq</spirit:componentSignalName>
          <spirit:busSignalName>IRQ</spirit:busSignalName>
          <spirit:left>12</spirit:left>
          <spirit:right>12</spirit:right>
        </spirit:signalName>
      </spirit:signalMap>
    </spirit:busInterface>
    <spirit:busInterface>
      <spirit:name>SlaveInt11</spirit:name>
      <spirit:busType spirit:vendor="spiritconsortium.org" spirit:library="busdef.interrupt" spirit:name="interrupt" spirit:version="1.0"/>
      <spirit:slave/>
      <spirit:signalMap>
        <spirit:signalName>
          <spirit:componentSignalName>irq</spirit:componentSignalName>
          <spirit:busSignalName>IRQ</spirit:busSignalName>
          <spirit:left>11</spirit:left>
          <spirit:right>11</spirit:right>
        </spirit:signalName>
      </spirit:signalMap>
    </spirit:busInterface>
    <spirit:busInterface>
      <spirit:name>SlaveInt10</spirit:name>
      <spirit:busType spirit:vendor="spiritconsortium.org" spirit:library="busdef.interrupt" spirit:name="interrupt" spirit:version="1.0"/>
      <spirit:slave/>
      <spirit:signalMap>
        <spirit:signalName>
          <spirit:componentSignalName>irq</spirit:componentSignalName>
          <spirit:busSignalName>IRQ</spirit:busSignalName>
          <spirit:left>10</spirit:left>
          <spirit:right>10</spirit:right>
        </spirit:signalName>
      </spirit:signalMap>
    </spirit:busInterface>
    <spirit:busInterface>
      <spirit:name>SlaveInt9</spirit:name>
      <spirit:busType spirit:vendor="spiritconsortium.org" spirit:library="busdef.interrupt" spirit:name="interrupt" spirit:version="1.0"/>
      <spirit:slave/>
      <spirit:signalMap>
        <spirit:signalName>
          <spirit:componentSignalName>irq</spirit:componentSignalName>
          <spirit:busSignalName>IRQ</spirit:busSignalName>
          <spirit:left>9</spirit:left>
          <spirit:right>9</spirit:right>
        </spirit:signalName>
      </spirit:signalMap>
    </spirit:busInterface>
    <spirit:busInterface>
      <spirit:name>SlaveInt8</spirit:name>
      <spirit:busType spirit:vendor="spiritconsortium.org" spirit:library="busdef.interrupt" spirit:name="interrupt" spirit:version="1.0"/>
      <spirit:slave/>
      <spirit:signalMap>
        <spirit:signalName>
          <spirit:componentSignalName>irq</spirit:componentSignalName>
          <spirit:busSignalName>IRQ</spirit:busSignalName>
          <spirit:left>8</spirit:left>
          <spirit:right>8</spirit:right>
        </spirit:signalName>
      </spirit:signalMap>
    </spirit:busInterface>
    <spirit:busInterface>
      <spirit:name>SlaveInt7</spirit:name>
      <spirit:busType spirit:vendor="spiritconsortium.org" spirit:library="busdef.interrupt" spirit:name="interrupt" spirit:version="1.0"/>
      <spirit:slave/>
      <spirit:signalMap>
        <spirit:signalName>
          <spirit:componentSignalName>irq</spirit:componentSignalName>
          <spirit:busSignalName>IRQ</spirit:busSignalName>
          <spirit:left>7</spirit:left>
          <spirit:right>7</spirit:right>
        </spirit:signalName>
      </spirit:signalMap>
    </spirit:busInterface>
    <spirit:busInterface>
      <spirit:name>SlaveInt6</spirit:name>
      <spirit:busType spirit:vendor="spiritconsortium.org" spirit:library="busdef.interrupt" spirit:name="interrupt" spirit:version="1.0"/>
      <spirit:slave/>
      <spirit:signalMap>
        <spirit:signalName>
          <spirit:componentSignalName>irq</spirit:componentSignalName>
          <spirit:busSignalName>IRQ</spirit:busSignalName>
          <spirit:left>6</spirit:left>
          <spirit:right>6</spirit:right>
        </spirit:signalName>
      </spirit:signalMap>
    </spirit:busInterface>
    <spirit:busInterface>
      <spirit:name>SlaveInt5</spirit:name>
      <spirit:busType spirit:vendor="spiritconsortium.org" spirit:library="busdef.interrupt" spirit:name="interrupt" spirit:version="1.0"/>
      <spirit:slave/>
      <spirit:signalMap>
        <spirit:signalName>
          <spirit:componentSignalName>irq</spirit:componentSignalName>
          <spirit:busSignalName>IRQ</spirit:busSignalName>
          <spirit:left>5</spirit:left>
          <spirit:right>5</spirit:right>
        </spirit:signalName>
      </spirit:signalMap>
    </spirit:busInterface>
    <spirit:busInterface>
      <spirit:name>SlaveInt4</spirit:name>
      <spirit:busType spirit:vendor="spiritconsortium.org" spirit:library="busdef.interrupt" spirit:name="interrupt" spirit:version="1.0"/>
      <spirit:slave/>
      <spirit:signalMap>
        <spirit:signalName>
          <spirit:componentSignalName>irq</spirit:componentSignalName>
          <spirit:busSignalName>IRQ</spirit:busSignalName>
          <spirit:left>4</spirit:left>
          <spirit:right>4</spirit:right>
        </spirit:signalName>
      </spirit:signalMap>
    </spirit:busInterface>
    <spirit:busInterface>
      <spirit:name>SlaveInt3</spirit:name>
      <spirit:busType spirit:vendor="spiritconsortium.org" spirit:library="busdef.interrupt" spirit:name="interrupt" spirit:version="1.0"/>
      <spirit:slave/>
      <spirit:signalMap>
        <spirit:signalName>
          <spirit:componentSignalName>irq</spirit:componentSignalName>
          <spirit:busSignalName>IRQ</spirit:busSignalName>
          <spirit:left>3</spirit:left>
          <spirit:right>3</spirit:right>
        </spirit:signalName>
      </spirit:signalMap>
    </spirit:busInterface>
    <spirit:busInterface>
      <spirit:name>SlaveInt2</spirit:name>
      <spirit:busType spirit:vendor="spiritconsortium.org" spirit:library="busdef.interrupt" spirit:name="interrupt" spirit:version="1.0"/>
      <spirit:slave/>
      <spirit:signalMap>
        <spirit:signalName>
          <spirit:componentSignalName>irq</spirit:componentSignalName>
          <spirit:busSignalName>IRQ</spirit:busSignalName>
          <spirit:left>2</spirit:left>
          <spirit:right>2</spirit:right>
        </spirit:signalName>
      </spirit:signalMap>
    </spirit:busInterface>
    <spirit:busInterface>
      <spirit:name>SlaveInt1</spirit:name>
      <spirit:busType spirit:vendor="spiritconsortium.org" spirit:library="busdef.interrupt" spirit:name="interrupt" spirit:version="1.0"/>
      <spirit:slave/>
      <spirit:signalMap>
        <spirit:signalName>
          <spirit:componentSignalName>irq</spirit:componentSignalName>
          <spirit:busSignalName>IRQ</spirit:busSignalName>
          <spirit:left>1</spirit:left>
          <spirit:right>1</spirit:right>
        </spirit:signalName>
      </spirit:signalMap>
    </spirit:busInterface>
    <spirit:busInterface>
      <spirit:name>SlaveInt0</spirit:name>
      <spirit:busType spirit:vendor="spiritconsortium.org" spirit:library="busdef.interrupt" spirit:name="interrupt" spirit:version="1.0"/>
      <spirit:slave/>
      <spirit:signalMap>
        <spirit:signalName>
          <spirit:componentSignalName>irq</spirit:componentSignalName>
          <spirit:busSignalName>IRQ</spirit:busSignalName>
          <spirit:left>0</spirit:left>
          <spirit:right>0</spirit:right>
        </spirit:signalName>
      </spirit:signalMap>
    </spirit:busInterface>
  </spirit:busInterfaces>
  <spirit:memoryMaps>
    <spirit:memoryMap>
      <spirit:name>ambaAPB</spirit:name>
      <spirit:addressBlock>
        <spirit:baseAddress>0</spirit:baseAddress>
        <spirit:bitOffset spirit:format="long">0</spirit:bitOffset>
        <spirit:range spirit:format="long">64</spirit:range>
        <spirit:width spirit:format="long" spirit:id="width">32</spirit:width>
        <spirit:register>
          <spirit:name>interrupMaskandPriorityLevel</spirit:name>
          <spirit:addressOffset>0x0</spirit:addressOffset>
          <spirit:size>32</spirit:size>
          <spirit:volatile>true</spirit:volatile>
          <spirit:access>read-write</spirit:access>
          <spirit:reset>
            <spirit:value>0x0</spirit:value>
            <spirit:mask>0xFFFE</spirit:mask>
          </spirit:reset>
          <spirit:field>
            <spirit:name>Reserved1</spirit:name>
            <spirit:bitOffset>0</spirit:bitOffset>
            <spirit:bitWidth>1</spirit:bitWidth>
            <spirit:access>read-write</spirit:access>
            <spirit:description>Reserved</spirit:description>
          </spirit:field>
          <spirit:field>
            <spirit:name>imask</spirit:name>
            <spirit:bitOffset>1</spirit:bitOffset>
            <spirit:bitWidth>15</spirit:bitWidth>
            <spirit:access>read-write</spirit:access>
            <spirit:description>Indicates if an interrupt is masked (bit=0) or enabled (bit=1)</spirit:description>
          </spirit:field>
          <spirit:field>
            <spirit:name>Reserved2</spirit:name>
            <spirit:bitOffset>16</spirit:bitOffset>
            <spirit:bitWidth>1</spirit:bitWidth>
            <spirit:access>read-write</spirit:access>
            <spirit:description>Reserved</spirit:description>
          </spirit:field>
          <spirit:field>
            <spirit:name>ilevel</spirit:name>
            <spirit:bitOffset>17</spirit:bitOffset>
            <spirit:bitWidth>15</spirit:bitWidth>
            <spirit:access>read-write</spirit:access>
            <spirit:description>Indicates if an interrupt belongs to priority level 1 (bit=1) or 0 (bit=0)</spirit:description>
          </spirit:field>
          <spirit:description>Interrupt Mask and Priority</spirit:description>
        </spirit:register>
        <spirit:register>
          <spirit:name>interruptPendingRegister</spirit:name>
          <spirit:addressOffset>0x4</spirit:addressOffset>
          <spirit:size>32</spirit:size>
          <spirit:volatile>true</spirit:volatile>
          <spirit:access>read-write</spirit:access>
          <spirit:field>
            <spirit:name>Reserved1</spirit:name>
            <spirit:bitOffset>0</spirit:bitOffset>
            <spirit:bitWidth>1</spirit:bitWidth>
            <spirit:access>read-write</spirit:access>
            <spirit:description>Reserved</spirit:description>
          </spirit:field>
          <spirit:field>
            <spirit:name>ipend</spirit:name>
            <spirit:bitOffset>1</spirit:bitOffset>
            <spirit:bitWidth>15</spirit:bitWidth>
            <spirit:access>read-write</spirit:access>
            <spirit:description>Indicates if an interrupt is pending (bit=1)</spirit:description>
          </spirit:field>
          <spirit:field>
            <spirit:name>Reserved2</spirit:name>
            <spirit:bitOffset>16</spirit:bitOffset>
            <spirit:bitWidth>16</spirit:bitWidth>
            <spirit:access>read-write</spirit:access>
            <spirit:description>Reserved</spirit:description>
          </spirit:field>
          <spirit:description>Indicates if an interrupt is pending</spirit:description>
        </spirit:register>
        <spirit:register>
          <spirit:name>interruptForceRegister</spirit:name>
          <spirit:addressOffset>0x8</spirit:addressOffset>
          <spirit:size>32</spirit:size>
          <spirit:volatile>true</spirit:volatile>
          <spirit:access>read-write</spirit:access>
          <spirit:field>
            <spirit:name>Reserved1</spirit:name>
            <spirit:bitOffset>0</spirit:bitOffset>
            <spirit:bitWidth>1</spirit:bitWidth>
            <spirit:access>read-write</spirit:access>
            <spirit:description>Reserved</spirit:description>
          </spirit:field>
          <spirit:field>
            <spirit:name>iforce</spirit:name>
            <spirit:bitOffset>1</spirit:bitOffset>
            <spirit:bitWidth>15</spirit:bitWidth>
            <spirit:access>read-write</spirit:access>
            <spirit:description>Indicates if an interrupt is being forced (bit=1)</spirit:description>
          </spirit:field>
          <spirit:field>
            <spirit:name>Reserved2</spirit:name>
            <spirit:bitOffset>16</spirit:bitOffset>
            <spirit:bitWidth>16</spirit:bitWidth>
            <spirit:access>read-write</spirit:access>
            <spirit:description>Reserved</spirit:description>
          </spirit:field>
          <spirit:description>Indicates if an interrupt is being forced</spirit:description>
        </spirit:register>
        <spirit:register>
          <spirit:name>interruptClearRegister</spirit:name>
          <spirit:addressOffset>0xc</spirit:addressOffset>
          <spirit:size>32</spirit:size>
          <spirit:volatile>true</spirit:volatile>
          <spirit:access>read-write</spirit:access>
          <spirit:field>
            <spirit:name>Reserved1</spirit:name>
            <spirit:bitOffset>0</spirit:bitOffset>
            <spirit:bitWidth>1</spirit:bitWidth>
            <spirit:access>read-write</spirit:access>
            <spirit:description>Reserved</spirit:description>
          </spirit:field>
          <spirit:field>
            <spirit:name>iforce</spirit:name>
            <spirit:bitOffset>1</spirit:bitOffset>
            <spirit:bitWidth>15</spirit:bitWidth>
            <spirit:access>read-write</spirit:access>
            <spirit:description>If written with a '1', will clear corresponding bit(s) in interrupt pending register. A read returns 0.</spirit:description>
          </spirit:field>
          <spirit:field>
            <spirit:name>Reserved2</spirit:name>
            <spirit:bitOffset>16</spirit:bitOffset>
            <spirit:bitWidth>16</spirit:bitWidth>
            <spirit:access>read-write</spirit:access>
            <spirit:description>Reserved</spirit:description>
          </spirit:field>
          <spirit:description>If written with a '1', will clear corresponding bit(s) in interrupt pending register. A read returns 0.</spirit:description>
        </spirit:register>
        <spirit:register>
          <spirit:name>interruptReadClearPendingRegister</spirit:name>
          <spirit:addressOffset>0x10</spirit:addressOffset>
          <spirit:size>32</spirit:size>
          <spirit:volatile>true</spirit:volatile>
          <spirit:access>read-write</spirit:access>
          <spirit:description>interruptReadClearPendingRegister</spirit:description>
        </spirit:register>
      </spirit:addressBlock>
    </spirit:memoryMap>
  </spirit:memoryMaps>
  <spirit:model>
    <spirit:views>
      <spirit:view>
        <spirit:name>vhdlsource</spirit:name>
        <spirit:envIdentifier>:modelsim.mentor.com:</spirit:envIdentifier>
        <spirit:envIdentifier>:ncsim.cadence.com:</spirit:envIdentifier>
        <spirit:envIdentifier>:vcs.synopsys.com:</spirit:envIdentifier>
        <spirit:envIdentifier>:designcompiler.synopsys.com:</spirit:envIdentifier>
        <spirit:language>vhdl</spirit:language>
        <spirit:modelName>leon2Irqctrl(struct)</spirit:modelName>
        <spirit:fileSetRef>fs-vhdlSource</spirit:fileSetRef>
      </spirit:view>
    </spirit:views>
    <spirit:signals>
      <spirit:signal>
        <spirit:name>clk</spirit:name>
        <spirit:direction>in</spirit:direction>
        <spirit:export spirit:configGroups="export" spirit:id="sig_clk" spirit:prompt="clk">false</spirit:export>
      </spirit:signal>
      <spirit:signal>
        <spirit:name>rst</spirit:name>
        <spirit:direction>in</spirit:direction>
        <spirit:export spirit:configGroups="export" spirit:id="sig_rst" spirit:prompt="rst">false</spirit:export>
      </spirit:signal>
      <spirit:signal>
        <spirit:name>psel</spirit:name>
        <spirit:direction>in</spirit:direction>
        <spirit:export spirit:configGroups="export" spirit:id="sig_psel" spirit:prompt="psel">false</spirit:export>
      </spirit:signal>
      <spirit:signal>
        <spirit:name>penable</spirit:name>
        <spirit:direction>in</spirit:direction>
        <spirit:export spirit:configGroups="export" spirit:id="sig_penable" spirit:prompt="penable">false</spirit:export>
      </spirit:signal>
      <spirit:signal>
        <spirit:name>paddr</spirit:name>
        <spirit:direction>in</spirit:direction>
        <spirit:left>31</spirit:left>
        <spirit:right>0</spirit:right>
        <spirit:export spirit:configGroups="export" spirit:id="sig_paddr" spirit:prompt="paddr">false</spirit:export>
      </spirit:signal>
      <spirit:signal>
        <spirit:name>pwrite</spirit:name>
        <spirit:direction>in</spirit:direction>
        <spirit:export spirit:configGroups="export" spirit:id="sig_pwrite" spirit:prompt="pwrite">false</spirit:export>
      </spirit:signal>
      <spirit:signal>
        <spirit:name>pwdata</spirit:name>
        <spirit:direction>in</spirit:direction>
        <spirit:left>31</spirit:left>
        <spirit:right>0</spirit:right>
        <spirit:export spirit:configGroups="export" spirit:id="sig_pwdata" spirit:prompt="pwdata">false</spirit:export>
      </spirit:signal>
      <spirit:signal>
        <spirit:name>prdata</spirit:name>
        <spirit:direction>out</spirit:direction>
        <spirit:left>31</spirit:left>
        <spirit:right>0</spirit:right>
        <spirit:export spirit:configGroups="export" spirit:id="sig_prdata" spirit:prompt="prdata">false</spirit:export>
      </spirit:signal>
      <spirit:signal>
        <spirit:name>irq</spirit:name>
        <spirit:direction>in</spirit:direction>
        <spirit:left>14</spirit:left>
        <spirit:right>0</spirit:right>
        <spirit:defaultValue>
          <spirit:value spirit:format="long" spirit:id="sigdefVal_irq">0</spirit:value>
        </spirit:defaultValue>
        <spirit:export spirit:configGroups="export" spirit:id="sig_irq" spirit:prompt="irq">false</spirit:export>
      </spirit:signal>
      <spirit:signal>
        <spirit:name>intack</spirit:name>
        <spirit:direction>in</spirit:direction>
        <spirit:defaultValue>
          <spirit:value spirit:format="long" spirit:id="sigdefVal_intack">0</spirit:value>
        </spirit:defaultValue>
        <spirit:export spirit:configGroups="export" spirit:id="sig_intack" spirit:prompt="intack">false</spirit:export>
      </spirit:signal>
      <spirit:signal>
        <spirit:name>irlin</spirit:name>
        <spirit:direction>in</spirit:direction>
        <spirit:left>3</spirit:left>
        <spirit:right>0</spirit:right>
        <spirit:defaultValue>
          <spirit:value spirit:format="long" spirit:id="sigdefVal_irlin">0</spirit:value>
        </spirit:defaultValue>
        <spirit:export spirit:configGroups="export" spirit:id="sig_irlin" spirit:prompt="irlin">false</spirit:export>
      </spirit:signal>
      <spirit:signal>
        <spirit:name>irlout</spirit:name>
        <spirit:direction>out</spirit:direction>
        <spirit:left>3</spirit:left>
        <spirit:right>0</spirit:right>
        <spirit:export spirit:configGroups="export" spirit:id="sig_irlout" spirit:prompt="irlout">false</spirit:export>
      </spirit:signal>
    </spirit:signals>
  </spirit:model>
  <spirit:fileSets>
    <spirit:fileSet spirit:fileSetId="fs-vhdlSource">
      <spirit:file>
        <spirit:name>../../common/target.vhd</spirit:name>
        <spirit:fileType>vhdlSource</spirit:fileType>
        <spirit:logicalName>leon2irqctrl_lib</spirit:logicalName>
      </spirit:file>
      <spirit:file>
        <spirit:name>../../common/device.vhd</spirit:name>
        <spirit:fileType>vhdlSource</spirit:fileType>
        <spirit:logicalName>leon2irqctrl_lib</spirit:logicalName>
      </spirit:file>
      <spirit:file>
        <spirit:name>../../common/config.vhd</spirit:name>
        <spirit:fileType>vhdlSource</spirit:fileType>
        <spirit:logicalName>leon2irqctrl_lib</spirit:logicalName>
      </spirit:file>
      <spirit:file>
        <spirit:name>../../common/sparcv8.vhd</spirit:name>
        <spirit:fileType>vhdlSource</spirit:fileType>
        <spirit:logicalName>leon2irqctrl_lib</spirit:logicalName>
      </spirit:file>
      <spirit:file>
        <spirit:name>../../common/iface.vhd</spirit:name>
        <spirit:fileType>vhdlSource</spirit:fileType>
        <spirit:logicalName>leon2irqctrl_lib</spirit:logicalName>
      </spirit:file>
      <spirit:file>
        <spirit:name>../../common/amba.vhd</spirit:name>
        <spirit:fileType>vhdlSource</spirit:fileType>
        <spirit:logicalName>leon2irqctrl_lib</spirit:logicalName>
      </spirit:file>
      <spirit:file>
        <spirit:name>../../common/ambacomp.vhd</spirit:name>
        <spirit:fileType>vhdlSource</spirit:fileType>
        <spirit:logicalName>leon2irqctrl_lib</spirit:logicalName>
      </spirit:file>
      <spirit:file>
        <spirit:name>../../common/macro.vhd</spirit:name>
        <spirit:fileType>vhdlSource</spirit:fileType>
        <spirit:logicalName>leon2irqctrl_lib</spirit:logicalName>
      </spirit:file>
      <spirit:file>
        <spirit:name>../../common/tech_generic.vhd</spirit:name>
        <spirit:fileType>vhdlSource</spirit:fileType>
        <spirit:logicalName>leon2irqctrl_lib</spirit:logicalName>
      </spirit:file>
      <spirit:file>
        <spirit:name>../../common/tech_atc25.vhd</spirit:name>
        <spirit:fileType>vhdlSource</spirit:fileType>
        <spirit:logicalName>leon2irqctrl_lib</spirit:logicalName>
      </spirit:file>
      <spirit:file>
        <spirit:name>../../common/tech_atc35.vhd</spirit:name>
        <spirit:fileType>vhdlSource</spirit:fileType>
        <spirit:logicalName>leon2irqctrl_lib</spirit:logicalName>
      </spirit:file>
      <spirit:file>
        <spirit:name>../../common/tech_fs90.vhd</spirit:name>
        <spirit:fileType>vhdlSource</spirit:fileType>
        <spirit:logicalName>leon2irqctrl_lib</spirit:logicalName>
      </spirit:file>
      <spirit:file>
        <spirit:name>../../common/tech_umc18.vhd</spirit:name>
        <spirit:fileType>vhdlSource</spirit:fileType>
        <spirit:logicalName>leon2irqctrl_lib</spirit:logicalName>
      </spirit:file>
      <spirit:file>
        <spirit:name>../../common/tech_virtex.vhd</spirit:name>
        <spirit:fileType>vhdlSource</spirit:fileType>
        <spirit:logicalName>leon2irqctrl_lib</spirit:logicalName>
      </spirit:file>
      <spirit:file>
        <spirit:name>../../common/tech_tsmc25.vhd</spirit:name>
        <spirit:fileType>vhdlSource</spirit:fileType>
        <spirit:logicalName>leon2irqctrl_lib</spirit:logicalName>
      </spirit:file>
      <spirit:file>
        <spirit:name>../../common/tech_proasic.vhd</spirit:name>
        <spirit:fileType>vhdlSource</spirit:fileType>
        <spirit:logicalName>leon2irqctrl_lib</spirit:logicalName>
      </spirit:file>
      <spirit:file>
        <spirit:name>../../common/tech_axcel.vhd</spirit:name>
        <spirit:fileType>vhdlSource</spirit:fileType>
        <spirit:logicalName>leon2irqctrl_lib</spirit:logicalName>
      </spirit:file>
      <spirit:file>
        <spirit:name>../../common/multlib.vhd</spirit:name>
        <spirit:fileType>vhdlSource</spirit:fileType>
        <spirit:logicalName>leon2irqctrl_lib</spirit:logicalName>
      </spirit:file>
      <spirit:file>
        <spirit:name>../../common/tech_map.vhd</spirit:name>
        <spirit:fileType>vhdlSource</spirit:fileType>
        <spirit:logicalName>leon2irqctrl_lib</spirit:logicalName>
      </spirit:file>
      <spirit:file>
        <spirit:name>hdlsrc/irqctrl_rdack.vhd</spirit:name>
        <spirit:fileType>vhdlSource</spirit:fileType>
        <spirit:logicalName>leon2irqctrl_lib</spirit:logicalName>
      </spirit:file>
      <spirit:file>
        <spirit:name>hdlsrc/leon2Irqctrl.vhd</spirit:name>
        <spirit:fileType>vhdlSource</spirit:fileType>
        <spirit:logicalName>leon2irqctrl_lib</spirit:logicalName>
      </spirit:file>
    </spirit:fileSet>
  </spirit:fileSets>
</spirit:component>
