<?xml version="1.0"?>
<!--
// Description : ahbSparseBridge.xml
// Author : SPIRIT Schema Working Group 
// Version: 1.2
//
// Copyright (c) 2006 SPIRIT.  All rights reserved.
// www.spiritconsortium.org
//
// THIS WORK FORMS PART OF A SPIRIT CONSORTIUM SPECIFICATION.  
// THIS WORK CONTAINS TRADE SECRETS AND PROPRIETARY INFORMATION 
// WHICH IS THE EXCLUSIVE PROPERTY OF INDIVIDUAL MEMBERS OF THE 
// SPIRIT CONSORTIUM. USE OF THESE MATERIALS ARE GOVERNED BY 
// THE LEGAL TERMS AND CONDITIONS OUTLINED IN THE THE SPIRIT 
// SPECIFICATION DISCLAIMER AVAILABLE FROM
// www.spiritconsortium.org
-->
<spirit:component xmlns:spirit="http://www.spiritconsortium.org/XMLSchema/SPIRIT/1.4" xmlns:xsi="http://www.w3.org/2001/XMLSchema-instance" xsi:schemaLocation="http://www.spiritconsortium.org/XMLSchema/SPIRIT/1.4 http://www.spiritconsortium.org/XMLSchema/SPIRIT/1.4/index.xsd">
  <spirit:vendor>spiritconsortium.org</spirit:vendor>
  <spirit:library>Leon2RTL</spirit:library>
  <spirit:name>ahbbusSparseBridge33</spirit:name>
  <spirit:version>1.0</spirit:version>
  <spirit:busInterfaces>
    <spirit:busInterface>
      <spirit:name>ambaAHBslave0</spirit:name>
      <spirit:busType spirit:vendor="amba.com" spirit:library="AMBA2" spirit:name="AHB" spirit:version="r2p0_6"/>
      <spirit:abstractionType spirit:vendor="amba.com" spirit:library="AMBA2" spirit:name="AHB_rtl" spirit:version="r2p0_6"/>
      <spirit:slave>
        <spirit:bridge spirit:masterRef="ambaAHBmaster0" spirit:opaque="false"/>
        <spirit:bridge spirit:masterRef="ambaAHBmaster1" spirit:opaque="false"/>
        <spirit:bridge spirit:masterRef="ambaAHBmaster2" spirit:opaque="false"/>
      </spirit:slave>
    </spirit:busInterface>
    <spirit:busInterface>
      <spirit:name>ambaAHBslave1</spirit:name>
      <spirit:busType spirit:vendor="amba.com" spirit:library="AMBA2" spirit:name="AHB" spirit:version="r2p0_6"/>
      <spirit:abstractionType spirit:vendor="amba.com" spirit:library="AMBA2" spirit:name="AHB_rtl" spirit:version="r2p0_6"/>
      <spirit:slave>
        <spirit:bridge spirit:masterRef="ambaAHBmaster0" spirit:opaque="false"/>
        <spirit:bridge spirit:masterRef="ambaAHBmaster2" spirit:opaque="false"/>
      </spirit:slave>
    </spirit:busInterface>
    <spirit:busInterface>
      <spirit:name>ambaAHBslave2</spirit:name>
      <spirit:busType spirit:vendor="amba.com" spirit:library="AMBA2" spirit:name="AHB" spirit:version="r2p0_6"/>
      <spirit:abstractionType spirit:vendor="amba.com" spirit:library="AMBA2" spirit:name="AHB_rtl" spirit:version="r2p0_6"/>
      <spirit:slave>
        <spirit:bridge spirit:masterRef="ambaAHBmaster0" spirit:opaque="false"/>
        <spirit:bridge spirit:masterRef="ambaAHBmaster1" spirit:opaque="false"/>
      </spirit:slave>
    </spirit:busInterface>
    <spirit:busInterface>
      <spirit:name>ambaAHBmaster0</spirit:name>
      <spirit:busType spirit:vendor="amba.com" spirit:library="AMBA2" spirit:name="AHB" spirit:version="r2p0_6"/>
      <spirit:abstractionType spirit:vendor="amba.com" spirit:library="AMBA2" spirit:name="AHB_rtl" spirit:version="r2p0_6"/>
      <spirit:master>
        <spirit:addressSpaceRef spirit:addressSpaceRef="ahb0">
          <spirit:baseAddress spirit:id="masterBase0" spirit:resolve="generated">0</spirit:baseAddress>
        </spirit:addressSpaceRef>
      </spirit:master>
    </spirit:busInterface>
    <spirit:busInterface>
      <spirit:name>ambaAHBmaster1</spirit:name>
      <spirit:busType spirit:vendor="amba.com" spirit:library="AMBA2" spirit:name="AHB" spirit:version="r2p0_6"/>
      <spirit:abstractionType spirit:vendor="amba.com" spirit:library="AMBA2" spirit:name="AHB_rtl" spirit:version="r2p0_6"/>
      <spirit:master>
        <spirit:addressSpaceRef spirit:addressSpaceRef="ahb1">
          <spirit:baseAddress spirit:id="masterBase1" spirit:resolve="generated">0</spirit:baseAddress>
        </spirit:addressSpaceRef>
      </spirit:master>
    </spirit:busInterface>
    <spirit:busInterface>
      <spirit:name>ambaAHBmaster2</spirit:name>
      <spirit:busType spirit:vendor="amba.com" spirit:library="AMBA2" spirit:name="AHB" spirit:version="r2p0_6"/>
      <spirit:abstractionType spirit:vendor="amba.com" spirit:library="AMBA2" spirit:name="AHB_rtl" spirit:version="r2p0_6"/>
      <spirit:master>
        <spirit:addressSpaceRef spirit:addressSpaceRef="ahb2">
          <spirit:baseAddress spirit:id="masterBase2" spirit:resolve="generated">0</spirit:baseAddress>
        </spirit:addressSpaceRef>
      </spirit:master>
    </spirit:busInterface>
  </spirit:busInterfaces>
  <spirit:addressSpaces>
    <spirit:addressSpace>
      <spirit:name>ahb0</spirit:name>
      <spirit:range spirit:id="masterRange0" spirit:resolve="generated">4G</spirit:range>
      <spirit:width spirit:format="long">32</spirit:width>
    </spirit:addressSpace>
    <spirit:addressSpace>
      <spirit:name>ahb1</spirit:name>
      <spirit:range spirit:id="masterRange1" spirit:resolve="generated">4G</spirit:range>
      <spirit:width spirit:format="long">32</spirit:width>
    </spirit:addressSpace>
    <spirit:addressSpace>
      <spirit:name>ahb2</spirit:name>
      <spirit:range spirit:id="masterRange2" spirit:resolve="generated">4G</spirit:range>
      <spirit:width spirit:format="long">32</spirit:width>
    </spirit:addressSpace>
  </spirit:addressSpaces>
</spirit:component>
