<?xml version="1.0"?>
<!--
// Description : ahbbusSparse33.xml
// Author : SPIRIT Schema Working Group
// Version: 1.4
//
// Copyright (c) 2007 SPIRIT.  All rights reserved.
// www.spiritconsortium.org
//
// THIS WORK FORMS PART OF A SPIRIT CONSORTIUM SPECIFICATION.  
// THIS WORK CONTAINS TRADE SECRETS AND PROPRIETARY INFORMATION 
// WHICH IS THE EXCLUSIVE PROPERTY OF INDIVIDUAL MEMBERS OF THE 
// SPIRIT CONSORTIUM. USE OF THESE MATERIALS ARE GOVERNED BY 
// THE LEGAL TERMS AND CONDITIONS OUTLINED IN THE THE SPIRIT 
// SPECIFICATION DISCLAIMER AVAILABLE FROM
// www.spiritconsortium.org
-->
<spirit:component xmlns:spirit="http://www.spiritconsortium.org/XMLSchema/SPIRIT/1.4" xmlns:xsi="http://www.w3.org/2001/XMLSchema-instance" xsi:schemaLocation="http://www.spiritconsortium.org/XMLSchema/SPIRIT/1.4 http://www.spiritconsortium.org/XMLSchema/SPIRIT/1.4/index.xsd">
  <spirit:vendor>spiritconsortium.org</spirit:vendor>
  <spirit:library>Leon2RTL</spirit:library>
  <spirit:name>ahbbus33</spirit:name>
  <spirit:version>1.4</spirit:version>
  <spirit:busInterfaces>
    <spirit:busInterface>
      <spirit:name>AHBClk</spirit:name>
      <spirit:busType spirit:vendor="spiritconsortium.org" spirit:library="busdef.clock" spirit:name="clock" spirit:version="1.0"/>
      <spirit:abstractionType spirit:vendor="spiritconsortium.org" spirit:library="busdef.clock" spirit:name="clock_rtl" spirit:version="1.0"/>
      <spirit:slave/>
      <spirit:portMaps>
        <spirit:portMap>
          <spirit:logicalPort>
            <spirit:name>CLK</spirit:name>
          </spirit:logicalPort>
          <spirit:physicalPort>
            <spirit:name>clk</spirit:name>
          </spirit:physicalPort>
        </spirit:portMap>
      </spirit:portMaps>
    </spirit:busInterface>
    <spirit:busInterface>
      <spirit:name>AHBReset</spirit:name>
      <spirit:busType spirit:vendor="spiritconsortium.org" spirit:library="busdef.reset" spirit:name="reset" spirit:version="1.0"/>
      <spirit:abstractionType spirit:vendor="spiritconsortium.org" spirit:library="busdef.reset" spirit:name="reset_rtl" spirit:version="1.0"/>
      <spirit:slave/>
      <spirit:portMaps>
        <spirit:portMap>
          <spirit:logicalPort>
            <spirit:name>RESETn</spirit:name>
          </spirit:logicalPort>
          <spirit:physicalPort>
            <spirit:name>rst</spirit:name>
          </spirit:physicalPort>
        </spirit:portMap>
      </spirit:portMaps>
    </spirit:busInterface>
    <spirit:busInterface>
      <spirit:name>MirroredMaster0</spirit:name>
      <spirit:busType spirit:vendor="amba.com" spirit:library="AMBA2" spirit:name="AHB" spirit:version="r2p0_6"/>
      <spirit:abstractionType spirit:vendor="amba.com" spirit:library="AMBA2" spirit:name="AHB_rtl" spirit:version="r2p0_6"/>
      <spirit:mirroredMaster/>
      <spirit:portMaps>
        <spirit:portMap>
          <spirit:logicalPort>
            <spirit:name>HGRANTx</spirit:name>
          </spirit:logicalPort>
          <spirit:physicalPort>
            <spirit:name>hgrant_mst0</spirit:name>
          </spirit:physicalPort>
        </spirit:portMap>
        <spirit:portMap>
          <spirit:logicalPort>
            <spirit:name>HREADY</spirit:name>
          </spirit:logicalPort>
          <spirit:physicalPort>
            <spirit:name>hready_mst0</spirit:name>
          </spirit:physicalPort>
        </spirit:portMap>
        <spirit:portMap>
          <spirit:logicalPort>
            <spirit:name>HRESP</spirit:name>
          </spirit:logicalPort>
          <spirit:physicalPort>
            <spirit:name>hresp_mst0</spirit:name>
          </spirit:physicalPort>
        </spirit:portMap>
        <spirit:portMap>
          <spirit:logicalPort>
            <spirit:name>HRDATA</spirit:name>
          </spirit:logicalPort>
          <spirit:physicalPort>
            <spirit:name>hrdata_mst0</spirit:name>
          </spirit:physicalPort>
        </spirit:portMap>
        <spirit:portMap>
          <spirit:logicalPort>
            <spirit:name>HBUSREQx</spirit:name>
          </spirit:logicalPort>
          <spirit:physicalPort>
            <spirit:name>hbusreq_mst0</spirit:name>
          </spirit:physicalPort>
        </spirit:portMap>
        <spirit:portMap>
          <spirit:logicalPort>
            <spirit:name>HLOCKx</spirit:name>
          </spirit:logicalPort>
          <spirit:physicalPort>
            <spirit:name>hlock_mst0</spirit:name>
          </spirit:physicalPort>
        </spirit:portMap>
        <spirit:portMap>
          <spirit:logicalPort>
            <spirit:name>HTRANS</spirit:name>
          </spirit:logicalPort>
          <spirit:physicalPort>
            <spirit:name>htrans_mst0</spirit:name>
          </spirit:physicalPort>
        </spirit:portMap>
        <spirit:portMap>
          <spirit:logicalPort>
            <spirit:name>HADDR</spirit:name>
          </spirit:logicalPort>
          <spirit:physicalPort>
            <spirit:name>haddr_mst0</spirit:name>
          </spirit:physicalPort>
        </spirit:portMap>
        <spirit:portMap>
          <spirit:logicalPort>
            <spirit:name>HWRITE</spirit:name>
          </spirit:logicalPort>
          <spirit:physicalPort>
            <spirit:name>hwrite_mst0</spirit:name>
          </spirit:physicalPort>
        </spirit:portMap>
        <spirit:portMap>
          <spirit:logicalPort>
            <spirit:name>HSIZE</spirit:name>
          </spirit:logicalPort>
          <spirit:physicalPort>
            <spirit:name>hsize_mst0</spirit:name>
          </spirit:physicalPort>
        </spirit:portMap>
        <spirit:portMap>
          <spirit:logicalPort>
            <spirit:name>HBURST</spirit:name>
          </spirit:logicalPort>
          <spirit:physicalPort>
            <spirit:name>hburst_mst0</spirit:name>
          </spirit:physicalPort>
        </spirit:portMap>
        <spirit:portMap>
          <spirit:logicalPort>
            <spirit:name>HPROT</spirit:name>
          </spirit:logicalPort>
          <spirit:physicalPort>
            <spirit:name>hprot_mst0</spirit:name>
          </spirit:physicalPort>
        </spirit:portMap>
        <spirit:portMap>
          <spirit:logicalPort>
            <spirit:name>HWDATA</spirit:name>
          </spirit:logicalPort>
          <spirit:physicalPort>
            <spirit:name>hwdata_mst0</spirit:name>
          </spirit:physicalPort>
        </spirit:portMap>
      </spirit:portMaps>
    </spirit:busInterface>
    <spirit:busInterface>
      <spirit:name>MirroredMaster1</spirit:name>
      <spirit:busType spirit:vendor="amba.com" spirit:library="AMBA2" spirit:name="AHB" spirit:version="r2p0_6"/>
      <spirit:abstractionType spirit:vendor="amba.com" spirit:library="AMBA2" spirit:name="AHB_rtl" spirit:version="r2p0_6"/>
      <spirit:mirroredMaster/>
      <spirit:portMaps>
        <spirit:portMap>
          <spirit:logicalPort>
            <spirit:name>HGRANTx</spirit:name>
          </spirit:logicalPort>
          <spirit:physicalPort>
            <spirit:name>hgrant_mst1</spirit:name>
          </spirit:physicalPort>
        </spirit:portMap>
        <spirit:portMap>
          <spirit:logicalPort>
            <spirit:name>HREADY</spirit:name>
          </spirit:logicalPort>
          <spirit:physicalPort>
            <spirit:name>hready_mst1</spirit:name>
          </spirit:physicalPort>
        </spirit:portMap>
        <spirit:portMap>
          <spirit:logicalPort>
            <spirit:name>HRESP</spirit:name>
          </spirit:logicalPort>
          <spirit:physicalPort>
            <spirit:name>hresp_mst1</spirit:name>
          </spirit:physicalPort>
        </spirit:portMap>
        <spirit:portMap>
          <spirit:logicalPort>
            <spirit:name>HRDATA</spirit:name>
          </spirit:logicalPort>
          <spirit:physicalPort>
            <spirit:name>hrdata_mst1</spirit:name>
          </spirit:physicalPort>
        </spirit:portMap>
        <spirit:portMap>
          <spirit:logicalPort>
            <spirit:name>HBUSREQx</spirit:name>
          </spirit:logicalPort>
          <spirit:physicalPort>
            <spirit:name>hbusreq_mst1</spirit:name>
          </spirit:physicalPort>
        </spirit:portMap>
        <spirit:portMap>
          <spirit:logicalPort>
            <spirit:name>HLOCKx</spirit:name>
          </spirit:logicalPort>
          <spirit:physicalPort>
            <spirit:name>hlock_mst1</spirit:name>
          </spirit:physicalPort>
        </spirit:portMap>
        <spirit:portMap>
          <spirit:logicalPort>
            <spirit:name>HTRANS</spirit:name>
          </spirit:logicalPort>
          <spirit:physicalPort>
            <spirit:name>htrans_mst1</spirit:name>
          </spirit:physicalPort>
        </spirit:portMap>
        <spirit:portMap>
          <spirit:logicalPort>
            <spirit:name>HADDR</spirit:name>
          </spirit:logicalPort>
          <spirit:physicalPort>
            <spirit:name>haddr_mst1</spirit:name>
          </spirit:physicalPort>
        </spirit:portMap>
        <spirit:portMap>
          <spirit:logicalPort>
            <spirit:name>HWRITE</spirit:name>
          </spirit:logicalPort>
          <spirit:physicalPort>
            <spirit:name>hwrite_mst1</spirit:name>
          </spirit:physicalPort>
        </spirit:portMap>
        <spirit:portMap>
          <spirit:logicalPort>
            <spirit:name>HSIZE</spirit:name>
          </spirit:logicalPort>
          <spirit:physicalPort>
            <spirit:name>hsize_mst1</spirit:name>
          </spirit:physicalPort>
        </spirit:portMap>
        <spirit:portMap>
          <spirit:logicalPort>
            <spirit:name>HBURST</spirit:name>
          </spirit:logicalPort>
          <spirit:physicalPort>
            <spirit:name>hburst_mst1</spirit:name>
          </spirit:physicalPort>
        </spirit:portMap>
        <spirit:portMap>
          <spirit:logicalPort>
            <spirit:name>HPROT</spirit:name>
          </spirit:logicalPort>
          <spirit:physicalPort>
            <spirit:name>hprot_mst1</spirit:name>
          </spirit:physicalPort>
        </spirit:portMap>
        <spirit:portMap>
          <spirit:logicalPort>
            <spirit:name>HWDATA</spirit:name>
          </spirit:logicalPort>
          <spirit:physicalPort>
            <spirit:name>hwdata_mst1</spirit:name>
          </spirit:physicalPort>
        </spirit:portMap>
      </spirit:portMaps>
    </spirit:busInterface>
    <spirit:busInterface>
      <spirit:name>MirroredMaster2</spirit:name>
      <spirit:busType spirit:vendor="amba.com" spirit:library="AMBA2" spirit:name="AHB" spirit:version="r2p0_6"/>
      <spirit:abstractionType spirit:vendor="amba.com" spirit:library="AMBA2" spirit:name="AHB_rtl" spirit:version="r2p0_6"/>
      <spirit:mirroredMaster/>
      <spirit:portMaps>
        <spirit:portMap>
          <spirit:logicalPort>
            <spirit:name>HGRANTx</spirit:name>
          </spirit:logicalPort>
          <spirit:physicalPort>
            <spirit:name>hgrant_mst2</spirit:name>
          </spirit:physicalPort>
        </spirit:portMap>
        <spirit:portMap>
          <spirit:logicalPort>
            <spirit:name>HREADY</spirit:name>
          </spirit:logicalPort>
          <spirit:physicalPort>
            <spirit:name>hready_mst2</spirit:name>
          </spirit:physicalPort>
        </spirit:portMap>
        <spirit:portMap>
          <spirit:logicalPort>
            <spirit:name>HRESP</spirit:name>
          </spirit:logicalPort>
          <spirit:physicalPort>
            <spirit:name>hresp_mst2</spirit:name>
          </spirit:physicalPort>
        </spirit:portMap>
        <spirit:portMap>
          <spirit:logicalPort>
            <spirit:name>HRDATA</spirit:name>
          </spirit:logicalPort>
          <spirit:physicalPort>
            <spirit:name>hrdata_mst2</spirit:name>
          </spirit:physicalPort>
        </spirit:portMap>
        <spirit:portMap>
          <spirit:logicalPort>
            <spirit:name>HBUSREQx</spirit:name>
          </spirit:logicalPort>
          <spirit:physicalPort>
            <spirit:name>hbusreq_mst2</spirit:name>
          </spirit:physicalPort>
        </spirit:portMap>
        <spirit:portMap>
          <spirit:logicalPort>
            <spirit:name>HLOCKx</spirit:name>
          </spirit:logicalPort>
          <spirit:physicalPort>
            <spirit:name>hlock_mst2</spirit:name>
          </spirit:physicalPort>
        </spirit:portMap>
        <spirit:portMap>
          <spirit:logicalPort>
            <spirit:name>HTRANS</spirit:name>
          </spirit:logicalPort>
          <spirit:physicalPort>
            <spirit:name>htrans_mst2</spirit:name>
          </spirit:physicalPort>
        </spirit:portMap>
        <spirit:portMap>
          <spirit:logicalPort>
            <spirit:name>HADDR</spirit:name>
          </spirit:logicalPort>
          <spirit:physicalPort>
            <spirit:name>haddr_mst2</spirit:name>
          </spirit:physicalPort>
        </spirit:portMap>
        <spirit:portMap>
          <spirit:logicalPort>
            <spirit:name>HWRITE</spirit:name>
          </spirit:logicalPort>
          <spirit:physicalPort>
            <spirit:name>hwrite_mst2</spirit:name>
          </spirit:physicalPort>
        </spirit:portMap>
        <spirit:portMap>
          <spirit:logicalPort>
            <spirit:name>HSIZE</spirit:name>
          </spirit:logicalPort>
          <spirit:physicalPort>
            <spirit:name>hsize_mst2</spirit:name>
          </spirit:physicalPort>
        </spirit:portMap>
        <spirit:portMap>
          <spirit:logicalPort>
            <spirit:name>HBURST</spirit:name>
          </spirit:logicalPort>
          <spirit:physicalPort>
            <spirit:name>hburst_mst2</spirit:name>
          </spirit:physicalPort>
        </spirit:portMap>
        <spirit:portMap>
          <spirit:logicalPort>
            <spirit:name>HPROT</spirit:name>
          </spirit:logicalPort>
          <spirit:physicalPort>
            <spirit:name>hprot_mst2</spirit:name>
          </spirit:physicalPort>
        </spirit:portMap>
        <spirit:portMap>
          <spirit:logicalPort>
            <spirit:name>HWDATA</spirit:name>
          </spirit:logicalPort>
          <spirit:physicalPort>
            <spirit:name>hwdata_mst2</spirit:name>
          </spirit:physicalPort>
        </spirit:portMap>
      </spirit:portMaps>
    </spirit:busInterface>
    <spirit:busInterface>
      <spirit:name>MirroredSlave0</spirit:name>
      <spirit:busType spirit:vendor="amba.com" spirit:library="AMBA2" spirit:name="AHB" spirit:version="r2p0_6"/>
      <spirit:abstractionType spirit:vendor="amba.com" spirit:library="AMBA2" spirit:name="AHB_rtl" spirit:version="r2p0_6"/>
      <spirit:mirroredSlave/>
      <spirit:portMaps>
        <spirit:portMap>
          <spirit:logicalPort>
            <spirit:name>HSELx</spirit:name>
          </spirit:logicalPort>
          <spirit:physicalPort>
            <spirit:name>hsel_slv0</spirit:name>
          </spirit:physicalPort>
        </spirit:portMap>
        <spirit:portMap>
          <spirit:logicalPort>
            <spirit:name>HADDR</spirit:name>
          </spirit:logicalPort>
          <spirit:physicalPort>
            <spirit:name>haddr_slv0</spirit:name>
          </spirit:physicalPort>
        </spirit:portMap>
        <spirit:portMap>
          <spirit:logicalPort>
            <spirit:name>HWRITE</spirit:name>
          </spirit:logicalPort>
          <spirit:physicalPort>
            <spirit:name>hwrite_slv0</spirit:name>
          </spirit:physicalPort>
        </spirit:portMap>
        <spirit:portMap>
          <spirit:logicalPort>
            <spirit:name>HTRANS</spirit:name>
          </spirit:logicalPort>
          <spirit:physicalPort>
            <spirit:name>htrans_slv0</spirit:name>
          </spirit:physicalPort>
        </spirit:portMap>
        <spirit:portMap>
          <spirit:logicalPort>
            <spirit:name>HSIZE</spirit:name>
          </spirit:logicalPort>
          <spirit:physicalPort>
            <spirit:name>hsize_slv0</spirit:name>
          </spirit:physicalPort>
        </spirit:portMap>
        <spirit:portMap>
          <spirit:logicalPort>
            <spirit:name>HBURST</spirit:name>
          </spirit:logicalPort>
          <spirit:physicalPort>
            <spirit:name>hburst_slv0</spirit:name>
          </spirit:physicalPort>
        </spirit:portMap>
        <spirit:portMap>
          <spirit:logicalPort>
            <spirit:name>HWDATA</spirit:name>
          </spirit:logicalPort>
          <spirit:physicalPort>
            <spirit:name>hwdata_slv0</spirit:name>
          </spirit:physicalPort>
        </spirit:portMap>
        <spirit:portMap>
          <spirit:logicalPort>
            <spirit:name>HPROT</spirit:name>
          </spirit:logicalPort>
          <spirit:physicalPort>
            <spirit:name>hprot_slv0</spirit:name>
          </spirit:physicalPort>
        </spirit:portMap>
        <spirit:portMap>
          <spirit:logicalPort>
            <spirit:name>HREADY</spirit:name>
          </spirit:logicalPort>
          <spirit:physicalPort>
            <spirit:name>hreadyin_slv0</spirit:name>
          </spirit:physicalPort>
        </spirit:portMap>
        <spirit:portMap>
          <spirit:logicalPort>
            <spirit:name>HMASTER</spirit:name>
          </spirit:logicalPort>
          <spirit:physicalPort>
            <spirit:name>hmaster_slv0</spirit:name>
          </spirit:physicalPort>
        </spirit:portMap>
        <spirit:portMap>
          <spirit:logicalPort>
            <spirit:name>HMASTLOCK</spirit:name>
          </spirit:logicalPort>
          <spirit:physicalPort>
            <spirit:name>hmastlock_slv0</spirit:name>
          </spirit:physicalPort>
        </spirit:portMap>
        <spirit:portMap>
          <spirit:logicalPort>
            <spirit:name>HREADYOUT</spirit:name>
          </spirit:logicalPort>
          <spirit:physicalPort>
            <spirit:name>hreadyout_slv0</spirit:name>
          </spirit:physicalPort>
        </spirit:portMap>
        <spirit:portMap>
          <spirit:logicalPort>
            <spirit:name>HRESP</spirit:name>
          </spirit:logicalPort>
          <spirit:physicalPort>
            <spirit:name>hresp_slv0</spirit:name>
          </spirit:physicalPort>
        </spirit:portMap>
        <spirit:portMap>
          <spirit:logicalPort>
            <spirit:name>HRDATA</spirit:name>
          </spirit:logicalPort>
          <spirit:physicalPort>
            <spirit:name>hrdata_slv0</spirit:name>
          </spirit:physicalPort>
        </spirit:portMap>
        <spirit:portMap>
          <spirit:logicalPort>
            <spirit:name>HSPLITx</spirit:name>
          </spirit:logicalPort>
          <spirit:physicalPort>
            <spirit:name>hsplit_slv0</spirit:name>
          </spirit:physicalPort>
        </spirit:portMap>
      </spirit:portMaps>
    </spirit:busInterface>
    <spirit:busInterface>
      <spirit:name>MirroredSlave1</spirit:name>
      <spirit:busType spirit:vendor="amba.com" spirit:library="AMBA2" spirit:name="AHB" spirit:version="r2p0_6"/>
      <spirit:abstractionType spirit:vendor="amba.com" spirit:library="AMBA2" spirit:name="AHB_rtl" spirit:version="r2p0_6"/>
      <spirit:mirroredSlave/>
      <spirit:portMaps>
        <spirit:portMap>
          <spirit:logicalPort>
            <spirit:name>HSELx</spirit:name>
          </spirit:logicalPort>
          <spirit:physicalPort>
            <spirit:name>hsel_slv1</spirit:name>
          </spirit:physicalPort>
        </spirit:portMap>
        <spirit:portMap>
          <spirit:logicalPort>
            <spirit:name>HADDR</spirit:name>
          </spirit:logicalPort>
          <spirit:physicalPort>
            <spirit:name>haddr_slv1</spirit:name>
          </spirit:physicalPort>
        </spirit:portMap>
        <spirit:portMap>
          <spirit:logicalPort>
            <spirit:name>HWRITE</spirit:name>
          </spirit:logicalPort>
          <spirit:physicalPort>
            <spirit:name>hwrite_slv1</spirit:name>
          </spirit:physicalPort>
        </spirit:portMap>
        <spirit:portMap>
          <spirit:logicalPort>
            <spirit:name>HTRANS</spirit:name>
          </spirit:logicalPort>
          <spirit:physicalPort>
            <spirit:name>htrans_slv1</spirit:name>
          </spirit:physicalPort>
        </spirit:portMap>
        <spirit:portMap>
          <spirit:logicalPort>
            <spirit:name>HSIZE</spirit:name>
          </spirit:logicalPort>
          <spirit:physicalPort>
            <spirit:name>hsize_slv1</spirit:name>
          </spirit:physicalPort>
        </spirit:portMap>
        <spirit:portMap>
          <spirit:logicalPort>
            <spirit:name>HBURST</spirit:name>
          </spirit:logicalPort>
          <spirit:physicalPort>
            <spirit:name>hburst_slv1</spirit:name>
          </spirit:physicalPort>
        </spirit:portMap>
        <spirit:portMap>
          <spirit:logicalPort>
            <spirit:name>HWDATA</spirit:name>
          </spirit:logicalPort>
          <spirit:physicalPort>
            <spirit:name>hwdata_slv1</spirit:name>
          </spirit:physicalPort>
        </spirit:portMap>
        <spirit:portMap>
          <spirit:logicalPort>
            <spirit:name>HPROT</spirit:name>
          </spirit:logicalPort>
          <spirit:physicalPort>
            <spirit:name>hprot_slv1</spirit:name>
          </spirit:physicalPort>
        </spirit:portMap>
        <spirit:portMap>
          <spirit:logicalPort>
            <spirit:name>HREADY</spirit:name>
          </spirit:logicalPort>
          <spirit:physicalPort>
            <spirit:name>hreadyin_slv1</spirit:name>
          </spirit:physicalPort>
        </spirit:portMap>
        <spirit:portMap>
          <spirit:logicalPort>
            <spirit:name>HMASTER</spirit:name>
          </spirit:logicalPort>
          <spirit:physicalPort>
            <spirit:name>hmaster_slv1</spirit:name>
          </spirit:physicalPort>
        </spirit:portMap>
        <spirit:portMap>
          <spirit:logicalPort>
            <spirit:name>HMASTLOCK</spirit:name>
          </spirit:logicalPort>
          <spirit:physicalPort>
            <spirit:name>hmastlock_slv1</spirit:name>
          </spirit:physicalPort>
        </spirit:portMap>
        <spirit:portMap>
          <spirit:logicalPort>
            <spirit:name>HREADYOUT</spirit:name>
          </spirit:logicalPort>
          <spirit:physicalPort>
            <spirit:name>hreadyout_slv1</spirit:name>
          </spirit:physicalPort>
        </spirit:portMap>
        <spirit:portMap>
          <spirit:logicalPort>
            <spirit:name>HRESP</spirit:name>
          </spirit:logicalPort>
          <spirit:physicalPort>
            <spirit:name>hresp_slv1</spirit:name>
          </spirit:physicalPort>
        </spirit:portMap>
        <spirit:portMap>
          <spirit:logicalPort>
            <spirit:name>HRDATA</spirit:name>
          </spirit:logicalPort>
          <spirit:physicalPort>
            <spirit:name>hrdata_slv1</spirit:name>
          </spirit:physicalPort>
        </spirit:portMap>
        <spirit:portMap>
          <spirit:logicalPort>
            <spirit:name>HSPLITx</spirit:name>
          </spirit:logicalPort>
          <spirit:physicalPort>
            <spirit:name>hsplit_slv1</spirit:name>
          </spirit:physicalPort>
        </spirit:portMap>
      </spirit:portMaps>
    </spirit:busInterface>
    <spirit:busInterface>
      <spirit:name>MirroredSlave2</spirit:name>
      <spirit:busType spirit:vendor="amba.com" spirit:library="AMBA2" spirit:name="AHB" spirit:version="r2p0_6"/>
      <spirit:abstractionType spirit:vendor="amba.com" spirit:library="AMBA2" spirit:name="AHB_rtl" spirit:version="r2p0_6"/>
      <spirit:mirroredSlave/>
      <spirit:portMaps>
        <spirit:portMap>
          <spirit:logicalPort>
            <spirit:name>HSELx</spirit:name>
          </spirit:logicalPort>
          <spirit:physicalPort>
            <spirit:name>hsel_slv2</spirit:name>
          </spirit:physicalPort>
        </spirit:portMap>
        <spirit:portMap>
          <spirit:logicalPort>
            <spirit:name>HADDR</spirit:name>
          </spirit:logicalPort>
          <spirit:physicalPort>
            <spirit:name>haddr_slv2</spirit:name>
          </spirit:physicalPort>
        </spirit:portMap>
        <spirit:portMap>
          <spirit:logicalPort>
            <spirit:name>HWRITE</spirit:name>
          </spirit:logicalPort>
          <spirit:physicalPort>
            <spirit:name>hwrite_slv2</spirit:name>
          </spirit:physicalPort>
        </spirit:portMap>
        <spirit:portMap>
          <spirit:logicalPort>
            <spirit:name>HTRANS</spirit:name>
          </spirit:logicalPort>
          <spirit:physicalPort>
            <spirit:name>htrans_slv2</spirit:name>
          </spirit:physicalPort>
        </spirit:portMap>
        <spirit:portMap>
          <spirit:logicalPort>
            <spirit:name>HSIZE</spirit:name>
          </spirit:logicalPort>
          <spirit:physicalPort>
            <spirit:name>hsize_slv2</spirit:name>
          </spirit:physicalPort>
        </spirit:portMap>
        <spirit:portMap>
          <spirit:logicalPort>
            <spirit:name>HBURST</spirit:name>
          </spirit:logicalPort>
          <spirit:physicalPort>
            <spirit:name>hburst_slv2</spirit:name>
          </spirit:physicalPort>
        </spirit:portMap>
        <spirit:portMap>
          <spirit:logicalPort>
            <spirit:name>HWDATA</spirit:name>
          </spirit:logicalPort>
          <spirit:physicalPort>
            <spirit:name>hwdata_slv2</spirit:name>
          </spirit:physicalPort>
        </spirit:portMap>
        <spirit:portMap>
          <spirit:logicalPort>
            <spirit:name>HPROT</spirit:name>
          </spirit:logicalPort>
          <spirit:physicalPort>
            <spirit:name>hprot_slv2</spirit:name>
          </spirit:physicalPort>
        </spirit:portMap>
        <spirit:portMap>
          <spirit:logicalPort>
            <spirit:name>HREADY</spirit:name>
          </spirit:logicalPort>
          <spirit:physicalPort>
            <spirit:name>hreadyin_slv2</spirit:name>
          </spirit:physicalPort>
        </spirit:portMap>
        <spirit:portMap>
          <spirit:logicalPort>
            <spirit:name>HMASTER</spirit:name>
          </spirit:logicalPort>
          <spirit:physicalPort>
            <spirit:name>hmaster_slv2</spirit:name>
          </spirit:physicalPort>
        </spirit:portMap>
        <spirit:portMap>
          <spirit:logicalPort>
            <spirit:name>HMASTLOCK</spirit:name>
          </spirit:logicalPort>
          <spirit:physicalPort>
            <spirit:name>hmastlock_slv2</spirit:name>
          </spirit:physicalPort>
        </spirit:portMap>
        <spirit:portMap>
          <spirit:logicalPort>
            <spirit:name>HREADYOUT</spirit:name>
          </spirit:logicalPort>
          <spirit:physicalPort>
            <spirit:name>hreadyout_slv2</spirit:name>
          </spirit:physicalPort>
        </spirit:portMap>
        <spirit:portMap>
          <spirit:logicalPort>
            <spirit:name>HRESP</spirit:name>
          </spirit:logicalPort>
          <spirit:physicalPort>
            <spirit:name>hresp_slv2</spirit:name>
          </spirit:physicalPort>
        </spirit:portMap>
        <spirit:portMap>
          <spirit:logicalPort>
            <spirit:name>HRDATA</spirit:name>
          </spirit:logicalPort>
          <spirit:physicalPort>
            <spirit:name>hrdata_slv2</spirit:name>
          </spirit:physicalPort>
        </spirit:portMap>
        <spirit:portMap>
          <spirit:logicalPort>
            <spirit:name>HSPLITx</spirit:name>
          </spirit:logicalPort>
          <spirit:physicalPort>
            <spirit:name>hsplit_slv2</spirit:name>
          </spirit:physicalPort>
        </spirit:portMap>
      </spirit:portMaps>
    </spirit:busInterface>
  </spirit:busInterfaces>
  <spirit:model>
    <spirit:views>
      <spirit:view>
        <spirit:name>vhdlsource</spirit:name>
        <spirit:envIdentifier>:modelsim.mentor.com:</spirit:envIdentifier>
        <spirit:envIdentifier>:ncsim.cadence.com:</spirit:envIdentifier>
        <spirit:envIdentifier>:vcs.synopsys.com:</spirit:envIdentifier>
        <spirit:envIdentifier>:designcompiler.synopsys.com:</spirit:envIdentifier>
        <spirit:language>vhdl</spirit:language>
        <spirit:modelName>leon2Ahbbus33(struct)</spirit:modelName>
        <spirit:fileSetRef>fs-vhdlSource</spirit:fileSetRef>
      </spirit:view>
      <spirit:view>
        <spirit:name>spirit-design-bridgeconfig</spirit:name>
        <spirit:envIdentifier>::Hierarchy</spirit:envIdentifier>
        <spirit:hierarchyRef spirit:vendor="spiritconsortium.org" spirit:library="Leon2RTL" spirit:name="design_ahbbusSparse33" spirit:version="1.0"/>
      </spirit:view>
      <spirit:view>
        <spirit:name>spirit-design-rangeconfig</spirit:name>
        <spirit:envIdentifier>::Hierarchy</spirit:envIdentifier>
        <spirit:hierarchyRef spirit:vendor="spiritconsortium.org" spirit:library="Leon2RTL" spirit:name="design_ahbbusSparse333" spirit:version="1.0"/>
      </spirit:view>
    </spirit:views>
    <spirit:ports>
      <spirit:port>
        <spirit:name>rst</spirit:name>
        <spirit:wire>
          <spirit:direction>in</spirit:direction>
        </spirit:wire>
      </spirit:port>
      <spirit:port>
        <spirit:name>remap</spirit:name>
        <spirit:wire>
          <spirit:direction>in</spirit:direction>
          <spirit:driver>
            <spirit:defaultValue>0x0</spirit:defaultValue>
          </spirit:driver>
        </spirit:wire>
      </spirit:port>
      <spirit:port>
        <spirit:name>clk</spirit:name>
        <spirit:wire>
          <spirit:direction>in</spirit:direction>
        </spirit:wire>
      </spirit:port>
      <spirit:port>
        <spirit:name>hgrant_mst0</spirit:name>
        <spirit:wire>
          <spirit:direction>out</spirit:direction>
        </spirit:wire>
      </spirit:port>
      <spirit:port>
        <spirit:name>hready_mst0</spirit:name>
        <spirit:wire>
          <spirit:direction>out</spirit:direction>
        </spirit:wire>
      </spirit:port>
      <spirit:port>
        <spirit:name>hresp_mst0</spirit:name>
        <spirit:wire>
          <spirit:direction>out</spirit:direction>
          <spirit:vector>
            <spirit:left>1</spirit:left>
            <spirit:right>0</spirit:right>
          </spirit:vector>
        </spirit:wire>
      </spirit:port>
      <spirit:port>
        <spirit:name>hrdata_mst0</spirit:name>
        <spirit:wire>
          <spirit:direction>out</spirit:direction>
          <spirit:vector>
            <spirit:left>31</spirit:left>
            <spirit:right>0</spirit:right>
          </spirit:vector>
        </spirit:wire>
      </spirit:port>
      <spirit:port>
        <spirit:name>hgrant_mst1</spirit:name>
        <spirit:wire>
          <spirit:direction>out</spirit:direction>
        </spirit:wire>
      </spirit:port>
      <spirit:port>
        <spirit:name>hready_mst1</spirit:name>
        <spirit:wire>
          <spirit:direction>out</spirit:direction>
        </spirit:wire>
      </spirit:port>
      <spirit:port>
        <spirit:name>hresp_mst1</spirit:name>
        <spirit:wire>
          <spirit:direction>out</spirit:direction>
          <spirit:vector>
            <spirit:left>1</spirit:left>
            <spirit:right>0</spirit:right>
          </spirit:vector>
        </spirit:wire>
      </spirit:port>
      <spirit:port>
        <spirit:name>hrdata_mst1</spirit:name>
        <spirit:wire>
          <spirit:direction>out</spirit:direction>
          <spirit:vector>
            <spirit:left>31</spirit:left>
            <spirit:right>0</spirit:right>
          </spirit:vector>
        </spirit:wire>
      </spirit:port>
      <spirit:port>
        <spirit:name>hbusreq_mst0</spirit:name>
        <spirit:wire>
          <spirit:direction>in</spirit:direction>
          <spirit:driver>
            <spirit:defaultValue>0x0</spirit:defaultValue>
          </spirit:driver>
        </spirit:wire>
      </spirit:port>
      <spirit:port>
        <spirit:name>hlock_mst0</spirit:name>
        <spirit:wire>
          <spirit:direction>in</spirit:direction>
        </spirit:wire>
      </spirit:port>
      <spirit:port>
        <spirit:name>htrans_mst0</spirit:name>
        <spirit:wire>
          <spirit:direction>in</spirit:direction>
          <spirit:vector>
            <spirit:left>1</spirit:left>
            <spirit:right>0</spirit:right>
          </spirit:vector>
        </spirit:wire>
      </spirit:port>
      <spirit:port>
        <spirit:name>haddr_mst0</spirit:name>
        <spirit:wire>
          <spirit:direction>in</spirit:direction>
          <spirit:vector>
            <spirit:left>31</spirit:left>
            <spirit:right>0</spirit:right>
          </spirit:vector>
        </spirit:wire>
      </spirit:port>
      <spirit:port>
        <spirit:name>hwrite_mst0</spirit:name>
        <spirit:wire>
          <spirit:direction>in</spirit:direction>
        </spirit:wire>
      </spirit:port>
      <spirit:port>
        <spirit:name>hsize_mst0</spirit:name>
        <spirit:wire>
          <spirit:direction>in</spirit:direction>
          <spirit:vector>
            <spirit:left>2</spirit:left>
            <spirit:right>0</spirit:right>
          </spirit:vector>
        </spirit:wire>
      </spirit:port>
      <spirit:port>
        <spirit:name>hburst_mst0</spirit:name>
        <spirit:wire>
          <spirit:direction>in</spirit:direction>
          <spirit:vector>
            <spirit:left>2</spirit:left>
            <spirit:right>0</spirit:right>
          </spirit:vector>
        </spirit:wire>
      </spirit:port>
      <spirit:port>
        <spirit:name>hprot_mst0</spirit:name>
        <spirit:wire>
          <spirit:direction>in</spirit:direction>
          <spirit:vector>
            <spirit:left>3</spirit:left>
            <spirit:right>0</spirit:right>
          </spirit:vector>
        </spirit:wire>
      </spirit:port>
      <spirit:port>
        <spirit:name>hwdata_mst0</spirit:name>
        <spirit:wire>
          <spirit:direction>in</spirit:direction>
          <spirit:vector>
            <spirit:left>31</spirit:left>
            <spirit:right>0</spirit:right>
          </spirit:vector>
        </spirit:wire>
      </spirit:port>
      <spirit:port>
        <spirit:name>hbusreq_mst1</spirit:name>
        <spirit:wire>
          <spirit:direction>in</spirit:direction>
          <spirit:driver>
            <spirit:defaultValue>0x0</spirit:defaultValue>
          </spirit:driver>
        </spirit:wire>
      </spirit:port>
      <spirit:port>
        <spirit:name>hlock_mst1</spirit:name>
        <spirit:wire>
          <spirit:direction>in</spirit:direction>
        </spirit:wire>
      </spirit:port>
      <spirit:port>
        <spirit:name>htrans_mst1</spirit:name>
        <spirit:wire>
          <spirit:direction>in</spirit:direction>
          <spirit:vector>
            <spirit:left>1</spirit:left>
            <spirit:right>0</spirit:right>
          </spirit:vector>
        </spirit:wire>
      </spirit:port>
      <spirit:port>
        <spirit:name>haddr_mst1</spirit:name>
        <spirit:wire>
          <spirit:direction>in</spirit:direction>
          <spirit:vector>
            <spirit:left>31</spirit:left>
            <spirit:right>0</spirit:right>
          </spirit:vector>
        </spirit:wire>
      </spirit:port>
      <spirit:port>
        <spirit:name>hwrite_mst1</spirit:name>
        <spirit:wire>
          <spirit:direction>in</spirit:direction>
        </spirit:wire>
      </spirit:port>
      <spirit:port>
        <spirit:name>hsize_mst1</spirit:name>
        <spirit:wire>
          <spirit:direction>in</spirit:direction>
          <spirit:vector>
            <spirit:left>2</spirit:left>
            <spirit:right>0</spirit:right>
          </spirit:vector>
        </spirit:wire>
      </spirit:port>
      <spirit:port>
        <spirit:name>hburst_mst1</spirit:name>
        <spirit:wire>
          <spirit:direction>in</spirit:direction>
          <spirit:vector>
            <spirit:left>2</spirit:left>
            <spirit:right>0</spirit:right>
          </spirit:vector>
        </spirit:wire>
      </spirit:port>
      <spirit:port>
        <spirit:name>hprot_mst1</spirit:name>
        <spirit:wire>
          <spirit:direction>in</spirit:direction>
          <spirit:vector>
            <spirit:left>3</spirit:left>
            <spirit:right>0</spirit:right>
          </spirit:vector>
        </spirit:wire>
      </spirit:port>
      <spirit:port>
        <spirit:name>hwdata_mst1</spirit:name>
        <spirit:wire>
          <spirit:direction>in</spirit:direction>
          <spirit:vector>
            <spirit:left>31</spirit:left>
            <spirit:right>0</spirit:right>
          </spirit:vector>
        </spirit:wire>
      </spirit:port>
      <spirit:port>
        <spirit:name>hbusreq_mst2</spirit:name>
        <spirit:wire>
          <spirit:direction>in</spirit:direction>
          <spirit:driver>
            <spirit:defaultValue>0x0</spirit:defaultValue>
          </spirit:driver>
        </spirit:wire>
      </spirit:port>
      <spirit:port>
        <spirit:name>hlock_mst2</spirit:name>
        <spirit:wire>
          <spirit:direction>in</spirit:direction>
        </spirit:wire>
      </spirit:port>
      <spirit:port>
        <spirit:name>htrans_mst2</spirit:name>
        <spirit:wire>
          <spirit:direction>in</spirit:direction>
          <spirit:vector>
            <spirit:left>1</spirit:left>
            <spirit:right>0</spirit:right>
          </spirit:vector>
        </spirit:wire>
      </spirit:port>
      <spirit:port>
        <spirit:name>haddr_mst2</spirit:name>
        <spirit:wire>
          <spirit:direction>in</spirit:direction>
          <spirit:vector>
            <spirit:left>31</spirit:left>
            <spirit:right>0</spirit:right>
          </spirit:vector>
        </spirit:wire>
      </spirit:port>
      <spirit:port>
        <spirit:name>hwrite_mst2</spirit:name>
        <spirit:wire>
          <spirit:direction>in</spirit:direction>
        </spirit:wire>
      </spirit:port>
      <spirit:port>
        <spirit:name>hsize_mst2</spirit:name>
        <spirit:wire>
          <spirit:direction>in</spirit:direction>
          <spirit:vector>
            <spirit:left>2</spirit:left>
            <spirit:right>0</spirit:right>
          </spirit:vector>
        </spirit:wire>
      </spirit:port>
      <spirit:port>
        <spirit:name>hburst_mst2</spirit:name>
        <spirit:wire>
          <spirit:direction>in</spirit:direction>
          <spirit:vector>
            <spirit:left>2</spirit:left>
            <spirit:right>0</spirit:right>
          </spirit:vector>
        </spirit:wire>
      </spirit:port>
      <spirit:port>
        <spirit:name>hprot_mst2</spirit:name>
        <spirit:wire>
          <spirit:direction>in</spirit:direction>
          <spirit:vector>
            <spirit:left>3</spirit:left>
            <spirit:right>0</spirit:right>
          </spirit:vector>
        </spirit:wire>
      </spirit:port>
      <spirit:port>
        <spirit:name>hwdata_mst2</spirit:name>
        <spirit:wire>
          <spirit:direction>in</spirit:direction>
          <spirit:vector>
            <spirit:left>31</spirit:left>
            <spirit:right>0</spirit:right>
          </spirit:vector>
        </spirit:wire>
      </spirit:port>
      <spirit:port>
        <spirit:name>hgrant_mst2</spirit:name>
        <spirit:wire>
          <spirit:direction>out</spirit:direction>
        </spirit:wire>
      </spirit:port>
      <spirit:port>
        <spirit:name>hready_mst2</spirit:name>
        <spirit:wire>
          <spirit:direction>out</spirit:direction>
        </spirit:wire>
      </spirit:port>
      <spirit:port>
        <spirit:name>hresp_mst2</spirit:name>
        <spirit:wire>
          <spirit:direction>out</spirit:direction>
          <spirit:vector>
            <spirit:left>1</spirit:left>
            <spirit:right>0</spirit:right>
          </spirit:vector>
        </spirit:wire>
      </spirit:port>
      <spirit:port>
        <spirit:name>hrdata_mst2</spirit:name>
        <spirit:wire>
          <spirit:direction>out</spirit:direction>
          <spirit:vector>
            <spirit:left>31</spirit:left>
            <spirit:right>0</spirit:right>
          </spirit:vector>
        </spirit:wire>
      </spirit:port>
      <spirit:port>
        <spirit:name>hsel_slv0</spirit:name>
        <spirit:wire>
          <spirit:direction>out</spirit:direction>
        </spirit:wire>
      </spirit:port>
      <spirit:port>
        <spirit:name>haddr_slv0</spirit:name>
        <spirit:wire>
          <spirit:direction>out</spirit:direction>
          <spirit:vector>
            <spirit:left>31</spirit:left>
            <spirit:right>0</spirit:right>
          </spirit:vector>
        </spirit:wire>
      </spirit:port>
      <spirit:port>
        <spirit:name>hwrite_slv0</spirit:name>
        <spirit:wire>
          <spirit:direction>out</spirit:direction>
        </spirit:wire>
      </spirit:port>
      <spirit:port>
        <spirit:name>htrans_slv0</spirit:name>
        <spirit:wire>
          <spirit:direction>out</spirit:direction>
          <spirit:vector>
            <spirit:left>1</spirit:left>
            <spirit:right>0</spirit:right>
          </spirit:vector>
        </spirit:wire>
      </spirit:port>
      <spirit:port>
        <spirit:name>hsize_slv0</spirit:name>
        <spirit:wire>
          <spirit:direction>out</spirit:direction>
          <spirit:vector>
            <spirit:left>2</spirit:left>
            <spirit:right>0</spirit:right>
          </spirit:vector>
        </spirit:wire>
      </spirit:port>
      <spirit:port>
        <spirit:name>hburst_slv0</spirit:name>
        <spirit:wire>
          <spirit:direction>out</spirit:direction>
          <spirit:vector>
            <spirit:left>2</spirit:left>
            <spirit:right>0</spirit:right>
          </spirit:vector>
        </spirit:wire>
      </spirit:port>
      <spirit:port>
        <spirit:name>hwdata_slv0</spirit:name>
        <spirit:wire>
          <spirit:direction>out</spirit:direction>
          <spirit:vector>
            <spirit:left>31</spirit:left>
            <spirit:right>0</spirit:right>
          </spirit:vector>
        </spirit:wire>
      </spirit:port>
      <spirit:port>
        <spirit:name>hprot_slv0</spirit:name>
        <spirit:wire>
          <spirit:direction>out</spirit:direction>
          <spirit:vector>
            <spirit:left>3</spirit:left>
            <spirit:right>0</spirit:right>
          </spirit:vector>
        </spirit:wire>
      </spirit:port>
      <spirit:port>
        <spirit:name>hreadyin_slv0</spirit:name>
        <spirit:wire>
          <spirit:direction>out</spirit:direction>
        </spirit:wire>
      </spirit:port>
      <spirit:port>
        <spirit:name>hmaster_slv0</spirit:name>
        <spirit:wire>
          <spirit:direction>out</spirit:direction>
          <spirit:vector>
            <spirit:left>3</spirit:left>
            <spirit:right>0</spirit:right>
          </spirit:vector>
        </spirit:wire>
      </spirit:port>
      <spirit:port>
        <spirit:name>hmastlock_slv0</spirit:name>
        <spirit:wire>
          <spirit:direction>out</spirit:direction>
        </spirit:wire>
      </spirit:port>
      <spirit:port>
        <spirit:name>hreadyout_slv0</spirit:name>
        <spirit:wire>
          <spirit:direction>in</spirit:direction>
          <spirit:driver>
            <spirit:defaultValue>0x0</spirit:defaultValue>
          </spirit:driver>
        </spirit:wire>
      </spirit:port>
      <spirit:port>
        <spirit:name>hresp_slv0</spirit:name>
        <spirit:wire>
          <spirit:direction>in</spirit:direction>
          <spirit:vector>
            <spirit:left>1</spirit:left>
            <spirit:right>0</spirit:right>
          </spirit:vector>
          <spirit:driver>
            <spirit:defaultValue>0x0</spirit:defaultValue>
          </spirit:driver>
        </spirit:wire>
      </spirit:port>
      <spirit:port>
        <spirit:name>hrdata_slv0</spirit:name>
        <spirit:wire>
          <spirit:direction>in</spirit:direction>
          <spirit:vector>
            <spirit:left>31</spirit:left>
            <spirit:right>0</spirit:right>
          </spirit:vector>
          <spirit:driver>
            <spirit:defaultValue>0x0</spirit:defaultValue>
          </spirit:driver>
        </spirit:wire>
      </spirit:port>
      <spirit:port>
        <spirit:name>hsplit_slv0</spirit:name>
        <spirit:wire>
          <spirit:direction>in</spirit:direction>
          <spirit:vector>
            <spirit:left>15</spirit:left>
            <spirit:right>0</spirit:right>
          </spirit:vector>
          <spirit:driver>
            <spirit:defaultValue>0x0</spirit:defaultValue>
          </spirit:driver>
        </spirit:wire>
      </spirit:port>
      <spirit:port>
        <spirit:name>hsel_slv1</spirit:name>
        <spirit:wire>
          <spirit:direction>out</spirit:direction>
        </spirit:wire>
      </spirit:port>
      <spirit:port>
        <spirit:name>haddr_slv1</spirit:name>
        <spirit:wire>
          <spirit:direction>out</spirit:direction>
          <spirit:vector>
            <spirit:left>31</spirit:left>
            <spirit:right>0</spirit:right>
          </spirit:vector>
        </spirit:wire>
      </spirit:port>
      <spirit:port>
        <spirit:name>hwrite_slv1</spirit:name>
        <spirit:wire>
          <spirit:direction>out</spirit:direction>
        </spirit:wire>
      </spirit:port>
      <spirit:port>
        <spirit:name>htrans_slv1</spirit:name>
        <spirit:wire>
          <spirit:direction>out</spirit:direction>
          <spirit:vector>
            <spirit:left>1</spirit:left>
            <spirit:right>0</spirit:right>
          </spirit:vector>
        </spirit:wire>
      </spirit:port>
      <spirit:port>
        <spirit:name>hsize_slv1</spirit:name>
        <spirit:wire>
          <spirit:direction>out</spirit:direction>
          <spirit:vector>
            <spirit:left>2</spirit:left>
            <spirit:right>0</spirit:right>
          </spirit:vector>
        </spirit:wire>
      </spirit:port>
      <spirit:port>
        <spirit:name>hburst_slv1</spirit:name>
        <spirit:wire>
          <spirit:direction>out</spirit:direction>
          <spirit:vector>
            <spirit:left>2</spirit:left>
            <spirit:right>0</spirit:right>
          </spirit:vector>
        </spirit:wire>
      </spirit:port>
      <spirit:port>
        <spirit:name>hwdata_slv1</spirit:name>
        <spirit:wire>
          <spirit:direction>out</spirit:direction>
          <spirit:vector>
            <spirit:left>31</spirit:left>
            <spirit:right>0</spirit:right>
          </spirit:vector>
        </spirit:wire>
      </spirit:port>
      <spirit:port>
        <spirit:name>hprot_slv1</spirit:name>
        <spirit:wire>
          <spirit:direction>out</spirit:direction>
          <spirit:vector>
            <spirit:left>3</spirit:left>
            <spirit:right>0</spirit:right>
          </spirit:vector>
        </spirit:wire>
      </spirit:port>
      <spirit:port>
        <spirit:name>hreadyin_slv1</spirit:name>
        <spirit:wire>
          <spirit:direction>out</spirit:direction>
        </spirit:wire>
      </spirit:port>
      <spirit:port>
        <spirit:name>hmaster_slv1</spirit:name>
        <spirit:wire>
          <spirit:direction>out</spirit:direction>
          <spirit:vector>
            <spirit:left>3</spirit:left>
            <spirit:right>0</spirit:right>
          </spirit:vector>
        </spirit:wire>
      </spirit:port>
      <spirit:port>
        <spirit:name>hmastlock_slv1</spirit:name>
        <spirit:wire>
          <spirit:direction>out</spirit:direction>
        </spirit:wire>
      </spirit:port>
      <spirit:port>
        <spirit:name>hreadyout_slv1</spirit:name>
        <spirit:wire>
          <spirit:direction>in</spirit:direction>
          <spirit:driver>
            <spirit:defaultValue>0x0</spirit:defaultValue>
          </spirit:driver>
        </spirit:wire>
      </spirit:port>
      <spirit:port>
        <spirit:name>hresp_slv1</spirit:name>
        <spirit:wire>
          <spirit:direction>in</spirit:direction>
          <spirit:vector>
            <spirit:left>1</spirit:left>
            <spirit:right>0</spirit:right>
          </spirit:vector>
          <spirit:driver>
            <spirit:defaultValue>0x0</spirit:defaultValue>
          </spirit:driver>
        </spirit:wire>
      </spirit:port>
      <spirit:port>
        <spirit:name>hrdata_slv1</spirit:name>
        <spirit:wire>
          <spirit:direction>in</spirit:direction>
          <spirit:vector>
            <spirit:left>31</spirit:left>
            <spirit:right>0</spirit:right>
          </spirit:vector>
          <spirit:driver>
            <spirit:defaultValue>0x0</spirit:defaultValue>
          </spirit:driver>
        </spirit:wire>
      </spirit:port>
      <spirit:port>
        <spirit:name>hsplit_slv1</spirit:name>
        <spirit:wire>
          <spirit:direction>in</spirit:direction>
          <spirit:vector>
            <spirit:left>15</spirit:left>
            <spirit:right>0</spirit:right>
          </spirit:vector>
          <spirit:driver>
            <spirit:defaultValue>0x0</spirit:defaultValue>
          </spirit:driver>
        </spirit:wire>
      </spirit:port>
      <spirit:port>
        <spirit:name>hsel_slv2</spirit:name>
        <spirit:wire>
          <spirit:direction>out</spirit:direction>
        </spirit:wire>
      </spirit:port>
      <spirit:port>
        <spirit:name>haddr_slv2</spirit:name>
        <spirit:wire>
          <spirit:direction>out</spirit:direction>
          <spirit:vector>
            <spirit:left>31</spirit:left>
            <spirit:right>0</spirit:right>
          </spirit:vector>
        </spirit:wire>
      </spirit:port>
      <spirit:port>
        <spirit:name>hwrite_slv2</spirit:name>
        <spirit:wire>
          <spirit:direction>out</spirit:direction>
        </spirit:wire>
      </spirit:port>
      <spirit:port>
        <spirit:name>htrans_slv2</spirit:name>
        <spirit:wire>
          <spirit:direction>out</spirit:direction>
          <spirit:vector>
            <spirit:left>1</spirit:left>
            <spirit:right>0</spirit:right>
          </spirit:vector>
        </spirit:wire>
      </spirit:port>
      <spirit:port>
        <spirit:name>hsize_slv2</spirit:name>
        <spirit:wire>
          <spirit:direction>out</spirit:direction>
          <spirit:vector>
            <spirit:left>2</spirit:left>
            <spirit:right>0</spirit:right>
          </spirit:vector>
        </spirit:wire>
      </spirit:port>
      <spirit:port>
        <spirit:name>hburst_slv2</spirit:name>
        <spirit:wire>
          <spirit:direction>out</spirit:direction>
          <spirit:vector>
            <spirit:left>2</spirit:left>
            <spirit:right>0</spirit:right>
          </spirit:vector>
        </spirit:wire>
      </spirit:port>
      <spirit:port>
        <spirit:name>hwdata_slv2</spirit:name>
        <spirit:wire>
          <spirit:direction>out</spirit:direction>
          <spirit:vector>
            <spirit:left>31</spirit:left>
            <spirit:right>0</spirit:right>
          </spirit:vector>
        </spirit:wire>
      </spirit:port>
      <spirit:port>
        <spirit:name>hprot_slv2</spirit:name>
        <spirit:wire>
          <spirit:direction>out</spirit:direction>
          <spirit:vector>
            <spirit:left>3</spirit:left>
            <spirit:right>0</spirit:right>
          </spirit:vector>
        </spirit:wire>
      </spirit:port>
      <spirit:port>
        <spirit:name>hreadyin_slv2</spirit:name>
        <spirit:wire>
          <spirit:direction>out</spirit:direction>
        </spirit:wire>
      </spirit:port>
      <spirit:port>
        <spirit:name>hmaster_slv2</spirit:name>
        <spirit:wire>
          <spirit:direction>out</spirit:direction>
          <spirit:vector>
            <spirit:left>3</spirit:left>
            <spirit:right>0</spirit:right>
          </spirit:vector>
        </spirit:wire>
      </spirit:port>
      <spirit:port>
        <spirit:name>hmastlock_slv2</spirit:name>
        <spirit:wire>
          <spirit:direction>out</spirit:direction>
        </spirit:wire>
      </spirit:port>
      <spirit:port>
        <spirit:name>hreadyout_slv2</spirit:name>
        <spirit:wire>
          <spirit:direction>in</spirit:direction>
          <spirit:driver>
            <spirit:defaultValue>0x0</spirit:defaultValue>
          </spirit:driver>
        </spirit:wire>
      </spirit:port>
      <spirit:port>
        <spirit:name>hresp_slv2</spirit:name>
        <spirit:wire>
          <spirit:direction>in</spirit:direction>
          <spirit:vector>
            <spirit:left>1</spirit:left>
            <spirit:right>0</spirit:right>
          </spirit:vector>
          <spirit:driver>
            <spirit:defaultValue>0x0</spirit:defaultValue>
          </spirit:driver>
        </spirit:wire>
      </spirit:port>
      <spirit:port>
        <spirit:name>hrdata_slv2</spirit:name>
        <spirit:wire>
          <spirit:direction>in</spirit:direction>
          <spirit:vector>
            <spirit:left>31</spirit:left>
            <spirit:right>0</spirit:right>
          </spirit:vector>
          <spirit:driver>
            <spirit:defaultValue>0x0</spirit:defaultValue>
          </spirit:driver>
        </spirit:wire>
      </spirit:port>
      <spirit:port>
        <spirit:name>hsplit_slv2</spirit:name>
        <spirit:wire>
          <spirit:direction>in</spirit:direction>
          <spirit:vector>
            <spirit:left>15</spirit:left>
            <spirit:right>0</spirit:right>
          </spirit:vector>
          <spirit:driver>
            <spirit:defaultValue>0x0</spirit:defaultValue>
          </spirit:driver>
        </spirit:wire>
      </spirit:port>
    </spirit:ports>
    <spirit:modelParameters>
      <spirit:modelParameter spirit:dataType="integer">
        <spirit:name>start_addr_slv0</spirit:name>
        <spirit:value spirit:resolve="immediate" spirit:id="start_addr_slv0" spirit:choiceRef="BaseAddressChoices" spirit:configGroups="requiredConfig" spirit:prompt="Slave 0 Starting Address:">0x0000</spirit:value>
      </spirit:modelParameter>
      <spirit:modelParameter spirit:dataType="integer">
        <spirit:name>restart_addr_slv0</spirit:name>
        <spirit:value spirit:resolve="immediate" spirit:id="restart_addr_slv0" spirit:choiceRef="BaseAddressChoices" spirit:configGroups="requiredConfig" spirit:prompt="Remap Slave 0 Starting Address:">0x0000</spirit:value>
      </spirit:modelParameter>
      <spirit:modelParameter spirit:dataType="integer">
        <spirit:name>range_slv0</spirit:name>
        <spirit:value spirit:resolve="immediate" spirit:id="range_slv0" spirit:prompt="Slave 0 Range:">0x40000</spirit:value>
      </spirit:modelParameter>
      <spirit:modelParameter spirit:dataType="boolean">
        <spirit:name>split_slv0</spirit:name>
        <spirit:value spirit:resolve="immediate" spirit:id="split_slv0" spirit:choiceRef="BooleanChoices" spirit:configGroups="requiredConfig" spirit:prompt="Slave 0 Splitted Transactions:">false</spirit:value>
      </spirit:modelParameter>
      <spirit:modelParameter spirit:dataType="integer">
        <spirit:name>mst_access_slv0</spirit:name>
        <spirit:value spirit:resolve="immediate" spirit:id="mst_access_slv0" spirit:choiceRef="MasterAccessChoice" spirit:configGroups="requiredConfig" spirit:prompt="Masters that can access Slave 0:">7</spirit:value>
      </spirit:modelParameter>
      <spirit:modelParameter spirit:dataType="integer">
        <spirit:name>start_addr_slv1</spirit:name>
        <spirit:value spirit:resolve="immediate" spirit:id="start_addr_slv1" spirit:choiceRef="BaseAddressChoices" spirit:configGroups="requiredConfig" spirit:prompt="Slave 1 Starting Address:">0x3000</spirit:value>
      </spirit:modelParameter>
      <spirit:modelParameter spirit:dataType="integer">
        <spirit:name>restart_addr_slv1</spirit:name>
        <spirit:value spirit:resolve="immediate" spirit:id="restart_addr_slv1" spirit:choiceRef="BaseAddressChoices" spirit:configGroups="requiredConfig" spirit:prompt="Remap Slave 1 Starting Address:">0x0000</spirit:value>
      </spirit:modelParameter>
      <spirit:modelParameter spirit:dataType="integer">
        <spirit:name>range_slv1</spirit:name>
        <spirit:value spirit:resolve="immediate" spirit:id="range_slv1" spirit:prompt="Slave 1 Range:">0x20000</spirit:value>
      </spirit:modelParameter>
      <spirit:modelParameter spirit:dataType="boolean">
        <spirit:name>split_slv1</spirit:name>
        <spirit:value spirit:resolve="immediate" spirit:id="split_slv1" spirit:choiceRef="BooleanChoices" spirit:configGroups="requiredConfig" spirit:prompt="Slave 1 Splitted Transactions:">false</spirit:value>
      </spirit:modelParameter>
      <spirit:modelParameter spirit:dataType="integer">
        <spirit:name>mst_access_slv1</spirit:name>
        <spirit:value spirit:resolve="immediate" spirit:id="mst_access_slv1" spirit:choiceRef="MasterAccessChoice" spirit:configGroups="requiredConfig" spirit:prompt="Masters that can access Slave 1:">5</spirit:value>
      </spirit:modelParameter>
      <spirit:modelParameter spirit:dataType="integer">
        <spirit:name>start_addr_slv2</spirit:name>
        <spirit:value spirit:resolve="immediate" spirit:id="start_addr_slv2" spirit:choiceRef="BaseAddressChoices" spirit:configGroups="requiredConfig" spirit:prompt="Slave 2 Starting Address:">0x8000</spirit:value>
      </spirit:modelParameter>
      <spirit:modelParameter spirit:dataType="integer">
        <spirit:name>restart_addr_slv2</spirit:name>
        <spirit:value spirit:resolve="immediate" spirit:id="restart_addr_slv2" spirit:choiceRef="BaseAddressChoices" spirit:configGroups="requiredConfig" spirit:prompt="Remap Slave 2 Starting Address:">0x0000</spirit:value>
      </spirit:modelParameter>
      <spirit:modelParameter spirit:dataType="integer">
        <spirit:name>range_slv2</spirit:name>
        <spirit:value spirit:resolve="immediate" spirit:id="range_slv2" spirit:prompt="Slave 2 Range:">0x40000000</spirit:value>
      </spirit:modelParameter>
      <spirit:modelParameter spirit:dataType="boolean">
        <spirit:name>split_slv2</spirit:name>
        <spirit:value spirit:resolve="immediate" spirit:id="split_slv2" spirit:choiceRef="BooleanChoices" spirit:configGroups="requiredConfig" spirit:prompt="Slave 2 Splitted Transactions:">false</spirit:value>
      </spirit:modelParameter>
      <spirit:modelParameter spirit:dataType="integer">
        <spirit:name>mst_access_slv2</spirit:name>
        <spirit:value spirit:resolve="immediate" spirit:id="mst_access_slv2" spirit:choiceRef="MasterAccessChoice" spirit:configGroups="requiredConfig" spirit:prompt="Masters that can access Slave 2:">3</spirit:value>
      </spirit:modelParameter>
      <spirit:modelParameter spirit:dataType="integer">
        <spirit:name>defmast</spirit:name>
        <spirit:value spirit:resolve="immediate" spirit:id="defmast" spirit:choiceRef="MasterChoices" spirit:configGroups="requiredConfig" spirit:prompt="Default master:">2</spirit:value>
      </spirit:modelParameter>
    </spirit:modelParameters>
  </spirit:model>
  <spirit:choices>
    <spirit:choice>
      <spirit:name>BaseAddressChoices</spirit:name>
      <spirit:enumeration spirit:text="0x00000000">0x0000</spirit:enumeration>
      <spirit:enumeration spirit:text="0x10000000">0x1000</spirit:enumeration>
      <spirit:enumeration spirit:text="0x20000000">0x2000</spirit:enumeration>
      <spirit:enumeration spirit:text="0x30000000">0x3000</spirit:enumeration>
      <spirit:enumeration spirit:text="0x40000000">0x4000</spirit:enumeration>
      <spirit:enumeration spirit:text="0x50000000">0x5000</spirit:enumeration>
      <spirit:enumeration spirit:text="0x60000000">0x6000</spirit:enumeration>
      <spirit:enumeration spirit:text="0x70000000">0x7000</spirit:enumeration>
      <spirit:enumeration spirit:text="0x80000000">0x8000</spirit:enumeration>
      <spirit:enumeration spirit:text="0x90000000">0x9000</spirit:enumeration>
      <spirit:enumeration spirit:text="0xa0000000">0xa000</spirit:enumeration>
      <spirit:enumeration spirit:text="0xb0000000">0xb000</spirit:enumeration>
      <spirit:enumeration spirit:text="0xc0000000">0xc000</spirit:enumeration>
      <spirit:enumeration spirit:text="0xd0000000">0xd000</spirit:enumeration>
      <spirit:enumeration spirit:text="0xe0000000">0xe000</spirit:enumeration>
      <spirit:enumeration spirit:text="0xf0000000">0xf000</spirit:enumeration>
    </spirit:choice>
    <spirit:choice>
      <spirit:name>BooleanChoices</spirit:name>
      <spirit:enumeration spirit:text="false">false</spirit:enumeration>
      <spirit:enumeration spirit:text="true">true</spirit:enumeration>
    </spirit:choice>
    <spirit:choice>
      <spirit:name>MasterChoices</spirit:name>
      <spirit:enumeration spirit:text="0">0</spirit:enumeration>
      <spirit:enumeration spirit:text="1">1</spirit:enumeration>
      <spirit:enumeration spirit:text="2">2</spirit:enumeration>
    </spirit:choice>
    <spirit:choice>
      <spirit:name>MasterAccessChoice</spirit:name>
      <spirit:enumeration spirit:text="Master0">1</spirit:enumeration>
      <spirit:enumeration spirit:text="Master1">2</spirit:enumeration>
      <spirit:enumeration spirit:text="Master2">4</spirit:enumeration>
      <spirit:enumeration spirit:text="Master0/1">3</spirit:enumeration>
      <spirit:enumeration spirit:text="Master0/2">5</spirit:enumeration>
      <spirit:enumeration spirit:text="Master1/2">6</spirit:enumeration>
      <spirit:enumeration spirit:text="Master0/1/2">7</spirit:enumeration>
    </spirit:choice>
  </spirit:choices>
  <spirit:fileSets>
    <spirit:fileSet>
      <spirit:name>fs-vhdlSource</spirit:name>
      <spirit:file>
        <spirit:name>../../common/target.vhd</spirit:name>
        <spirit:fileType>vhdlSource</spirit:fileType>
        <spirit:logicalName>leon2ahbbus_lib</spirit:logicalName>
      </spirit:file>
      <spirit:file>
        <spirit:name>../../common/device.vhd</spirit:name>
        <spirit:fileType>vhdlSource</spirit:fileType>
        <spirit:logicalName>leon2ahbbus_lib</spirit:logicalName>
      </spirit:file>
      <spirit:file>
        <spirit:name>../../common/config.vhd</spirit:name>
        <spirit:fileType>vhdlSource</spirit:fileType>
        <spirit:logicalName>leon2ahbbus_lib</spirit:logicalName>
      </spirit:file>
      <spirit:file>
        <spirit:name>../../common/sparcv8.vhd</spirit:name>
        <spirit:fileType>vhdlSource</spirit:fileType>
        <spirit:logicalName>leon2ahbbus_lib</spirit:logicalName>
      </spirit:file>
      <spirit:file>
        <spirit:name>../../common/iface.vhd</spirit:name>
        <spirit:fileType>vhdlSource</spirit:fileType>
        <spirit:logicalName>leon2ahbbus_lib</spirit:logicalName>
      </spirit:file>
      <spirit:file>
        <spirit:name>../../common/amba.vhd</spirit:name>
        <spirit:fileType>vhdlSource</spirit:fileType>
        <spirit:logicalName>leon2ahbbus_lib</spirit:logicalName>
      </spirit:file>
      <spirit:file>
        <spirit:name>../../common/ambacomp.vhd</spirit:name>
        <spirit:fileType>vhdlSource</spirit:fileType>
        <spirit:logicalName>leon2ahbbus_lib</spirit:logicalName>
      </spirit:file>
      <spirit:file>
        <spirit:name>../../common/macro.vhd</spirit:name>
        <spirit:fileType>vhdlSource</spirit:fileType>
        <spirit:logicalName>leon2ahbbus_lib</spirit:logicalName>
      </spirit:file>
      <spirit:file>
        <spirit:name>../../common/tech_generic.vhd</spirit:name>
        <spirit:fileType>vhdlSource</spirit:fileType>
        <spirit:logicalName>leon2ahbbus_lib</spirit:logicalName>
      </spirit:file>
      <spirit:file>
        <spirit:name>../../common/tech_atc25.vhd</spirit:name>
        <spirit:fileType>vhdlSource</spirit:fileType>
        <spirit:logicalName>leon2ahbbus_lib</spirit:logicalName>
      </spirit:file>
      <spirit:file>
        <spirit:name>../../common/tech_atc35.vhd</spirit:name>
        <spirit:fileType>vhdlSource</spirit:fileType>
        <spirit:logicalName>leon2ahbbus_lib</spirit:logicalName>
      </spirit:file>
      <spirit:file>
        <spirit:name>../../common/tech_fs90.vhd</spirit:name>
        <spirit:fileType>vhdlSource</spirit:fileType>
        <spirit:logicalName>leon2ahbbus_lib</spirit:logicalName>
      </spirit:file>
      <spirit:file>
        <spirit:name>../../common/tech_umc18.vhd</spirit:name>
        <spirit:fileType>vhdlSource</spirit:fileType>
        <spirit:logicalName>leon2ahbbus_lib</spirit:logicalName>
      </spirit:file>
      <spirit:file>
        <spirit:name>../../common/tech_virtex.vhd</spirit:name>
        <spirit:fileType>vhdlSource</spirit:fileType>
        <spirit:logicalName>leon2ahbbus_lib</spirit:logicalName>
      </spirit:file>
      <spirit:file>
        <spirit:name>../../common/tech_tsmc25.vhd</spirit:name>
        <spirit:fileType>vhdlSource</spirit:fileType>
        <spirit:logicalName>leon2ahbbus_lib</spirit:logicalName>
      </spirit:file>
      <spirit:file>
        <spirit:name>../../common/tech_proasic.vhd</spirit:name>
        <spirit:fileType>vhdlSource</spirit:fileType>
        <spirit:logicalName>leon2ahbbus_lib</spirit:logicalName>
      </spirit:file>
      <spirit:file>
        <spirit:name>../../common/tech_axcel.vhd</spirit:name>
        <spirit:fileType>vhdlSource</spirit:fileType>
        <spirit:logicalName>leon2ahbbus_lib</spirit:logicalName>
      </spirit:file>
      <spirit:file>
        <spirit:name>../../common/multlib.vhd</spirit:name>
        <spirit:fileType>vhdlSource</spirit:fileType>
        <spirit:logicalName>leon2ahbbus_lib</spirit:logicalName>
      </spirit:file>
      <spirit:file>
        <spirit:name>../../common/tech_map.vhd</spirit:name>
        <spirit:fileType>vhdlSource</spirit:fileType>
        <spirit:logicalName>leon2ahbbus_lib</spirit:logicalName>
      </spirit:file>
      <spirit:file>
        <spirit:name>../1.2/hdlsrc/ahbbus.vhd</spirit:name>
        <spirit:fileType>vhdlSource</spirit:fileType>
        <spirit:logicalName>leon2ahbbus_lib</spirit:logicalName>
      </spirit:file>
      <spirit:file>
        <spirit:name>../1.2/hdlsrc/leon2Ahbbus33.vhd</spirit:name>
        <spirit:fileType>vhdlSource</spirit:fileType>
        <spirit:logicalName>leon2ahbbus_lib</spirit:logicalName>
      </spirit:file>
    </spirit:fileSet>
  </spirit:fileSets>
  <spirit:description>3 master, 3 slave sparse matrix AHB channel/bridge</spirit:description>
</spirit:component>
