<?xml version="1.0"?>
<spirit:design xmlns:spirit="http://www.spiritconsortium.org/XMLSchema/SPIRIT/1.4" xmlns:xsi="http://www.w3.org/2001/XMLSchema-instance" xsi:schemaLocation="http://www.spiritconsortium.org/XMLSchema/SPIRIT/1.4 http://www.spiritconsortium.org/XMLSchema/SPIRIT/1.4/index.xsd">
  <spirit:vendor>spiritconsortium.org</spirit:vendor>
  <spirit:library>Leon2RTL</spirit:library>
  <spirit:name>design_ahbbusSparse333</spirit:name>
  <spirit:version>1.0</spirit:version>
  <spirit:componentInstances>
    <spirit:componentInstance>
      <spirit:instanceName>ubridge</spirit:instanceName>
      <spirit:componentRef spirit:vendor="spiritconsortium.org" spirit:library="Leon2RTL" spirit:name="ahbbusSparseBridge333" spirit:version="1.0"/>
    </spirit:componentInstance>
    <spirit:componentInstance>
      <spirit:instanceName>uahbSlaveChannel0</spirit:instanceName>
      <spirit:componentRef spirit:vendor="spiritconsortium.org" spirit:library="Leon2RTL" spirit:name="ahbbusSparseChannel3" spirit:version="1.0"/>
      <spirit:configurableElementValues>
        <spirit:configurableElementValue spirit:referenceId="start_addr_slv0_mirror">0x00000000</spirit:configurableElementValue>
        <spirit:configurableElementValue spirit:referenceId="range_slv0_mirror">4G</spirit:configurableElementValue>
        <spirit:configurableElementValue spirit:referenceId="start_addr_slv1_mirror">0x00000000</spirit:configurableElementValue>
        <spirit:configurableElementValue spirit:referenceId="range_slv1_mirror">4G</spirit:configurableElementValue>
        <spirit:configurableElementValue spirit:referenceId="start_addr_slv2_mirror">0x00000000</spirit:configurableElementValue>
        <spirit:configurableElementValue spirit:referenceId="range_slv2_mirror">4G</spirit:configurableElementValue>
      </spirit:configurableElementValues>
    </spirit:componentInstance>
    <spirit:componentInstance>
      <spirit:instanceName>uahbSlaveChannel1</spirit:instanceName>
      <spirit:componentRef spirit:vendor="spiritconsortium.org" spirit:library="Leon2RTL" spirit:name="ahbbusSparseChannel3" spirit:version="1.0"/>
      <spirit:configurableElementValues>
        <spirit:configurableElementValue spirit:referenceId="start_addr_slv0_mirror">0x00000000</spirit:configurableElementValue>
        <spirit:configurableElementValue spirit:referenceId="range_slv0_mirror">4G</spirit:configurableElementValue>
        <spirit:configurableElementValue spirit:referenceId="start_addr_slv1_mirror">0x00000000</spirit:configurableElementValue>
        <spirit:configurableElementValue spirit:referenceId="range_slv1_mirror">0</spirit:configurableElementValue>
        <spirit:configurableElementValue spirit:referenceId="start_addr_slv2_mirror">0x00000000</spirit:configurableElementValue>
        <spirit:configurableElementValue spirit:referenceId="range_slv2_mirror">4G</spirit:configurableElementValue>
      </spirit:configurableElementValues>
    </spirit:componentInstance>
    <spirit:componentInstance>
      <spirit:instanceName>uahbSlaveChannel2</spirit:instanceName>
      <spirit:componentRef spirit:vendor="spiritconsortium.org" spirit:library="Leon2RTL" spirit:name="ahbbusSparseChannel3" spirit:version="1.0"/>
      <spirit:configurableElementValues>
        <spirit:configurableElementValue spirit:referenceId="start_addr_slv0_mirror">0x00000000</spirit:configurableElementValue>
        <spirit:configurableElementValue spirit:referenceId="range_slv0_mirror">4G</spirit:configurableElementValue>
        <spirit:configurableElementValue spirit:referenceId="start_addr_slv1_mirror">0x00000000</spirit:configurableElementValue>
        <spirit:configurableElementValue spirit:referenceId="range_slv1_mirror">4G</spirit:configurableElementValue>
        <spirit:configurableElementValue spirit:referenceId="start_addr_slv2_mirror">0x00000000</spirit:configurableElementValue>
        <spirit:configurableElementValue spirit:referenceId="range_slv2_mirror">0</spirit:configurableElementValue>
      </spirit:configurableElementValues>
    </spirit:componentInstance>
    <spirit:componentInstance>
      <spirit:instanceName>uahbMasterChannel0</spirit:instanceName>
      <spirit:componentRef spirit:vendor="spiritconsortium.org" spirit:library="Leon2RTL" spirit:name="ahbbusSparseChannel" spirit:version="1.0"/>
      <spirit:configurableElementValues>
        <spirit:configurableElementValue spirit:referenceId="start_addr_slv0_mirror">0x00000000</spirit:configurableElementValue>
        <spirit:configurableElementValue spirit:referenceId="range_slv0_mirror">0x00040000</spirit:configurableElementValue>
      </spirit:configurableElementValues>
    </spirit:componentInstance>
    <spirit:componentInstance>
      <spirit:instanceName>uahbMasterChannel1</spirit:instanceName>
      <spirit:componentRef spirit:vendor="spiritconsortium.org" spirit:library="Leon2RTL" spirit:name="ahbbusSparseChannel" spirit:version="1.0"/>
      <spirit:configurableElementValues>
        <spirit:configurableElementValue spirit:referenceId="start_addr_slv0_mirror">0x30000000</spirit:configurableElementValue>
        <spirit:configurableElementValue spirit:referenceId="range_slv0_mirror">0x00020000</spirit:configurableElementValue>
      </spirit:configurableElementValues>
    </spirit:componentInstance>
    <spirit:componentInstance>
      <spirit:instanceName>uahbMasterChannel2</spirit:instanceName>
      <spirit:componentRef spirit:vendor="spiritconsortium.org" spirit:library="Leon2RTL" spirit:name="ahbbusSparseChannel" spirit:version="1.0"/>
      <spirit:configurableElementValues>
        <spirit:configurableElementValue spirit:referenceId="start_addr_slv0_mirror">0x80000000</spirit:configurableElementValue>
        <spirit:configurableElementValue spirit:referenceId="range_slv0_mirror">0x40000000</spirit:configurableElementValue>
      </spirit:configurableElementValues>
    </spirit:componentInstance>
  </spirit:componentInstances>
  <spirit:interconnections>
    <spirit:interconnection>
      <spirit:name>defaultid4489840a</spirit:name>
      <spirit:activeInterface spirit:componentRef="ubridge" spirit:busRef="ambaAHBmaster0"/>
      <spirit:activeInterface spirit:componentRef="uahbMasterChannel0" spirit:busRef="MirroredMaster"/>
    </spirit:interconnection>
    <spirit:interconnection>
      <spirit:name>defaultid4489857a</spirit:name>
      <spirit:activeInterface spirit:componentRef="ubridge" spirit:busRef="ambaAHBmaster1"/>
      <spirit:activeInterface spirit:componentRef="uahbMasterChannel1" spirit:busRef="MirroredMaster"/>
    </spirit:interconnection>
    <spirit:interconnection>
      <spirit:name>defaultid4489874a</spirit:name>
      <spirit:activeInterface spirit:componentRef="ubridge" spirit:busRef="ambaAHBmaster2"/>
      <spirit:activeInterface spirit:componentRef="uahbMasterChannel2" spirit:busRef="MirroredMaster"/>
    </spirit:interconnection>
    <spirit:interconnection>
      <spirit:name>defaultid4489891b</spirit:name>
      <spirit:activeInterface spirit:componentRef="ubridge" spirit:busRef="ambaAHBslave00"/>
      <spirit:activeInterface spirit:componentRef="uahbSlaveChannel0" spirit:busRef="MirroredSlave0"/>
    </spirit:interconnection>
    <spirit:interconnection>
      <spirit:name>defaultid4489908b</spirit:name>
      <spirit:activeInterface spirit:componentRef="ubridge" spirit:busRef="ambaAHBslave01"/>
      <spirit:activeInterface spirit:componentRef="uahbSlaveChannel0" spirit:busRef="MirroredSlave1"/>
    </spirit:interconnection>
    <spirit:interconnection>
      <spirit:name>defaultid4489925b</spirit:name>
      <spirit:activeInterface spirit:componentRef="ubridge" spirit:busRef="ambaAHBslave02"/>
      <spirit:activeInterface spirit:componentRef="uahbSlaveChannel0" spirit:busRef="MirroredSlave2"/>
    </spirit:interconnection>
    <spirit:interconnection>
      <spirit:name>defaultid489891c</spirit:name>
      <spirit:activeInterface spirit:componentRef="ubridge" spirit:busRef="ambaAHBslave10"/>
      <spirit:activeInterface spirit:componentRef="uahbSlaveChannel1" spirit:busRef="MirroredSlave0"/>
    </spirit:interconnection>
    <spirit:interconnection>
      <spirit:name>defaultid489908c</spirit:name>
      <spirit:activeInterface spirit:componentRef="ubridge" spirit:busRef="ambaAHBslave11"/>
      <spirit:activeInterface spirit:componentRef="uahbSlaveChannel1" spirit:busRef="MirroredSlave1"/>
    </spirit:interconnection>
    <spirit:interconnection>
      <spirit:name>defaultid489925c</spirit:name>
      <spirit:activeInterface spirit:componentRef="ubridge" spirit:busRef="ambaAHBslave12"/>
      <spirit:activeInterface spirit:componentRef="uahbSlaveChannel1" spirit:busRef="MirroredSlave2"/>
    </spirit:interconnection>
    <spirit:interconnection>
      <spirit:name>defaultid89891d</spirit:name>
      <spirit:activeInterface spirit:componentRef="ubridge" spirit:busRef="ambaAHBslave20"/>
      <spirit:activeInterface spirit:componentRef="uahbSlaveChannel2" spirit:busRef="MirroredSlave0"/>
    </spirit:interconnection>
    <spirit:interconnection>
      <spirit:name>defaultid89908d</spirit:name>
      <spirit:activeInterface spirit:componentRef="ubridge" spirit:busRef="ambaAHBslave21"/>
      <spirit:activeInterface spirit:componentRef="uahbSlaveChannel2" spirit:busRef="MirroredSlave1"/>
    </spirit:interconnection>
    <spirit:interconnection>
      <spirit:name>defaultid89925d</spirit:name>
      <spirit:activeInterface spirit:componentRef="ubridge" spirit:busRef="ambaAHBslave22"/>
      <spirit:activeInterface spirit:componentRef="uahbSlaveChannel2" spirit:busRef="MirroredSlave2"/>
    </spirit:interconnection>
  </spirit:interconnections>
  <spirit:hierConnections>
    <spirit:hierConnection spirit:interfaceRef="MirroredSlave0">
      <spirit:activeInterface spirit:componentRef="uahbMasterChannel0" spirit:busRef="MirroredSlave"/>
    </spirit:hierConnection>
    <spirit:hierConnection spirit:interfaceRef="MirroredSlave1">
      <spirit:activeInterface spirit:componentRef="uahbMasterChannel1" spirit:busRef="MirroredSlave"/>
    </spirit:hierConnection>
    <spirit:hierConnection spirit:interfaceRef="MirroredSlave2">
      <spirit:activeInterface spirit:componentRef="uahbMasterChannel2" spirit:busRef="MirroredSlave"/>
    </spirit:hierConnection>
    <spirit:hierConnection spirit:interfaceRef="MirroredMaster0">
      <spirit:activeInterface spirit:componentRef="uahbSlaveChannel0" spirit:busRef="MirroredMaster"/>
    </spirit:hierConnection>
    <spirit:hierConnection spirit:interfaceRef="MirroredMaster1">
      <spirit:activeInterface spirit:componentRef="uahbSlaveChannel1" spirit:busRef="MirroredMaster"/>
    </spirit:hierConnection>
    <spirit:hierConnection spirit:interfaceRef="MirroredMaster2">
      <spirit:activeInterface spirit:componentRef="uahbSlaveChannel2" spirit:busRef="MirroredMaster"/>
    </spirit:hierConnection>
  </spirit:hierConnections>
</spirit:design>
