<?xml version="1.0"?>
<!--
// Description : i2c_channel_1m_2s_phantom.xml
// Author : 
// Version: 1.0
// Copyright (c) 2005, 2006, 2007 The SPIRIT Consortium.  All rights reserved.
// www.spiritconsortium.org
//
// THIS WORK FORMS PART OF A SPIRIT CONSORTIUM SPECIFICATION.
// USE OF THESE MATERIALS ARE GOVERNED BY
// THE LEGAL TERMS AND CONDITIONS OUTLINED IN THE SPIRIT
// SPECIFICATION DISCLAIMER AVAILABLE FROM
// www.spiritconsortium.org
//
// This source file is provided on an AS IS basis. The SPIRIT Consortium disclaims 
// ANY WARRANTY EXPRESS OR IMPLIED INCLUDING ANY WARRANTY OF
// MERCHANTABILITY AND FITNESS FOR USE FOR A PARTICULAR PURPOSE. 
// The user of the source file shall indemnify and hold The SPIRIT Consortium harmless
// from any damages or liability arising out of the use thereof or the performance or
// implementation or partial implementation of the schema.
-->
<spirit:component xmlns:spirit="http://www.spiritconsortium.org/XMLSchema/SPIRIT/1.4" xmlns:xsi="http://www.w3.org/2001/XMLSchema-instance" xsi:schemaLocation="http://www.spiritconsortium.org/XMLSchema/SPIRIT/1.4 http://www.spiritconsortium.org/XMLSchema/SPIRIT/1.4/index.xsd">
  <spirit:vendor>spiritconsortium.org</spirit:vendor>
  <spirit:library>Leon2RTL</spirit:library>
  <spirit:name>i2c_channel_1m_2s_phantom</spirit:name>
  <spirit:version>1.0</spirit:version>
  <spirit:busInterfaces>
    <spirit:busInterface>
      <spirit:name>i2c_master1</spirit:name>
      <spirit:busType spirit:vendor="spiritconsortium.org" spirit:library="busdef.nxp" spirit:name="i2c" spirit:version="1.0"/>
      <spirit:abstractionType spirit:vendor="spiritconsortium.org" spirit:library="busdef.nxp" spirit:name="i2c_rtl" spirit:version="1.0"/>
      <spirit:mirroredMaster/>
      <spirit:portMaps>
        <spirit:portMap>
          <spirit:logicalPort>
            <spirit:name>SCL</spirit:name>
          </spirit:logicalPort>
          <spirit:physicalPort>
            <spirit:name>scl</spirit:name>
          </spirit:physicalPort>
        </spirit:portMap>
        <spirit:portMap>
          <spirit:logicalPort>
            <spirit:name>SDA</spirit:name>
          </spirit:logicalPort>
          <spirit:physicalPort>
            <spirit:name>sda</spirit:name>
          </spirit:physicalPort>
        </spirit:portMap>
      </spirit:portMaps>
    </spirit:busInterface>
    <spirit:busInterface>
      <spirit:name>i2c_slave1</spirit:name>
      <spirit:busType spirit:vendor="spiritconsortium.org" spirit:library="busdef.nxp" spirit:name="i2c" spirit:version="1.0"/>
      <spirit:abstractionType spirit:vendor="spiritconsortium.org" spirit:library="busdef.nxp" spirit:name="i2c_rtl" spirit:version="1.0"/>
      <spirit:mirroredSlave/>
      <spirit:portMaps>
        <spirit:portMap>
          <spirit:logicalPort>
            <spirit:name>SCL</spirit:name>
          </spirit:logicalPort>
          <spirit:physicalPort>
            <spirit:name>scl</spirit:name>
          </spirit:physicalPort>
        </spirit:portMap>
        <spirit:portMap>
          <spirit:logicalPort>
            <spirit:name>SDA</spirit:name>
          </spirit:logicalPort>
          <spirit:physicalPort>
            <spirit:name>sda</spirit:name>
          </spirit:physicalPort>
        </spirit:portMap>
      </spirit:portMaps>
    </spirit:busInterface>
    <spirit:busInterface>
      <spirit:name>i2c_slave2</spirit:name>
      <spirit:busType spirit:vendor="spiritconsortium.org" spirit:library="busdef.nxp" spirit:name="i2c" spirit:version="1.0"/>
      <spirit:abstractionType spirit:vendor="spiritconsortium.org" spirit:library="busdef.nxp" spirit:name="i2c_rtl" spirit:version="1.0"/>
      <spirit:mirroredSlave/>
      <spirit:portMaps>
        <spirit:portMap>
          <spirit:logicalPort>
            <spirit:name>SCL</spirit:name>
          </spirit:logicalPort>
          <spirit:physicalPort>
            <spirit:name>scl</spirit:name>
          </spirit:physicalPort>
        </spirit:portMap>
        <spirit:portMap>
          <spirit:logicalPort>
            <spirit:name>SDA</spirit:name>
          </spirit:logicalPort>
          <spirit:physicalPort>
            <spirit:name>sda</spirit:name>
          </spirit:physicalPort>
        </spirit:portMap>
      </spirit:portMaps>
    </spirit:busInterface>
  </spirit:busInterfaces>
  <spirit:channels>
    <spirit:channel>
      <spirit:name>i2c</spirit:name>
      <spirit:busInterfaceRef>i2c_master1</spirit:busInterfaceRef>
      <spirit:busInterfaceRef>i2c_slave1</spirit:busInterfaceRef>
      <spirit:busInterfaceRef>i2c_slave2</spirit:busInterfaceRef>
    </spirit:channel>
  </spirit:channels>
  <spirit:model>
    <spirit:ports>
      <spirit:port>
        <spirit:name>scl</spirit:name>
        <spirit:wire>
          <spirit:direction>phantom</spirit:direction>
        </spirit:wire>
      </spirit:port>
      <spirit:port>
        <spirit:name>sda</spirit:name>
        <spirit:wire>
          <spirit:direction>phantom</spirit:direction>
        </spirit:wire>
      </spirit:port>
    </spirit:ports>
  </spirit:model>
  <spirit:description>1 master, 2 slave i2c channel, with phantom ports</spirit:description>
</spirit:component>
