<?xml version="1.0" encoding="UTF-8"?>
<!-- 
// Description : cardbus.xml
// Author : SPIRIT Schema Working Group
// Version: 1.0
// 
// Revision:    $Revision:$
// Date:        $Date:$
// 
// Copyright (c) 2007, 2008 The SPIRIT Consortium.
// 
// This work forms part of a deliverable of The SPIRIT Consortium.
// 
// Use of these materials are governed by the legal terms and conditions
// outlined in the disclaimer available from www.spiritconsortium.org.
// 
// This source file is provided on an AS IS basis.  The SPIRIT
// Consortium disclaims any warranty express or implied including
// any warranty of merchantability and fitness for use for a
// particular purpose.
// 
// The user of the source file shall indemnify and hold The SPIRIT
// Consortium and its members harmless from any damages or liability.
// 
-->
<spirit:abstractionDefinition xmlns:spirit="http://www.spiritconsortium.org/XMLSchema/SPIRIT/1.4" xmlns:xsi="http://www.w3.org/2001/XMLSchema-instance" xsi:schemaLocation="http://www.spiritconsortium.org/XMLSchema/SPIRIT/1.4                 http://www.spiritconsortium.org/XMLSchema/SPIRIT/1.4/index.xsd">
	<spirit:vendor>spiritconsortium.org</spirit:vendor>
	<spirit:library>busdef.cardbus</spirit:library>
	<spirit:name>cardbus_rtl</spirit:name>
	<spirit:version>1.0</spirit:version>
	<spirit:busType spirit:vendor="spiritconsortium.org" spirit:library="busdef.cardbus" spirit:name="cardbus" spirit:version="1.0"/>
	<spirit:ports>
		<spirit:port>
			<spirit:logicalName>CCLK</spirit:logicalName>
			<spirit:wire>
				<spirit:qualifier>
					<spirit:isClock>true</spirit:isClock>
				</spirit:qualifier>
				<spirit:onSystem>
					<spirit:group>system_group</spirit:group>
					<spirit:width>1</spirit:width>
					<spirit:direction>out</spirit:direction>
					<spirit:modeConstraints/>
				</spirit:onSystem>
				<spirit:onMaster>
					<spirit:width>1</spirit:width>
					<spirit:direction>in</spirit:direction>
					<spirit:modeConstraints/>
				</spirit:onMaster>
				<spirit:onSlave>
					<spirit:width>1</spirit:width>
					<spirit:direction>in</spirit:direction>
					<spirit:modeConstraints/>
				</spirit:onSlave>
			</spirit:wire>
		</spirit:port>
		<spirit:port>
			<spirit:logicalName>CRST_n</spirit:logicalName>
			<spirit:wire>
				<spirit:qualifier>
					<spirit:isReset>true</spirit:isReset>
				</spirit:qualifier>
				<spirit:onSystem>
					<spirit:group>system_group</spirit:group>
					<spirit:width>1</spirit:width>
					<spirit:direction>out</spirit:direction>
					<spirit:modeConstraints/>
				</spirit:onSystem>
				<spirit:onMaster>
					<spirit:width>1</spirit:width>
					<spirit:direction>in</spirit:direction>
					<spirit:modeConstraints/>
				</spirit:onMaster>
				<spirit:onSlave>
					<spirit:width>1</spirit:width>
					<spirit:direction>in</spirit:direction>
					<spirit:modeConstraints/>
				</spirit:onSlave>
			</spirit:wire>
		</spirit:port>
		<spirit:port>
			<spirit:logicalName>CAD</spirit:logicalName>
			<spirit:wire>
				<spirit:qualifier>
					<spirit:isAddress>true</spirit:isAddress>
					<spirit:isData>true</spirit:isData>
				</spirit:qualifier>
				<spirit:onMaster>
					<spirit:width>32</spirit:width>
					<spirit:direction>inout</spirit:direction>
					<spirit:modeConstraints/>
				</spirit:onMaster>
				<spirit:onSlave>
					<spirit:width>32</spirit:width>
					<spirit:direction>inout</spirit:direction>
					<spirit:modeConstraints/>
				</spirit:onSlave>
			</spirit:wire>
		</spirit:port>
		<spirit:port>
			<spirit:logicalName>CCBE_n</spirit:logicalName>
			<spirit:wire>
				<spirit:onMaster>
					<spirit:width>4</spirit:width>
					<spirit:direction>inout</spirit:direction>
					<spirit:modeConstraints/>
				</spirit:onMaster>
				<spirit:onSlave>
					<spirit:width>4</spirit:width>
					<spirit:direction>inout</spirit:direction>
					<spirit:modeConstraints/>
				</spirit:onSlave>
			</spirit:wire>
		</spirit:port>
		<spirit:port>
			<spirit:logicalName>CPAR</spirit:logicalName>
			<spirit:wire>
				<spirit:onMaster>
					<spirit:width>1</spirit:width>
					<spirit:direction>inout</spirit:direction>
					<spirit:modeConstraints/>
				</spirit:onMaster>
				<spirit:onSlave>
					<spirit:width>1</spirit:width>
					<spirit:direction>inout</spirit:direction>
					<spirit:modeConstraints/>
				</spirit:onSlave>
			</spirit:wire>
		</spirit:port>
		<spirit:port>
			<spirit:logicalName>CFRAME_n</spirit:logicalName>
			<spirit:wire>
				<spirit:onMaster>
					<spirit:width>1</spirit:width>
					<spirit:direction>inout</spirit:direction>
					<spirit:modeConstraints/>
				</spirit:onMaster>
				<spirit:onSlave>
					<spirit:width>1</spirit:width>
					<spirit:direction>in</spirit:direction>
					<spirit:modeConstraints/>
				</spirit:onSlave>
			</spirit:wire>
		</spirit:port>
		<spirit:port>
			<spirit:logicalName>CIRDY_n</spirit:logicalName>
			<spirit:wire>
				<spirit:onMaster>
					<spirit:width>1</spirit:width>
					<spirit:direction>inout</spirit:direction>
					<spirit:modeConstraints/>
				</spirit:onMaster>
				<spirit:onSlave>
					<spirit:width>1</spirit:width>
					<spirit:direction>in</spirit:direction>
					<spirit:modeConstraints/>
				</spirit:onSlave>
			</spirit:wire>
		</spirit:port>
		<spirit:port>
			<spirit:logicalName>CTRDY_n</spirit:logicalName>
			<spirit:wire>
				<spirit:onMaster>
					<spirit:width>1</spirit:width>
					<spirit:direction>inout</spirit:direction>
					<spirit:modeConstraints/>
				</spirit:onMaster>
				<spirit:onSlave>
					<spirit:width>1</spirit:width>
					<spirit:direction>out</spirit:direction>
					<spirit:modeConstraints/>
				</spirit:onSlave>
			</spirit:wire>
		</spirit:port>
		<spirit:port>
			<spirit:logicalName>CSTOP_n</spirit:logicalName>
			<spirit:wire>
				<spirit:onMaster>
					<spirit:width>1</spirit:width>
					<spirit:direction>inout</spirit:direction>
					<spirit:modeConstraints/>
				</spirit:onMaster>
				<spirit:onSlave>
					<spirit:width>1</spirit:width>
					<spirit:direction>out</spirit:direction>
					<spirit:modeConstraints/>
				</spirit:onSlave>
			</spirit:wire>
		</spirit:port>
		<spirit:port>
			<spirit:logicalName>CBLOCK_n</spirit:logicalName>
			<spirit:wire>
				<spirit:onMaster>
					<spirit:width>1</spirit:width>
					<spirit:direction>inout</spirit:direction>
					<spirit:modeConstraints/>
				</spirit:onMaster>
				<spirit:onSlave>
					<spirit:width>1</spirit:width>
					<spirit:direction>in</spirit:direction>
					<spirit:modeConstraints/>
				</spirit:onSlave>
			</spirit:wire>
		</spirit:port>
		<spirit:port>
			<spirit:logicalName>CDEVSEL_n</spirit:logicalName>
			<spirit:wire>
				<spirit:onMaster>
					<spirit:width>1</spirit:width>
					<spirit:direction>inout</spirit:direction>
					<spirit:modeConstraints/>
				</spirit:onMaster>
				<spirit:onSlave>
					<spirit:width>1</spirit:width>
					<spirit:direction>out</spirit:direction>
					<spirit:modeConstraints/>
				</spirit:onSlave>
			</spirit:wire>
		</spirit:port>
		<spirit:port>
			<spirit:logicalName>CREQ_n</spirit:logicalName>
			<spirit:wire>
				<spirit:onSystem>
					<spirit:group>arbitration_group</spirit:group>
					<spirit:width>1</spirit:width>
					<spirit:direction>in</spirit:direction>
					<spirit:modeConstraints/>
				</spirit:onSystem>
				<spirit:onMaster>
					<spirit:width>1</spirit:width>
					<spirit:direction>out</spirit:direction>
					<spirit:modeConstraints/>
				</spirit:onMaster>
				<spirit:onSlave>
					<spirit:presence>illegal</spirit:presence>
				</spirit:onSlave>
			</spirit:wire>
		</spirit:port>
		<spirit:port>
			<spirit:logicalName>CGNT_n</spirit:logicalName>
			<spirit:wire>
				<spirit:onSystem>
					<spirit:group>arbitration_group</spirit:group>
					<spirit:width>1</spirit:width>
					<spirit:direction>out</spirit:direction>
					<spirit:modeConstraints/>
				</spirit:onSystem>
				<spirit:onMaster>
					<spirit:width>1</spirit:width>
					<spirit:direction>in</spirit:direction>
					<spirit:modeConstraints/>
				</spirit:onMaster>
				<spirit:onSlave>
					<spirit:presence>illegal</spirit:presence>
				</spirit:onSlave>
			</spirit:wire>
		</spirit:port>
		<spirit:port>
			<spirit:logicalName>CPERR_n</spirit:logicalName>
			<spirit:wire>
				<spirit:onMaster>
					<spirit:width>1</spirit:width>
					<spirit:direction>inout</spirit:direction>
					<spirit:modeConstraints/>
				</spirit:onMaster>
				<spirit:onSlave>
					<spirit:width>1</spirit:width>
					<spirit:direction>inout</spirit:direction>
					<spirit:modeConstraints/>
				</spirit:onSlave>
			</spirit:wire>
		</spirit:port>
		<spirit:port>
			<spirit:logicalName>CSERR_n</spirit:logicalName>
			<spirit:wire>
				<spirit:onSystem>
					<spirit:group>error_group</spirit:group>
					<spirit:width>1</spirit:width>
					<spirit:direction>in</spirit:direction>
					<spirit:modeConstraints/>
				</spirit:onSystem>
				<spirit:onMaster>
					<spirit:width>1</spirit:width>
					<spirit:direction>inout</spirit:direction>
					<spirit:modeConstraints/>
				</spirit:onMaster>
				<spirit:onSlave>
					<spirit:width>1</spirit:width>
					<spirit:direction>inout</spirit:direction>
					<spirit:modeConstraints/>
				</spirit:onSlave>
			</spirit:wire>
		</spirit:port>
		<spirit:port>
			<spirit:logicalName>CINT_n</spirit:logicalName>
			<spirit:wire>
				<spirit:onSystem>
					<spirit:group>interrupt_group</spirit:group>
					<spirit:width>1</spirit:width>
					<spirit:direction>in</spirit:direction>
					<spirit:modeConstraints/>
				</spirit:onSystem>
				<spirit:onMaster>
					<spirit:width>1</spirit:width>
					<spirit:direction>out</spirit:direction>
					<spirit:modeConstraints/>
				</spirit:onMaster>
				<spirit:onSlave>
					<spirit:width>1</spirit:width>
					<spirit:direction>out</spirit:direction>
					<spirit:modeConstraints/>
				</spirit:onSlave>
			</spirit:wire>
		</spirit:port>
		<spirit:port>
			<spirit:logicalName>CCLKRUN_n</spirit:logicalName>
			<spirit:wire>
				<spirit:onSystem>
					<spirit:group>system_group</spirit:group>
					<spirit:width>1</spirit:width>
					<spirit:direction>inout</spirit:direction>
					<spirit:modeConstraints/>
				</spirit:onSystem>
				<spirit:onMaster>
					<spirit:width>1</spirit:width>
					<spirit:direction>inout</spirit:direction>
					<spirit:modeConstraints/>
				</spirit:onMaster>
				<spirit:onSlave>
					<spirit:width>1</spirit:width>
					<spirit:direction>inout</spirit:direction>
					<spirit:modeConstraints/>
				</spirit:onSlave>
			</spirit:wire>
		</spirit:port>
		<spirit:port>
			<spirit:logicalName>CSTSCHG_n</spirit:logicalName>
			<spirit:wire>
				<spirit:onSystem>
					<spirit:group>miscellaneous_group</spirit:group>
					<spirit:width>1</spirit:width>
					<spirit:direction>in</spirit:direction>
					<spirit:modeConstraints/>
				</spirit:onSystem>
				<spirit:onMaster>
					<spirit:width>1</spirit:width>
					<spirit:direction>out</spirit:direction>
					<spirit:modeConstraints/>
				</spirit:onMaster>
				<spirit:onSlave>
					<spirit:width>1</spirit:width>
					<spirit:direction>out</spirit:direction>
					<spirit:modeConstraints/>
				</spirit:onSlave>
			</spirit:wire>
		</spirit:port>
		<spirit:port>
			<spirit:logicalName>CAUDIO</spirit:logicalName>
			<spirit:wire>
				<spirit:onSystem>
					<spirit:group>miscellaneous_group</spirit:group>
					<spirit:width>1</spirit:width>
					<spirit:direction>in</spirit:direction>
					<spirit:modeConstraints/>
				</spirit:onSystem>
				<spirit:onMaster>
					<spirit:width>1</spirit:width>
					<spirit:direction>out</spirit:direction>
					<spirit:modeConstraints/>
				</spirit:onMaster>
				<spirit:onSlave>
					<spirit:width>1</spirit:width>
					<spirit:direction>out</spirit:direction>
					<spirit:modeConstraints/>
				</spirit:onSlave>
			</spirit:wire>
		</spirit:port>
		<spirit:port>
			<spirit:logicalName>CCD_n</spirit:logicalName>
			<spirit:wire>
				<spirit:onSystem>
					<spirit:group>miscellaneous_group</spirit:group>
					<spirit:width>2</spirit:width>
					<spirit:direction>in</spirit:direction>
					<spirit:modeConstraints/>
				</spirit:onSystem>
				<spirit:onMaster>
					<spirit:width>2</spirit:width>
					<spirit:direction>out</spirit:direction>
					<spirit:modeConstraints/>
				</spirit:onMaster>
				<spirit:onSlave>
					<spirit:width>2</spirit:width>
					<spirit:direction>out</spirit:direction>
					<spirit:modeConstraints/>
				</spirit:onSlave>
			</spirit:wire>
		</spirit:port>
		<spirit:port>
			<spirit:logicalName>CVS_n</spirit:logicalName>
			<spirit:wire>
				<spirit:onSystem>
					<spirit:group>miscellaneous_group</spirit:group>
					<spirit:width>2</spirit:width>
					<spirit:direction>in</spirit:direction>
					<spirit:modeConstraints/>
				</spirit:onSystem>
				<spirit:onMaster>
					<spirit:width>2</spirit:width>
					<spirit:direction>out</spirit:direction>
					<spirit:modeConstraints/>
				</spirit:onMaster>
				<spirit:onSlave>
					<spirit:width>2</spirit:width>
					<spirit:direction>out</spirit:direction>
					<spirit:modeConstraints/>
				</spirit:onSlave>
			</spirit:wire>
		</spirit:port>
	</spirit:ports>
</spirit:abstractionDefinition>
