<?xml version="1.0"?>
<!-- edited with XMLSPY v2004 rel. 2 U (http://www.xmlspy.com) by Christophe Amerijckx (STMicroelectronics) -->
<!--
// Description : cgu.xml
// Author : SPIRIT Schema Working Group - Christophe Amerijckx
// Version: 1.2
//
// Copyright (c) 2007 SPIRIT.  All rights reserved.
// www.spiritconsortium.org
//
// THIS WORK FORMS PART OF A SPIRIT CONSORTIUM SPECIFICATION.  
// THIS WORK CONTAINS TRADE SECRETS AND PROPRIETARY INFORMATION 
// WHICH IS THE EXCLUSIVE PROPERTY OF INDIVIDUAL MEMBERS OF THE 
// SPIRIT CONSORTIUM. USE OF THESE MATERIALS ARE GOVERNED BY 
// THE LEGAL TERMS AND CONDITIONS OUTLINED IN THE THE SPIRIT 
// SPECIFICATION DISCLAIMER AVAILABLE FROM
// www.spiritconsortium.org
-->
<spirit:component xmlns:spirit="http://www.spiritconsortium.org/XMLSchema/SPIRIT/1.2" xmlns:xsi="http://www.w3.org/2001/XMLSchema-instance" xsi:schemaLocation="http://www.spiritconsortium.org/XMLSchema/SPIRIT/1.2 http://www.spiritconsortium.org/XMLSchema/SPIRIT/1.2/index.xsd">
  <spirit:vendor>spiritconsortium.org</spirit:vendor>
  <spirit:library>Leon2</spirit:library>
  <spirit:name>cgu</spirit:name>
  <spirit:version>1.2</spirit:version>
  <spirit:busInterfaces>
    <spirit:busInterface>
      <spirit:name>MainClk</spirit:name>
      <spirit:busType spirit:vendor="spiritconsortium.org" spirit:library="busdef.clock" spirit:name="clock" spirit:version="1.0"/>
      <spirit:slave/>
      <spirit:signalMap>
        <spirit:signalName>
          <spirit:componentSignalName>clkin</spirit:componentSignalName>
          <spirit:busSignalName>CLK</spirit:busSignalName>
        </spirit:signalName>
      </spirit:signalMap>
    </spirit:busInterface>
    <spirit:busInterface>
      <spirit:name>APBClk</spirit:name>
      <spirit:busType spirit:vendor="spiritconsortium.org" spirit:library="busdef.clock" spirit:name="clock" spirit:version="1.0"/>
      <spirit:slave/>
      <spirit:signalMap>
        <spirit:signalName>
          <spirit:componentSignalName>pclk</spirit:componentSignalName>
          <spirit:busSignalName>CLK</spirit:busSignalName>
        </spirit:signalName>
      </spirit:signalMap>
    </spirit:busInterface>
    <spirit:busInterface>
      <spirit:name>APBReset</spirit:name>
      <spirit:busType spirit:vendor="spiritconsortium.org" spirit:library="busdef.reset" spirit:name="reset" spirit:version="1.0"/>
      <spirit:slave/>
      <spirit:signalMap>
        <spirit:signalName>
          <spirit:componentSignalName>presetn</spirit:componentSignalName>
          <spirit:busSignalName>RESETn</spirit:busSignalName>
        </spirit:signalName>
      </spirit:signalMap>
    </spirit:busInterface>
    <spirit:busInterface>
      <spirit:name>ambaAPB</spirit:name>
      <spirit:busType spirit:vendor="amba.com" spirit:library="AMBA2" spirit:name="APB" spirit:version="r2p0_4"/>
      <spirit:slave>
        <spirit:memoryMapRef spirit:memoryMapRef="ambaAPB"/>
      </spirit:slave>
      <spirit:connection>required</spirit:connection>
      <spirit:signalMap>
        <spirit:signalName>
          <spirit:componentSignalName>psel</spirit:componentSignalName>
          <spirit:busSignalName>PSELx</spirit:busSignalName>
        </spirit:signalName>
        <spirit:signalName>
          <spirit:componentSignalName>penable</spirit:componentSignalName>
          <spirit:busSignalName>PENABLE</spirit:busSignalName>
        </spirit:signalName>
        <spirit:signalName>
          <spirit:componentSignalName>paddr</spirit:componentSignalName>
          <spirit:busSignalName>PADDR</spirit:busSignalName>
        </spirit:signalName>
        <spirit:signalName>
          <spirit:componentSignalName>pwrite</spirit:componentSignalName>
          <spirit:busSignalName>PWRITE</spirit:busSignalName>
        </spirit:signalName>
        <spirit:signalName>
          <spirit:componentSignalName>pwdata</spirit:componentSignalName>
          <spirit:busSignalName>PWDATA</spirit:busSignalName>
        </spirit:signalName>
        <spirit:signalName>
          <spirit:componentSignalName>prdata</spirit:componentSignalName>
          <spirit:busSignalName>PRDATA</spirit:busSignalName>
        </spirit:signalName>
        <spirit:signalName>
          <spirit:componentSignalName>pclk</spirit:componentSignalName>
          <spirit:busSignalName>PCLK</spirit:busSignalName>
        </spirit:signalName>
        <spirit:signalName>
          <spirit:componentSignalName>presetn</spirit:componentSignalName>
          <spirit:busSignalName>PRESETn</spirit:busSignalName>
        </spirit:signalName>
      </spirit:signalMap>
    </spirit:busInterface>
    <spirit:busInterface>
      <spirit:name>AMBAHCLK</spirit:name>
      <spirit:busType spirit:vendor="amba.com" spirit:library="AMBA2" spirit:name="AHB" spirit:version="r2p0_6"/>
      <spirit:system>
        <spirit:group>ahb_clk</spirit:group>
      </spirit:system>
      <spirit:signalMap>
        <spirit:signalName>
          <spirit:componentSignalName>clkout</spirit:componentSignalName>
          <spirit:busSignalName>HCLK</spirit:busSignalName>
          <spirit:left>0</spirit:left>
          <spirit:right>0</spirit:right>
        </spirit:signalName>
      </spirit:signalMap>
    </spirit:busInterface>
    <spirit:busInterface>
      <spirit:name>clock0_0</spirit:name>
      <spirit:busType spirit:vendor="spiritconsortium.org" spirit:library="busdef.clock" spirit:name="clock" spirit:version="1.0"/>
      <spirit:master/>
      <spirit:signalMap>
        <spirit:signalName>
          <spirit:componentSignalName>clkout</spirit:componentSignalName>
          <spirit:busSignalName>CLK</spirit:busSignalName>
          <spirit:left>0</spirit:left>
          <spirit:right>0</spirit:right>
        </spirit:signalName>
      </spirit:signalMap>
    </spirit:busInterface>
    <spirit:busInterface>
      <spirit:name>clock0_1</spirit:name>
      <spirit:busType spirit:vendor="spiritconsortium.org" spirit:library="busdef.clock" spirit:name="clock" spirit:version="1.0"/>
      <spirit:master/>
      <spirit:signalMap>
        <spirit:signalName>
          <spirit:componentSignalName>clkout</spirit:componentSignalName>
          <spirit:busSignalName>CLK</spirit:busSignalName>
          <spirit:left>0</spirit:left>
          <spirit:right>0</spirit:right>
        </spirit:signalName>
      </spirit:signalMap>
    </spirit:busInterface>
    <spirit:busInterface>
      <spirit:name>clock0_2</spirit:name>
      <spirit:busType spirit:vendor="spiritconsortium.org" spirit:library="busdef.clock" spirit:name="clock" spirit:version="1.0"/>
      <spirit:master/>
      <spirit:signalMap>
        <spirit:signalName>
          <spirit:componentSignalName>clkout</spirit:componentSignalName>
          <spirit:busSignalName>CLK</spirit:busSignalName>
          <spirit:left>0</spirit:left>
          <spirit:right>0</spirit:right>
        </spirit:signalName>
      </spirit:signalMap>
    </spirit:busInterface>
    <spirit:busInterface>
      <spirit:name>clock0_3</spirit:name>
      <spirit:busType spirit:vendor="spiritconsortium.org" spirit:library="busdef.clock" spirit:name="clock" spirit:version="1.0"/>
      <spirit:master/>
      <spirit:signalMap>
        <spirit:signalName>
          <spirit:componentSignalName>clkout</spirit:componentSignalName>
          <spirit:busSignalName>CLK</spirit:busSignalName>
          <spirit:left>0</spirit:left>
          <spirit:right>0</spirit:right>
        </spirit:signalName>
      </spirit:signalMap>
    </spirit:busInterface>
    <spirit:busInterface>
      <spirit:name>clock1_0</spirit:name>
      <spirit:busType spirit:vendor="spiritconsortium.org" spirit:library="busdef.clock" spirit:name="clock" spirit:version="1.0"/>
      <spirit:master/>
      <spirit:signalMap>
        <spirit:signalName>
          <spirit:componentSignalName>clkout</spirit:componentSignalName>
          <spirit:busSignalName>CLK</spirit:busSignalName>
          <spirit:left>1</spirit:left>
          <spirit:right>1</spirit:right>
        </spirit:signalName>
      </spirit:signalMap>
    </spirit:busInterface>
    <spirit:busInterface>
      <spirit:name>clock1_1</spirit:name>
      <spirit:busType spirit:vendor="spiritconsortium.org" spirit:library="busdef.clock" spirit:name="clock" spirit:version="1.0"/>
      <spirit:master/>
      <spirit:signalMap>
        <spirit:signalName>
          <spirit:componentSignalName>clkout</spirit:componentSignalName>
          <spirit:busSignalName>CLK</spirit:busSignalName>
          <spirit:left>1</spirit:left>
          <spirit:right>1</spirit:right>
        </spirit:signalName>
      </spirit:signalMap>
    </spirit:busInterface>
    <spirit:busInterface>
      <spirit:name>clock2_0</spirit:name>
      <spirit:busType spirit:vendor="spiritconsortium.org" spirit:library="busdef.clock" spirit:name="clock" spirit:version="1.0"/>
      <spirit:master/>
      <spirit:signalMap>
        <spirit:signalName>
          <spirit:componentSignalName>clkout</spirit:componentSignalName>
          <spirit:busSignalName>CLK</spirit:busSignalName>
          <spirit:left>2</spirit:left>
          <spirit:right>2</spirit:right>
        </spirit:signalName>
      </spirit:signalMap>
    </spirit:busInterface>
    <spirit:busInterface>
      <spirit:name>clock2_1</spirit:name>
      <spirit:busType spirit:vendor="spiritconsortium.org" spirit:library="busdef.clock" spirit:name="clock" spirit:version="1.0"/>
      <spirit:master/>
      <spirit:signalMap>
        <spirit:signalName>
          <spirit:componentSignalName>clkout</spirit:componentSignalName>
          <spirit:busSignalName>CLK</spirit:busSignalName>
          <spirit:left>2</spirit:left>
          <spirit:right>2</spirit:right>
        </spirit:signalName>
      </spirit:signalMap>
    </spirit:busInterface>
    <spirit:busInterface>
      <spirit:name>clock3_0</spirit:name>
      <spirit:busType spirit:vendor="spiritconsortium.org" spirit:library="busdef.clock" spirit:name="clock" spirit:version="1.0"/>
      <spirit:master/>
      <spirit:signalMap>
        <spirit:signalName>
          <spirit:componentSignalName>clkout</spirit:componentSignalName>
          <spirit:busSignalName>CLK</spirit:busSignalName>
          <spirit:left>3</spirit:left>
          <spirit:right>3</spirit:right>
        </spirit:signalName>
      </spirit:signalMap>
    </spirit:busInterface>
    <spirit:busInterface>
      <spirit:name>clock3_1</spirit:name>
      <spirit:busType spirit:vendor="spiritconsortium.org" spirit:library="busdef.clock" spirit:name="clock" spirit:version="1.0"/>
      <spirit:master/>
      <spirit:signalMap>
        <spirit:signalName>
          <spirit:componentSignalName>clkout</spirit:componentSignalName>
          <spirit:busSignalName>CLK</spirit:busSignalName>
          <spirit:left>3</spirit:left>
          <spirit:right>3</spirit:right>
        </spirit:signalName>
      </spirit:signalMap>
    </spirit:busInterface>
    <spirit:busInterface>
      <spirit:name>clock4_0</spirit:name>
      <spirit:busType spirit:vendor="spiritconsortium.org" spirit:library="busdef.clock" spirit:name="clock" spirit:version="1.0"/>
      <spirit:master/>
      <spirit:signalMap>
        <spirit:signalName>
          <spirit:componentSignalName>clkout</spirit:componentSignalName>
          <spirit:busSignalName>CLK</spirit:busSignalName>
          <spirit:left>4</spirit:left>
          <spirit:right>4</spirit:right>
        </spirit:signalName>
      </spirit:signalMap>
    </spirit:busInterface>
    <spirit:busInterface>
      <spirit:name>clock4_1</spirit:name>
      <spirit:busType spirit:vendor="spiritconsortium.org" spirit:library="busdef.clock" spirit:name="clock" spirit:version="1.0"/>
      <spirit:master/>
      <spirit:signalMap>
        <spirit:signalName>
          <spirit:componentSignalName>clkout</spirit:componentSignalName>
          <spirit:busSignalName>CLK</spirit:busSignalName>
          <spirit:left>4</spirit:left>
          <spirit:right>4</spirit:right>
        </spirit:signalName>
      </spirit:signalMap>
    </spirit:busInterface>
    <spirit:busInterface>
      <spirit:name>clock5_0</spirit:name>
      <spirit:busType spirit:vendor="spiritconsortium.org" spirit:library="busdef.clock" spirit:name="clock" spirit:version="1.0"/>
      <spirit:master/>
      <spirit:signalMap>
        <spirit:signalName>
          <spirit:componentSignalName>clkout</spirit:componentSignalName>
          <spirit:busSignalName>CLK</spirit:busSignalName>
          <spirit:left>5</spirit:left>
          <spirit:right>5</spirit:right>
        </spirit:signalName>
      </spirit:signalMap>
    </spirit:busInterface>
    <spirit:busInterface>
      <spirit:name>clock5_1</spirit:name>
      <spirit:busType spirit:vendor="spiritconsortium.org" spirit:library="busdef.clock" spirit:name="clock" spirit:version="1.0"/>
      <spirit:master/>
      <spirit:signalMap>
        <spirit:signalName>
          <spirit:componentSignalName>clkout</spirit:componentSignalName>
          <spirit:busSignalName>CLK</spirit:busSignalName>
          <spirit:left>5</spirit:left>
          <spirit:right>5</spirit:right>
        </spirit:signalName>
      </spirit:signalMap>
    </spirit:busInterface>
    <spirit:busInterface>
      <spirit:name>clock6_0</spirit:name>
      <spirit:busType spirit:vendor="spiritconsortium.org" spirit:library="busdef.clock" spirit:name="clock" spirit:version="1.0"/>
      <spirit:master/>
      <spirit:signalMap>
        <spirit:signalName>
          <spirit:componentSignalName>clkout</spirit:componentSignalName>
          <spirit:busSignalName>CLK</spirit:busSignalName>
          <spirit:left>6</spirit:left>
          <spirit:right>6</spirit:right>
        </spirit:signalName>
      </spirit:signalMap>
    </spirit:busInterface>
    <spirit:busInterface>
      <spirit:name>clock6_1</spirit:name>
      <spirit:busType spirit:vendor="spiritconsortium.org" spirit:library="busdef.clock" spirit:name="clock" spirit:version="1.0"/>
      <spirit:master/>
      <spirit:signalMap>
        <spirit:signalName>
          <spirit:componentSignalName>clkout</spirit:componentSignalName>
          <spirit:busSignalName>CLK</spirit:busSignalName>
          <spirit:left>6</spirit:left>
          <spirit:right>6</spirit:right>
        </spirit:signalName>
      </spirit:signalMap>
    </spirit:busInterface>
    <spirit:busInterface>
      <spirit:name>clock7_0</spirit:name>
      <spirit:busType spirit:vendor="spiritconsortium.org" spirit:library="busdef.clock" spirit:name="clock" spirit:version="1.0"/>
      <spirit:master/>
      <spirit:signalMap>
        <spirit:signalName>
          <spirit:componentSignalName>clkout</spirit:componentSignalName>
          <spirit:busSignalName>CLK</spirit:busSignalName>
          <spirit:left>7</spirit:left>
          <spirit:right>7</spirit:right>
        </spirit:signalName>
      </spirit:signalMap>
    </spirit:busInterface>
    <spirit:busInterface>
      <spirit:name>clock7_1</spirit:name>
      <spirit:busType spirit:vendor="spiritconsortium.org" spirit:library="busdef.clock" spirit:name="clock" spirit:version="1.0"/>
      <spirit:master/>
      <spirit:signalMap>
        <spirit:signalName>
          <spirit:componentSignalName>clkout</spirit:componentSignalName>
          <spirit:busSignalName>CLK</spirit:busSignalName>
          <spirit:left>7</spirit:left>
          <spirit:right>7</spirit:right>
        </spirit:signalName>
      </spirit:signalMap>
    </spirit:busInterface>
  </spirit:busInterfaces>
  <spirit:memoryMaps>
    <spirit:memoryMap>
      <spirit:name>ambaAPB</spirit:name>
      <spirit:addressBlock>
        <spirit:baseAddress>0</spirit:baseAddress>
        <spirit:bitOffset spirit:format="long">0</spirit:bitOffset>
        <spirit:range spirit:format="long">4k</spirit:range>
        <spirit:width spirit:format="long" spirit:id="width">32</spirit:width>
        <spirit:usage>register</spirit:usage>
        <spirit:register>
          <spirit:name>clock0Divide</spirit:name>
          <spirit:addressOffset>0x0</spirit:addressOffset>
          <spirit:size>32</spirit:size>
          <spirit:volatile>false</spirit:volatile>
          <spirit:access>read-write</spirit:access>
          <spirit:reset>
            <spirit:value>0x0</spirit:value>
          </spirit:reset>
          <spirit:field>
            <spirit:name>Reserved</spirit:name>
            <spirit:bitOffset>8</spirit:bitOffset>
            <spirit:bitWidth>24</spirit:bitWidth>
            <spirit:access>read-only</spirit:access>
            <spirit:description>Reserved</spirit:description>
          </spirit:field>
          <spirit:field>
            <spirit:name>divide</spirit:name>
            <spirit:bitOffset>0</spirit:bitOffset>
            <spirit:bitWidth>8</spirit:bitWidth>
            <spirit:access>read-write</spirit:access>
            <spirit:description>Divide value for clock 0, 0=no divide, 1=divide by 2, 2=divide by 4, 3=divide by 6, ...</spirit:description>
          </spirit:field>
        </spirit:register>
        <spirit:register>
          <spirit:name>clock1Divide</spirit:name>
          <spirit:addressOffset>0x4</spirit:addressOffset>
          <spirit:size>32</spirit:size>
          <spirit:volatile>false</spirit:volatile>
          <spirit:access>read-write</spirit:access>
          <spirit:reset>
            <spirit:value>0x0</spirit:value>
          </spirit:reset>
          <spirit:field>
            <spirit:name>Reserved</spirit:name>
            <spirit:bitOffset>8</spirit:bitOffset>
            <spirit:bitWidth>24</spirit:bitWidth>
            <spirit:access>read-only</spirit:access>
            <spirit:description>Reserved</spirit:description>
          </spirit:field>
          <spirit:field>
            <spirit:name>divide</spirit:name>
            <spirit:bitOffset>0</spirit:bitOffset>
            <spirit:bitWidth>8</spirit:bitWidth>
            <spirit:access>read-write</spirit:access>
            <spirit:description>Divide value for clock 1, 0=no divide, 1=divide by 2, 2=divide by 4, 3=divide by 6, ...</spirit:description>
          </spirit:field>
        </spirit:register>
        <spirit:register>
          <spirit:name>clock2Divide</spirit:name>
          <spirit:addressOffset>0x8</spirit:addressOffset>
          <spirit:size>32</spirit:size>
          <spirit:volatile>false</spirit:volatile>
          <spirit:access>read-write</spirit:access>
          <spirit:reset>
            <spirit:value>0x0</spirit:value>
          </spirit:reset>
          <spirit:field>
            <spirit:name>Reserved</spirit:name>
            <spirit:bitOffset>8</spirit:bitOffset>
            <spirit:bitWidth>24</spirit:bitWidth>
            <spirit:access>read-only</spirit:access>
            <spirit:description>Reserved</spirit:description>
          </spirit:field>
          <spirit:field>
            <spirit:name>divide</spirit:name>
            <spirit:bitOffset>0</spirit:bitOffset>
            <spirit:bitWidth>8</spirit:bitWidth>
            <spirit:access>read-write</spirit:access>
            <spirit:description>Divide value for clock 2, 0=no divide, 1=divide by 2, 2=divide by 4, 3=divide by 6, ...</spirit:description>
          </spirit:field>
        </spirit:register>
        <spirit:register>
          <spirit:name>clock3Divide</spirit:name>
          <spirit:addressOffset>0xC</spirit:addressOffset>
          <spirit:size>32</spirit:size>
          <spirit:volatile>false</spirit:volatile>
          <spirit:access>read-write</spirit:access>
          <spirit:reset>
            <spirit:value>0x0</spirit:value>
          </spirit:reset>
          <spirit:field>
            <spirit:name>Reserved</spirit:name>
            <spirit:bitOffset>8</spirit:bitOffset>
            <spirit:bitWidth>24</spirit:bitWidth>
            <spirit:access>read-only</spirit:access>
            <spirit:description>Reserved</spirit:description>
          </spirit:field>
          <spirit:field>
            <spirit:name>divide</spirit:name>
            <spirit:bitOffset>0</spirit:bitOffset>
            <spirit:bitWidth>8</spirit:bitWidth>
            <spirit:access>read-write</spirit:access>
            <spirit:description>Divide value for clock 3, 0=no divide, 1=divide by 2, 2=divide by 4, 3=divide by 6, ...</spirit:description>
          </spirit:field>
        </spirit:register>
        <spirit:register>
          <spirit:name>clock4Divide</spirit:name>
          <spirit:addressOffset>0x10</spirit:addressOffset>
          <spirit:size>32</spirit:size>
          <spirit:volatile>false</spirit:volatile>
          <spirit:access>read-write</spirit:access>
          <spirit:reset>
            <spirit:value>0x0</spirit:value>
          </spirit:reset>
          <spirit:field>
            <spirit:name>Reserved</spirit:name>
            <spirit:bitOffset>8</spirit:bitOffset>
            <spirit:bitWidth>24</spirit:bitWidth>
            <spirit:access>read-only</spirit:access>
            <spirit:description>Reserved</spirit:description>
          </spirit:field>
          <spirit:field>
            <spirit:name>divide</spirit:name>
            <spirit:bitOffset>0</spirit:bitOffset>
            <spirit:bitWidth>8</spirit:bitWidth>
            <spirit:access>read-write</spirit:access>
            <spirit:description>Divide value for clock 4, 0=no divide, 1=divide by 2, 2=divide by 4, 3=divide by 6, ...</spirit:description>
          </spirit:field>
        </spirit:register>
        <spirit:register>
          <spirit:name>clock5Divide</spirit:name>
          <spirit:addressOffset>0x14</spirit:addressOffset>
          <spirit:size>32</spirit:size>
          <spirit:volatile>false</spirit:volatile>
          <spirit:access>read-write</spirit:access>
          <spirit:reset>
            <spirit:value>0x0</spirit:value>
          </spirit:reset>
          <spirit:field>
            <spirit:name>Reserved</spirit:name>
            <spirit:bitOffset>8</spirit:bitOffset>
            <spirit:bitWidth>24</spirit:bitWidth>
            <spirit:access>read-only</spirit:access>
            <spirit:description>Reserved</spirit:description>
          </spirit:field>
          <spirit:field>
            <spirit:name>divide</spirit:name>
            <spirit:bitOffset>0</spirit:bitOffset>
            <spirit:bitWidth>8</spirit:bitWidth>
            <spirit:access>read-write</spirit:access>
            <spirit:description>Divide value for clock 5, 0=no divide, 1=divide by 2, 2=divide by 4, 3=divide by 6, ...</spirit:description>
          </spirit:field>
        </spirit:register>
        <spirit:register>
          <spirit:name>clock6Divide</spirit:name>
          <spirit:addressOffset>0x18</spirit:addressOffset>
          <spirit:size>32</spirit:size>
          <spirit:volatile>false</spirit:volatile>
          <spirit:access>read-write</spirit:access>
          <spirit:reset>
            <spirit:value>0x0</spirit:value>
          </spirit:reset>
          <spirit:field>
            <spirit:name>Reserved</spirit:name>
            <spirit:bitOffset>8</spirit:bitOffset>
            <spirit:bitWidth>24</spirit:bitWidth>
            <spirit:access>read-only</spirit:access>
            <spirit:description>Reserved</spirit:description>
          </spirit:field>
          <spirit:field>
            <spirit:name>divide</spirit:name>
            <spirit:bitOffset>0</spirit:bitOffset>
            <spirit:bitWidth>8</spirit:bitWidth>
            <spirit:access>read-write</spirit:access>
            <spirit:description>Divide value for clock 6, 0=no divide, 1=divide by 2, 2=divide by 4, 3=divide by 6, ...</spirit:description>
          </spirit:field>
        </spirit:register>
        <spirit:register>
          <spirit:name>clock7Divide</spirit:name>
          <spirit:addressOffset>0x1C</spirit:addressOffset>
          <spirit:size>32</spirit:size>
          <spirit:volatile>false</spirit:volatile>
          <spirit:access>read-write</spirit:access>
          <spirit:reset>
            <spirit:value>0x0</spirit:value>
          </spirit:reset>
          <spirit:field>
            <spirit:name>Reserved</spirit:name>
            <spirit:bitOffset>8</spirit:bitOffset>
            <spirit:bitWidth>24</spirit:bitWidth>
            <spirit:access>read-only</spirit:access>
            <spirit:description>Reserved</spirit:description>
          </spirit:field>
          <spirit:field>
            <spirit:name>divide</spirit:name>
            <spirit:bitOffset>0</spirit:bitOffset>
            <spirit:bitWidth>8</spirit:bitWidth>
            <spirit:access>read-write</spirit:access>
            <spirit:description>Divide value for clock 7, 0=no divide, 1=divide by 2, 2=divide by 4, 3=divide by 6, ...</spirit:description>
          </spirit:field>
        </spirit:register>
        <spirit:register>
          <spirit:name>IDReg</spirit:name>
          <spirit:addressOffset>0xFFC</spirit:addressOffset>
          <spirit:size>32</spirit:size>
          <spirit:access>read-only</spirit:access>
          <spirit:reset>
            <spirit:value>0x00000D00</spirit:value>
          </spirit:reset>
          <spirit:field>
            <spirit:name>ID</spirit:name>
            <spirit:bitOffset>0</spirit:bitOffset>
            <spirit:bitWidth>32</spirit:bitWidth>
            <spirit:access>read-only</spirit:access>
            <spirit:description>ID Field</spirit:description>
          </spirit:field>
          <spirit:description>ID register</spirit:description>
        </spirit:register>
      </spirit:addressBlock>
    </spirit:memoryMap>
  </spirit:memoryMaps>
  <spirit:model>
    <spirit:views>
      <spirit:view>
        <spirit:name>vhdlsource</spirit:name>
        <spirit:envIdentifier>:modelsim.mentor.com:</spirit:envIdentifier>
        <spirit:envIdentifier>:ncsim.cadence.com:</spirit:envIdentifier>
        <spirit:envIdentifier>:vcs.synopsys.com:</spirit:envIdentifier>
        <spirit:envIdentifier>:designcompiler.synopsys.com:</spirit:envIdentifier>
        <spirit:language>vhdl</spirit:language>
        <spirit:modelName>cgu(rtl)</spirit:modelName>
        <spirit:fileSetRef>fs-vhdlSource</spirit:fileSetRef>
      </spirit:view>
    </spirit:views>
    <spirit:signals>
      <spirit:signal>
        <spirit:name>pclk</spirit:name>
        <spirit:direction>in</spirit:direction>
        <spirit:export spirit:configGroups="export" spirit:id="sig_clk" spirit:prompt="clk">false</spirit:export>
      </spirit:signal>
      <spirit:signal>
        <spirit:name>presetn</spirit:name>
        <spirit:direction>in</spirit:direction>
        <spirit:export spirit:configGroups="export" spirit:id="sig_rst" spirit:prompt="rst">false</spirit:export>
      </spirit:signal>
      <spirit:signal>
        <spirit:name>psel</spirit:name>
        <spirit:direction>in</spirit:direction>
        <spirit:export spirit:configGroups="export" spirit:id="sig_psel" spirit:prompt="psel">false</spirit:export>
      </spirit:signal>
      <spirit:signal>
        <spirit:name>penable</spirit:name>
        <spirit:direction>in</spirit:direction>
        <spirit:export spirit:configGroups="export" spirit:id="sig_penable" spirit:prompt="penable">false</spirit:export>
      </spirit:signal>
      <spirit:signal>
        <spirit:name>paddr</spirit:name>
        <spirit:direction>in</spirit:direction>
        <spirit:left>11</spirit:left>
        <spirit:right>0</spirit:right>
        <spirit:export spirit:configGroups="export" spirit:id="sig_paddr" spirit:prompt="paddr">false</spirit:export>
      </spirit:signal>
      <spirit:signal>
        <spirit:name>pwrite</spirit:name>
        <spirit:direction>in</spirit:direction>
        <spirit:export spirit:configGroups="export" spirit:id="sig_pwrite" spirit:prompt="pwrite">false</spirit:export>
      </spirit:signal>
      <spirit:signal>
        <spirit:name>pwdata</spirit:name>
        <spirit:direction>in</spirit:direction>
        <spirit:left>31</spirit:left>
        <spirit:right>0</spirit:right>
        <spirit:export spirit:configGroups="export" spirit:id="sig_pwdata" spirit:prompt="pwdata">false</spirit:export>
      </spirit:signal>
      <spirit:signal>
        <spirit:name>prdata</spirit:name>
        <spirit:direction>out</spirit:direction>
        <spirit:left>31</spirit:left>
        <spirit:right>0</spirit:right>
        <spirit:export spirit:configGroups="export" spirit:id="sig_prdata" spirit:prompt="prdata">false</spirit:export>
      </spirit:signal>
      <spirit:signal>
        <spirit:name>clkin</spirit:name>
        <spirit:direction>in</spirit:direction>
        <spirit:clockDriver spirit:clockName="clk">
          <spirit:clockPeriod spirit:id="ClockPeriod" spirit:prompt="Clock Pulse Period:" spirit:resolve="user">100</spirit:clockPeriod>
          <spirit:clockPulseOffset spirit:id="ClockPulseOffset" spirit:prompt="Clock Pulse Offset:" spirit:resolve="user">50</spirit:clockPulseOffset>
          <spirit:clockPulseValue spirit:id="ClockPulseValue" spirit:prompt="Clock Pulse Value:" spirit:resolve="user">1</spirit:clockPulseValue>
          <spirit:clockPulseDuration spirit:id="ClockPulseDuration" spirit:prompt="Clock Pulse Duration:" spirit:resolve="user">50</spirit:clockPulseDuration>
        </spirit:clockDriver>
        <spirit:export spirit:configGroups="export" spirit:id="clkin" spirit:prompt="clkin">false</spirit:export>
      </spirit:signal>
      <spirit:signal>
        <spirit:name>clkout</spirit:name>
        <spirit:direction>out</spirit:direction>
        <spirit:left>7</spirit:left>
        <spirit:right>0</spirit:right>
        <spirit:export spirit:configGroups="export" spirit:id="clkout" spirit:prompt="clkout">true</spirit:export>
      </spirit:signal>
    </spirit:signals>
  </spirit:model>
  <spirit:fileSets>
    <spirit:fileSet spirit:fileSetId="fs-vhdlSource">
      <spirit:file>
        <spirit:name>hdlsrc/cgu.vhd</spirit:name>
        <spirit:fileType>vhdlSource</spirit:fileType>
        <spirit:logicalName>cgu_lib</spirit:logicalName>
      </spirit:file>
    </spirit:fileSet>
  </spirit:fileSets>
</spirit:component>
