<?xml version="1.0"?>
<!-- 
// Copyright (c) 2005, 2006, 2007 The SPIRIT Consortium.  All rights reserved.
// www.spiritconsortium.org
//
// THIS WORK FORMS PART OF A SPIRIT CONSORTIUM SPECIFICATION.
// USE OF THESE MATERIALS ARE GOVERNED BY
// THE LEGAL TERMS AND CONDITIONS OUTLINED IN THE SPIRIT
// SPECIFICATION DISCLAIMER AVAILABLE FROM
// www.spiritconsortium.org
//
// This source file is provided on an AS IS basis. The SPIRIT Consortium disclaims 
// ANY WARRANTY EXPRESS OR IMPLIED INCLUDING ANY WARRANTY OF
// MERCHANTABILITY AND FITNESS FOR USE FOR A PARTICULAR PURPOSE. 
// The user of the source file shall indemnify and hold The SPIRIT Consortium harmless
// from any damages or liability arising out of the use thereof or the performance or
// implementation or partial implementation of the schema.
  -->
<spirit:component xmlns:spirit="http://www.spiritconsortium.org/XMLSchema/SPIRIT/1.4" xmlns:xsi="http://www.w3.org/2001/XMLSchema-instance" xsi:schemaLocation="http://www.spiritconsortium.org/XMLSchema/SPIRIT/1.4 http://www.spiritconsortium.org/XMLSchema/SPIRIT/1.4/index.xsd">
  <spirit:vendor>spiritconsortium.org</spirit:vendor>
  <spirit:library>Leon2TLM</spirit:library>
  <spirit:name>ahbbus22</spirit:name>
  <spirit:version>1.4</spirit:version>
  <spirit:busInterfaces>
<!-- WARNING: this is mapping all the MirrorMaster busInterfaces to the same component target_port
                                                and all the MirrorSlave   busInterfaces to the same component initiator_port -->
    <spirit:busInterface>
      <spirit:name>AHB_MirroredMaster0</spirit:name>
      <spirit:busType spirit:vendor="amba.com" spirit:library="AMBA2" spirit:name="AHB" spirit:version="r2p0_6"/>
      <spirit:abstractionType spirit:vendor="spiritconsortium.org" spirit:library="abstractiondef.tlm" spirit:name="ahb_pv" spirit:version="1.4"/>
      <spirit:mirroredMaster/>
      <spirit:portMaps>
        <spirit:portMap>
          <spirit:logicalPort>
            <spirit:name>PV_TRANS</spirit:name>
          </spirit:logicalPort>
          <spirit:physicalPort>
            <spirit:name>target_port</spirit:name>
          </spirit:physicalPort>
        </spirit:portMap>
      </spirit:portMaps>
    </spirit:busInterface>
    <spirit:busInterface>
      <spirit:name>AHB_MirroredMaster1</spirit:name>
      <spirit:busType spirit:vendor="amba.com" spirit:library="AMBA2" spirit:name="AHB" spirit:version="r2p0_6"/>
      <spirit:abstractionType spirit:vendor="spiritconsortium.org" spirit:library="abstractiondef.tlm" spirit:name="ahb_pv" spirit:version="1.4"/>
      <spirit:mirroredMaster/>
      <spirit:portMaps>
        <spirit:portMap>
          <spirit:logicalPort>
            <spirit:name>PV_TRANS</spirit:name>
          </spirit:logicalPort>
          <spirit:physicalPort>
            <spirit:name>target_port</spirit:name>
          </spirit:physicalPort>
        </spirit:portMap>
      </spirit:portMaps>
    </spirit:busInterface>
    <spirit:busInterface>
      <spirit:name>AHB_MirroredSlave0</spirit:name>
      <spirit:busType spirit:vendor="amba.com" spirit:library="AMBA2" spirit:name="AHB" spirit:version="r2p0_6"/>
      <spirit:abstractionType spirit:vendor="spiritconsortium.org" spirit:library="abstractiondef.tlm" spirit:name="ahb_pv" spirit:version="1.4"/>
      <spirit:mirroredSlave>
        <spirit:baseAddresses>
          <spirit:remapAddress spirit:resolve="user" spirit:id="start_addr_slv0_mirror" spirit:choiceRef="BaseAddressChoices" spirit:configGroups="requiredConfig" spirit:prompt="Slave 0 Starting Address:">0x00000000</spirit:remapAddress>
          <spirit:remapAddress spirit:resolve="user" spirit:id="restart_addr_slv0_mirror" spirit:choiceRef="BaseAddressChoices" spirit:configGroups="requiredConfig" spirit:prompt="Remap Slave 0 Starting Address:" spirit:state="remapped">0x00000000</spirit:remapAddress>
          <spirit:range spirit:resolve="user" spirit:id="range_slv0_mirror" spirit:configGroups="requiredConfig" spirit:prompt="Slave 0 Range:">0x00010000</spirit:range>
        </spirit:baseAddresses>
      </spirit:mirroredSlave>
      <spirit:portMaps>
        <spirit:portMap>
          <spirit:logicalPort>
            <spirit:name>PV_TRANS</spirit:name>
          </spirit:logicalPort>
          <spirit:physicalPort>
            <spirit:name>initiator_port</spirit:name>
          </spirit:physicalPort>
        </spirit:portMap>
      </spirit:portMaps>
    </spirit:busInterface>
    <spirit:busInterface>
      <spirit:name>AHB_MirroredSlave1</spirit:name>
      <spirit:busType spirit:vendor="amba.com" spirit:library="AMBA2" spirit:name="AHB" spirit:version="r2p0_6"/>
      <spirit:abstractionType spirit:vendor="spiritconsortium.org" spirit:library="abstractiondef.tlm" spirit:name="ahb_pv" spirit:version="1.4"/>
      <spirit:mirroredSlave>
        <spirit:baseAddresses>
          <spirit:remapAddress spirit:resolve="user" spirit:id="start_addr_slv1_mirror" spirit:choiceRef="BaseAddressChoices" spirit:configGroups="requiredConfig" spirit:prompt="Slave 1 Starting Address:">0x10000000</spirit:remapAddress>
          <spirit:remapAddress spirit:resolve="user" spirit:id="restart_addr_slv1_mirror" spirit:choiceRef="BaseAddressChoices" spirit:configGroups="requiredConfig" spirit:prompt="Remap Slave 1 Starting Address:" spirit:state="remapped">0x10000000</spirit:remapAddress>
          <spirit:range spirit:resolve="user" spirit:id="range_slv1_mirror" spirit:configGroups="requiredConfig" spirit:prompt="Slave 1 Range:">0x00010000</spirit:range>
        </spirit:baseAddresses>
      </spirit:mirroredSlave>
      <spirit:portMaps>
        <spirit:portMap>
          <spirit:logicalPort>
            <spirit:name>PV_TRANS</spirit:name>
          </spirit:logicalPort>
          <spirit:physicalPort>
            <spirit:name>initiator_port</spirit:name>
          </spirit:physicalPort>
        </spirit:portMap>
      </spirit:portMaps>
    </spirit:busInterface>
  </spirit:busInterfaces>
  <spirit:channels>
    <spirit:channel>
      <spirit:name>AHBChannel</spirit:name>
<!--IP-XACT XSLT Warning#1:Removing element maxMasters from channel-->
<!--IP-XACT XSLT Warning#2:Removing element maxSlaves from channel-->
      <spirit:busInterfaceRef>AHB_MirroredMaster0</spirit:busInterfaceRef>
      <spirit:busInterfaceRef>AHB_MirroredMaster1</spirit:busInterfaceRef>
      <spirit:busInterfaceRef>AHB_MirroredSlave0</spirit:busInterfaceRef>
      <spirit:busInterfaceRef>AHB_MirroredSlave1</spirit:busInterfaceRef>
    </spirit:channel>
  </spirit:channels>
<!-- WARNING: no remap state compared to RTL -->
  <spirit:model>
    <spirit:views>
      <spirit:view>
        <spirit:name>TLM_PV</spirit:name>
        <spirit:envIdentifier>:osci.systemc.org:</spirit:envIdentifier>
        <spirit:language>systemc</spirit:language>
        <spirit:modelName>apbbus</spirit:modelName>
        <spirit:fileSetRef>sourceCode</spirit:fileSetRef>
      </spirit:view>
    </spirit:views>
    <spirit:ports>
      <spirit:port>
        <spirit:name>target_port</spirit:name>
        <spirit:transactional>
          <spirit:transTypeDef>
            <spirit:typeName>pv_target_port</spirit:typeName>
            <spirit:typeDefinition>pv_target_port.h</spirit:typeDefinition>
          </spirit:transTypeDef>
          <spirit:service>
            <spirit:initiative>provides</spirit:initiative>
            <spirit:serviceTypeDefs>
              <spirit:serviceTypeDef>
                <spirit:typeName spirit:implicit="true">OSCI_TLM_PV</spirit:typeName>
                <spirit:parameters>
                  <spirit:parameter>
                    <spirit:name>typedef1</spirit:name>
                    <spirit:value>ADDRESS_TYPE</spirit:value>
                  </spirit:parameter>
                  <spirit:parameter>
                    <spirit:name>typedef2</spirit:name>
                    <spirit:value>DATA_TYPE</spirit:value>
                  </spirit:parameter>
                </spirit:parameters>
              </spirit:serviceTypeDef>
            </spirit:serviceTypeDefs>
          </spirit:service>
        </spirit:transactional>
      </spirit:port>
      <spirit:port>
        <spirit:name>initiator_port</spirit:name>
        <spirit:transactional>
          <spirit:transTypeDef>
            <spirit:typeName>pv_initiator_port</spirit:typeName>
            <spirit:typeDefinition>pv_initiator_port.h</spirit:typeDefinition>
          </spirit:transTypeDef>
          <spirit:service>
            <spirit:initiative>requires</spirit:initiative>
            <spirit:serviceTypeDefs>
              <spirit:serviceTypeDef>
                <spirit:typeName spirit:implicit="true">OSCI_TLM_PV</spirit:typeName>
                <spirit:parameters>
                  <spirit:parameter>
                    <spirit:name>typedef1</spirit:name>
                    <spirit:value>ADDRESS_TYPE</spirit:value>
                  </spirit:parameter>
                  <spirit:parameter>
                    <spirit:name>typedef2</spirit:name>
                    <spirit:value>DATA_TYPE</spirit:value>
                  </spirit:parameter>
                </spirit:parameters>
              </spirit:serviceTypeDef>
            </spirit:serviceTypeDefs>
          </spirit:service>
        </spirit:transactional>
      </spirit:port>
    </spirit:ports>
    <spirit:modelParameters>
      <spirit:modelParameter spirit:dataType="integer">
        <spirit:name>start_addr_slv0</spirit:name>
        <spirit:value spirit:resolve="dependent" spirit:id="start_addr_slv0" spirit:dependency="(spirit:decode(id('start_addr_slv0_mirror'))) div 65536">0</spirit:value>
      </spirit:modelParameter>
      <spirit:modelParameter spirit:dataType="integer">
        <spirit:name>restart_addr_slv0</spirit:name>
        <spirit:value spirit:resolve="dependent" spirit:id="restart_addr_slv0" spirit:dependency="(spirit:decode(id('restart_addr_slv0_mirror'))) div 65536">0</spirit:value>
      </spirit:modelParameter>
      <spirit:modelParameter spirit:dataType="integer">
        <spirit:name>range_slv0</spirit:name>
        <spirit:value spirit:resolve="dependent" spirit:id="range_slv0" spirit:dependency="spirit:decode(id('range_slv0_mirror'))">65536</spirit:value>
      </spirit:modelParameter>
      <spirit:modelParameter spirit:dataType="boolean">
        <spirit:name>split_slv0</spirit:name>
        <spirit:value spirit:resolve="user" spirit:id="split_slv0" spirit:choiceRef="BooleanChoices" spirit:configGroups="requiredConfig" spirit:prompt="Slave 0 Splitted Transactions:">false</spirit:value>
      </spirit:modelParameter>
      <spirit:modelParameter spirit:dataType="integer">
        <spirit:name>mst_access_slv0</spirit:name>
        <spirit:value spirit:resolve="immediate" spirit:id="mst_access_slv0" spirit:prompt="Masters that can access Slave 0:">3</spirit:value>
      </spirit:modelParameter>
      <spirit:modelParameter spirit:dataType="integer">
        <spirit:name>start_addr_slv1</spirit:name>
        <spirit:value spirit:resolve="dependent" spirit:id="start_addr_slv1" spirit:dependency="spirit:decode(id('start_addr_slv1_mirror')) div 65536">4096</spirit:value>
      </spirit:modelParameter>
      <spirit:modelParameter spirit:dataType="integer">
        <spirit:name>restart_addr_slv1</spirit:name>
        <spirit:value spirit:resolve="dependent" spirit:id="restart_addr_slv1" spirit:dependency="spirit:decode(id('restart_addr_slv1_mirror')) div 65536">4096</spirit:value>
      </spirit:modelParameter>
      <spirit:modelParameter spirit:dataType="integer">
        <spirit:name>range_slv1</spirit:name>
        <spirit:value spirit:resolve="dependent" spirit:id="range_slv1" spirit:dependency="spirit:decode(id('range_slv1_mirror'))">65536</spirit:value>
      </spirit:modelParameter>
      <spirit:modelParameter spirit:dataType="boolean">
        <spirit:name>split_slv1</spirit:name>
        <spirit:value spirit:resolve="user" spirit:id="split_slv1" spirit:choiceRef="BooleanChoices" spirit:configGroups="requiredConfig" spirit:prompt="Slave 1 Splitted Transactions:">false</spirit:value>
      </spirit:modelParameter>
      <spirit:modelParameter spirit:dataType="integer">
        <spirit:name>mst_access_slv1</spirit:name>
        <spirit:value spirit:resolve="immediate" spirit:id="mst_access_slv1" spirit:prompt="Masters that can access Slave 1:">3</spirit:value>
      </spirit:modelParameter>
      <spirit:modelParameter spirit:dataType="integer">
        <spirit:name>defmast</spirit:name>
        <spirit:value spirit:resolve="user" spirit:id="defmast" spirit:choiceRef="MasterChoices" spirit:configGroups="requiredConfig" spirit:prompt="Default master:">1</spirit:value>
      </spirit:modelParameter>
    </spirit:modelParameters>
  </spirit:model>
  <spirit:choices>
    <spirit:choice>
      <spirit:name>BaseAddressChoices</spirit:name>
      <spirit:enumeration spirit:text="0x00000000">0x00000000</spirit:enumeration>
      <spirit:enumeration spirit:text="0x10000000">0x10000000</spirit:enumeration>
      <spirit:enumeration spirit:text="0x20000000">0x20000000</spirit:enumeration>
      <spirit:enumeration spirit:text="0x30000000">0x30000000</spirit:enumeration>
      <spirit:enumeration spirit:text="0x40000000">0x40000000</spirit:enumeration>
      <spirit:enumeration spirit:text="0x50000000">0x50000000</spirit:enumeration>
      <spirit:enumeration spirit:text="0x60000000">0x60000000</spirit:enumeration>
      <spirit:enumeration spirit:text="0x70000000">0x70000000</spirit:enumeration>
      <spirit:enumeration spirit:text="0x80000000">0x80000000</spirit:enumeration>
      <spirit:enumeration spirit:text="0x90000000">0x90000000</spirit:enumeration>
      <spirit:enumeration spirit:text="0xa0000000">0xa0000000</spirit:enumeration>
      <spirit:enumeration spirit:text="0xb0000000">0xb0000000</spirit:enumeration>
      <spirit:enumeration spirit:text="0xc0000000">0xc0000000</spirit:enumeration>
      <spirit:enumeration spirit:text="0xd0000000">0xd0000000</spirit:enumeration>
      <spirit:enumeration spirit:text="0xe0000000">0xe0000000</spirit:enumeration>
      <spirit:enumeration spirit:text="0xf0000000">0xf0000000</spirit:enumeration>
    </spirit:choice>
    <spirit:choice>
      <spirit:name>BooleanChoices</spirit:name>
      <spirit:enumeration spirit:text="false">false</spirit:enumeration>
      <spirit:enumeration spirit:text="true">true</spirit:enumeration>
    </spirit:choice>
    <spirit:choice>
      <spirit:name>MasterChoices</spirit:name>
      <spirit:enumeration spirit:text="0">0</spirit:enumeration>
      <spirit:enumeration spirit:text="1">1</spirit:enumeration>
    </spirit:choice>
  </spirit:choices>
  <spirit:fileSets>
    <spirit:fileSet>
      <spirit:name>sourceCode</spirit:name>
      <spirit:file>
        <spirit:name>tlmsrc/ahbbus.h</spirit:name>
        <spirit:fileType>systemCSource</spirit:fileType>
        <spirit:isIncludeFile>true</spirit:isIncludeFile>
        <spirit:logicalName>ahbbus</spirit:logicalName>
      </spirit:file>
    </spirit:fileSet>
  </spirit:fileSets>
</spirit:component>
