<?xml version="1.0" encoding="UTF-8"?>
<!-- 
// Description : qdr_sram_ii.xml
// Author : denali.com 
// Version: 1.2
// 
// Revision:    $Revision:$
// Date:        $Date:$
// 
// Copyright (c) 2006, 2008 The SPIRIT Consortium.
// 
// This work forms part of a deliverable of The SPIRIT Consortium.
// 
// Use of these materials are governed by the legal terms and conditions
// outlined in the disclaimer available from www.spiritconsortium.org.
// 
// This source file is provided on an AS IS basis.  The SPIRIT
// Consortium disclaims any warranty express or implied including
// any warranty of merchantability and fitness for use for a
// particular purpose.
// 
// The user of the source file shall indemnify and hold The SPIRIT
// Consortium and its members harmless from any damages or liability.
// 
-->
<spirit:busDefinition xmlns:spirit="http://www.spiritconsortium.org/XMLSchema/SPIRIT/1.2" 
							xmlns:xsi="http://www.w3.org/2001/XMLSchema-instance" 
							xsi:schemaLocation="http://www.spiritconsortium.org/XMLSchema/SPIRIT/1.2
																http://www.spiritconsortium.org/XMLSchema/SPIRIT/1.2/index.xsd">

	<spirit:vendor>spiritconsortium.org</spirit:vendor>
	<spirit:library>busdef.qdr_consortium.qdr_ii</spirit:library>
	<spirit:name>qdr_sram_ii</spirit:name>
	<spirit:version>1.0</spirit:version>

	<spirit:directConnection>true</spirit:directConnection>

	<spirit:signals>
		<spirit:signal>
			<spirit:logicalName>addr</spirit:logicalName>
			<spirit:isAddress>true</spirit:isAddress>
			<spirit:onMaster>
				<spirit:direction>out</spirit:direction>
			</spirit:onMaster>
			<spirit:onSlave>
				<spirit:direction>in</spirit:direction>
			</spirit:onSlave>
		</spirit:signal>
		<spirit:signal>
			<spirit:logicalName>d</spirit:logicalName>
			<spirit:isData>true</spirit:isData>
			<spirit:onMaster>
				<spirit:direction>out</spirit:direction>
			</spirit:onMaster>
			<spirit:onSlave>
				<spirit:direction>in</spirit:direction>
			</spirit:onSlave>
		</spirit:signal>
		<spirit:signal>
			<spirit:logicalName>wps_n</spirit:logicalName>
			<spirit:onMaster>
				<spirit:bitWidth>1</spirit:bitWidth>
				<spirit:direction>out</spirit:direction>
			</spirit:onMaster>
			<spirit:onSlave>
				<spirit:bitWidth>1</spirit:bitWidth>
				<spirit:direction>in</spirit:direction>
			</spirit:onSlave>
		</spirit:signal>
		<spirit:signal>
			<spirit:logicalName>bws_n</spirit:logicalName>
			<spirit:onMaster>
				<spirit:direction>out</spirit:direction>
			</spirit:onMaster>
			<spirit:onSlave>
				<spirit:direction>in</spirit:direction>
			</spirit:onSlave>
		</spirit:signal>
		<spirit:signal>
			<spirit:logicalName>k</spirit:logicalName>
			<spirit:isClock>true</spirit:isClock>
			<spirit:onMaster>
				<spirit:bitWidth>1</spirit:bitWidth>
				<spirit:direction>out</spirit:direction>
			</spirit:onMaster>
			<spirit:onSlave>
				<spirit:bitWidth>1</spirit:bitWidth>
				<spirit:direction>in</spirit:direction>
			</spirit:onSlave>
		</spirit:signal>
		<spirit:signal>
			<spirit:logicalName>k_n</spirit:logicalName>
			<spirit:isClock>true</spirit:isClock>
			<spirit:onMaster>
				<spirit:bitWidth>1</spirit:bitWidth>
				<spirit:direction>out</spirit:direction>
			</spirit:onMaster>
			<spirit:onSlave>
				<spirit:bitWidth>1</spirit:bitWidth>
				<spirit:direction>in</spirit:direction>
			</spirit:onSlave>
		</spirit:signal>
		<spirit:signal>
			<spirit:logicalName>q</spirit:logicalName>
			<spirit:isData>true</spirit:isData>
			<spirit:onMaster>
				<spirit:direction>in</spirit:direction>
			</spirit:onMaster>
			<spirit:onSlave>
				<spirit:direction>out</spirit:direction>
			</spirit:onSlave>
		</spirit:signal>
		<spirit:signal>
			<spirit:logicalName>rps_n</spirit:logicalName>
			<spirit:onMaster>
				<spirit:bitWidth>1</spirit:bitWidth>
				<spirit:direction>out</spirit:direction>
			</spirit:onMaster>
			<spirit:onSlave>
				<spirit:bitWidth>1</spirit:bitWidth>
				<spirit:direction>in</spirit:direction>
			</spirit:onSlave>
		</spirit:signal>
		<spirit:signal>
			<spirit:logicalName>c</spirit:logicalName>
			<spirit:isClock>true</spirit:isClock>
			<spirit:onMaster>
				<spirit:bitWidth>1</spirit:bitWidth>
				<spirit:direction>out</spirit:direction>
			</spirit:onMaster>
			<spirit:onSlave>
				<spirit:bitWidth>1</spirit:bitWidth>
				<spirit:direction>in</spirit:direction>
			</spirit:onSlave>
		</spirit:signal>
		<spirit:signal>
			<spirit:logicalName>c_n</spirit:logicalName>
			<spirit:isClock>true</spirit:isClock>
			<spirit:onMaster>
				<spirit:bitWidth>1</spirit:bitWidth>
				<spirit:direction>out</spirit:direction>
			</spirit:onMaster>
			<spirit:onSlave>
				<spirit:bitWidth>1</spirit:bitWidth>
				<spirit:direction>in</spirit:direction>
			</spirit:onSlave>
		</spirit:signal>
		<spirit:signal>
			<spirit:logicalName>cq</spirit:logicalName>
			<spirit:onMaster>
				<spirit:bitWidth>1</spirit:bitWidth>
				<spirit:direction>in</spirit:direction>
			</spirit:onMaster>
			<spirit:onSlave>
				<spirit:bitWidth>1</spirit:bitWidth>
				<spirit:direction>out</spirit:direction>
			</spirit:onSlave>
		</spirit:signal>
		<spirit:signal>
			<spirit:logicalName>cq_n</spirit:logicalName>
			<spirit:onMaster>
				<spirit:bitWidth>1</spirit:bitWidth>
				<spirit:direction>in</spirit:direction>
			</spirit:onMaster>
			<spirit:onSlave>
				<spirit:bitWidth>1</spirit:bitWidth>
				<spirit:direction>out</spirit:direction>
			</spirit:onSlave>
		</spirit:signal>
		<spirit:signal>
			<spirit:logicalName>doff_n</spirit:logicalName>
			<spirit:onSlave>
				<spirit:bitWidth>1</spirit:bitWidth>
				<spirit:direction>in</spirit:direction>
			</spirit:onSlave>
		</spirit:signal>
	</spirit:signals>
</spirit:busDefinition>
