<?xml version="1.0"?>
<!--
// Description : ahb2ahb.xml
// Author : SPIRIT Schema Working Group - Christophe Amerijckx
// Version: 1.2
//
// Copyright (c) 2007 SPIRIT.  All rights reserved.
// www.spiritconsortium.org
//
// THIS WORK FORMS PART OF A SPIRIT CONSORTIUM SPECIFICATION.  
// THIS WORK CONTAINS TRADE SECRETS AND PROPRIETARY INFORMATION 
// WHICH IS THE EXCLUSIVE PROPERTY OF INDIVIDUAL MEMBERS OF THE 
// SPIRIT CONSORTIUM. USE OF THESE MATERIALS ARE GOVERNED BY 
// THE LEGAL TERMS AND CONDITIONS OUTLINED IN THE THE SPIRIT 
// SPECIFICATION DISCLAIMER AVAILABLE FROM
// www.spiritconsortium.org
-->
<spirit:component xmlns:spirit="http://www.spiritconsortium.org/XMLSchema/SPIRIT/1.2" xmlns:xsi="http://www.w3.org/2001/XMLSchema-instance" xsi:schemaLocation="http://www.spiritconsortium.org/XMLSchema/SPIRIT/1.2 http://www.spiritconsortium.org/XMLSchema/SPIRIT/1.2/index.xsd">
  <spirit:vendor>spiritconsortium.org</spirit:vendor>
  <spirit:library>Leon2</spirit:library>
  <spirit:name>ahb2ahb</spirit:name>
  <spirit:version>1.2</spirit:version>
  <spirit:busInterfaces>
    <spirit:busInterface>
      <spirit:name>AHBClk</spirit:name>
      <spirit:busType spirit:vendor="spiritconsortium.org" spirit:library="busdef.clock" spirit:name="clock" spirit:version="1.0"/>
      <spirit:slave/>
      <spirit:signalMap>
        <spirit:signalName>
          <spirit:componentSignalName>hclk</spirit:componentSignalName>
          <spirit:busSignalName>CLK</spirit:busSignalName>
        </spirit:signalName>
      </spirit:signalMap>
    </spirit:busInterface>
    <spirit:busInterface>
      <spirit:name>AHBReset</spirit:name>
      <spirit:busType spirit:vendor="spiritconsortium.org" spirit:library="busdef.reset" spirit:name="reset" spirit:version="1.0"/>
      <spirit:slave/>
      <spirit:signalMap>
        <spirit:signalName>
          <spirit:componentSignalName>hresetn</spirit:componentSignalName>
          <spirit:busSignalName>RESETn</spirit:busSignalName>
        </spirit:signalName>
      </spirit:signalMap>
    </spirit:busInterface>
    <spirit:busInterface>
      <spirit:name>AHBmaster</spirit:name>
      <spirit:busType spirit:vendor="amba.com" spirit:library="AMBA2" spirit:name="AHB" spirit:version="r2p0_6"/>
      <spirit:master>
        <spirit:addressSpaceRef spirit:addressSpaceRef="main">
          <spirit:baseAddress>0x00000000</spirit:baseAddress>
        </spirit:addressSpaceRef>
      </spirit:master>
      <spirit:connection>required</spirit:connection>
      <spirit:signalMap>
        <spirit:signalName>
          <spirit:componentSignalName>hrdata_m</spirit:componentSignalName>
          <spirit:busSignalName>HRDATA</spirit:busSignalName>
        </spirit:signalName>
        <spirit:signalName>
          <spirit:componentSignalName>hgrant_m</spirit:componentSignalName>
          <spirit:busSignalName>HGRANTx</spirit:busSignalName>
        </spirit:signalName>
        <spirit:signalName>
          <spirit:componentSignalName>haddr_m</spirit:componentSignalName>
          <spirit:busSignalName>HADDR</spirit:busSignalName>
        </spirit:signalName>
        <spirit:signalName>
          <spirit:componentSignalName>htrans_m</spirit:componentSignalName>
          <spirit:busSignalName>HTRANS</spirit:busSignalName>
        </spirit:signalName>
        <spirit:signalName>
          <spirit:componentSignalName>hwrite_m</spirit:componentSignalName>
          <spirit:busSignalName>HWRITE</spirit:busSignalName>
        </spirit:signalName>
        <spirit:signalName>
          <spirit:componentSignalName>hsize_m</spirit:componentSignalName>
          <spirit:busSignalName>HSIZE</spirit:busSignalName>
        </spirit:signalName>
        <spirit:signalName>
          <spirit:componentSignalName>hburst_m</spirit:componentSignalName>
          <spirit:busSignalName>HBURST</spirit:busSignalName>
        </spirit:signalName>
        <spirit:signalName>
          <spirit:componentSignalName>hprot_m</spirit:componentSignalName>
          <spirit:busSignalName>HPROT</spirit:busSignalName>
        </spirit:signalName>
        <spirit:signalName>
          <spirit:componentSignalName>hwdata_m</spirit:componentSignalName>
          <spirit:busSignalName>HWDATA</spirit:busSignalName>
        </spirit:signalName>
        <spirit:signalName>
          <spirit:componentSignalName>hbusreq_m</spirit:componentSignalName>
          <spirit:busSignalName>HBUSREQx</spirit:busSignalName>
        </spirit:signalName>
        <spirit:signalName>
          <spirit:componentSignalName>hready_m</spirit:componentSignalName>
          <spirit:busSignalName>HREADY</spirit:busSignalName>
        </spirit:signalName>
        <spirit:signalName>
          <spirit:componentSignalName>hresp_m</spirit:componentSignalName>
          <spirit:busSignalName>HRESP</spirit:busSignalName>
        </spirit:signalName>
        <spirit:signalName>
          <spirit:componentSignalName>hclk</spirit:componentSignalName>
          <spirit:busSignalName>HCLK</spirit:busSignalName>
        </spirit:signalName>
        <spirit:signalName>
          <spirit:componentSignalName>hresetn</spirit:componentSignalName>
          <spirit:busSignalName>HRESETn</spirit:busSignalName>
        </spirit:signalName>
      </spirit:signalMap>
    </spirit:busInterface>
    <spirit:busInterface>
      <spirit:name>AHBSlave</spirit:name>
      <spirit:busType spirit:vendor="amba.com" spirit:library="AMBA2" spirit:name="AHB" spirit:version="r2p0_6"/>
      <spirit:slave>
        <spirit:bridge spirit:masterRef="AHBmaster" spirit:opaque="false"/>
      </spirit:slave>
      <spirit:signalMap>
        <spirit:signalName>
          <spirit:componentSignalName>hsel_s</spirit:componentSignalName>
          <spirit:busSignalName>HSELx</spirit:busSignalName>
        </spirit:signalName>
        <spirit:signalName>
          <spirit:componentSignalName>haddr_s</spirit:componentSignalName>
          <spirit:busSignalName>HADDR</spirit:busSignalName>
        </spirit:signalName>
        <spirit:signalName>
          <spirit:componentSignalName>hwrite_s</spirit:componentSignalName>
          <spirit:busSignalName>HWRITE</spirit:busSignalName>
        </spirit:signalName>
        <spirit:signalName>
          <spirit:componentSignalName>htrans_s</spirit:componentSignalName>
          <spirit:busSignalName>HTRANS</spirit:busSignalName>
        </spirit:signalName>
        <spirit:signalName>
          <spirit:componentSignalName>hsize_s</spirit:componentSignalName>
          <spirit:busSignalName>HSIZE</spirit:busSignalName>
        </spirit:signalName>
        <spirit:signalName>
          <spirit:componentSignalName>hburst_s</spirit:componentSignalName>
          <spirit:busSignalName>HBURST</spirit:busSignalName>
        </spirit:signalName>
        <spirit:signalName>
          <spirit:componentSignalName>hwdata_s</spirit:componentSignalName>
          <spirit:busSignalName>HWDATA</spirit:busSignalName>
        </spirit:signalName>
        <spirit:signalName>
          <spirit:componentSignalName>hprot_s</spirit:componentSignalName>
          <spirit:busSignalName>HPROT</spirit:busSignalName>
        </spirit:signalName>
        <spirit:signalName>
          <spirit:componentSignalName>hreadyo_s</spirit:componentSignalName>
          <spirit:busSignalName>HREADYOUT</spirit:busSignalName>
        </spirit:signalName>
        <spirit:signalName>
          <spirit:componentSignalName>hreadyi_s</spirit:componentSignalName>
          <spirit:busSignalName>HREADY</spirit:busSignalName>
        </spirit:signalName>
        <spirit:signalName>
          <spirit:componentSignalName>hresp_s</spirit:componentSignalName>
          <spirit:busSignalName>HRESP</spirit:busSignalName>
        </spirit:signalName>
        <spirit:signalName>
          <spirit:componentSignalName>hrdata_s</spirit:componentSignalName>
          <spirit:busSignalName>HRDATA</spirit:busSignalName>
        </spirit:signalName>
        <spirit:signalName>
          <spirit:componentSignalName>hclk</spirit:componentSignalName>
          <spirit:busSignalName>HCLK</spirit:busSignalName>
        </spirit:signalName>
        <spirit:signalName>
          <spirit:componentSignalName>hresetn</spirit:componentSignalName>
          <spirit:busSignalName>HRESETn</spirit:busSignalName>
        </spirit:signalName>
      </spirit:signalMap>
    </spirit:busInterface>
  </spirit:busInterfaces>
  <spirit:addressSpaces>
    <spirit:addressSpace>
      <spirit:name>main</spirit:name>
      <spirit:range>4G</spirit:range>
      <spirit:width>32</spirit:width>
    </spirit:addressSpace>
  </spirit:addressSpaces>
  <spirit:model>
    <spirit:views>
      <spirit:view>
        <spirit:name>vhdlsource</spirit:name>
        <spirit:envIdentifier>:modelsim.mentor.com:</spirit:envIdentifier>
        <spirit:envIdentifier>:ncsim.cadence.com:</spirit:envIdentifier>
        <spirit:envIdentifier>:vcs.synopsys.com:</spirit:envIdentifier>
        <spirit:envIdentifier>:designcompiler.synopsys.com:</spirit:envIdentifier>
        <spirit:language spirit:strict="true">vhdl</spirit:language>
        <spirit:modelName>ahb2ahb(rtl)</spirit:modelName>
        <spirit:fileSetRef>fs-vhdlSource</spirit:fileSetRef>
      </spirit:view>
    </spirit:views>
    <spirit:signals>
      <spirit:signal>
        <spirit:name>hclk</spirit:name>
        <spirit:direction>in</spirit:direction>
      </spirit:signal>
      <spirit:signal>
        <spirit:name>hresetn</spirit:name>
        <spirit:direction>in</spirit:direction>
      </spirit:signal>
      <spirit:signal>
        <spirit:name>hgrant_m</spirit:name>
        <spirit:direction>in</spirit:direction>
      </spirit:signal>
      <spirit:signal>
        <spirit:name>hready_m</spirit:name>
        <spirit:direction>in</spirit:direction>
      </spirit:signal>
      <spirit:signal>
        <spirit:name>hresp_m</spirit:name>
        <spirit:direction>in</spirit:direction>
        <spirit:left>1</spirit:left>
        <spirit:right>0</spirit:right>
      </spirit:signal>
      <spirit:signal>
        <spirit:name>hrdata_m</spirit:name>
        <spirit:direction>in</spirit:direction>
        <spirit:left>31</spirit:left>
        <spirit:right>0</spirit:right>
      </spirit:signal>
      <spirit:signal>
        <spirit:name>hbusreq_m</spirit:name>
        <spirit:direction>out</spirit:direction>
      </spirit:signal>
      <spirit:signal>
        <spirit:name>htrans_m</spirit:name>
        <spirit:direction>out</spirit:direction>
        <spirit:left>1</spirit:left>
        <spirit:right>0</spirit:right>
      </spirit:signal>
      <spirit:signal>
        <spirit:name>haddr_m</spirit:name>
        <spirit:direction>out</spirit:direction>
        <spirit:left>31</spirit:left>
        <spirit:right>0</spirit:right>
      </spirit:signal>
      <spirit:signal>
        <spirit:name>hwrite_m</spirit:name>
        <spirit:direction>out</spirit:direction>
      </spirit:signal>
      <spirit:signal>
        <spirit:name>hsize_m</spirit:name>
        <spirit:direction>out</spirit:direction>
        <spirit:left>2</spirit:left>
        <spirit:right>0</spirit:right>
      </spirit:signal>
      <spirit:signal>
        <spirit:name>hburst_m</spirit:name>
        <spirit:direction>out</spirit:direction>
        <spirit:left>2</spirit:left>
        <spirit:right>0</spirit:right>
      </spirit:signal>
      <spirit:signal>
        <spirit:name>hprot_m</spirit:name>
        <spirit:direction>out</spirit:direction>
        <spirit:left>3</spirit:left>
        <spirit:right>0</spirit:right>
      </spirit:signal>
      <spirit:signal>
        <spirit:name>hwdata_m</spirit:name>
        <spirit:direction>out</spirit:direction>
        <spirit:left>31</spirit:left>
        <spirit:right>0</spirit:right>
      </spirit:signal>
      <spirit:signal>
        <spirit:name>hsel_s</spirit:name>
        <spirit:direction>in</spirit:direction>
      </spirit:signal>
      <spirit:signal>
        <spirit:name>haddr_s</spirit:name>
        <spirit:direction>in</spirit:direction>
        <spirit:left>31</spirit:left>
        <spirit:right>0</spirit:right>
      </spirit:signal>
      <spirit:signal>
        <spirit:name>hwrite_s</spirit:name>
        <spirit:direction>in</spirit:direction>
      </spirit:signal>
      <spirit:signal>
        <spirit:name>htrans_s</spirit:name>
        <spirit:direction>in</spirit:direction>
        <spirit:left>1</spirit:left>
        <spirit:right>0</spirit:right>
      </spirit:signal>
      <spirit:signal>
        <spirit:name>hsize_s</spirit:name>
        <spirit:direction>in</spirit:direction>
        <spirit:left>2</spirit:left>
        <spirit:right>0</spirit:right>
      </spirit:signal>
      <spirit:signal>
        <spirit:name>hburst_s</spirit:name>
        <spirit:direction>in</spirit:direction>
        <spirit:left>2</spirit:left>
        <spirit:right>0</spirit:right>
      </spirit:signal>
      <spirit:signal>
        <spirit:name>hwdata_s</spirit:name>
        <spirit:direction>in</spirit:direction>
        <spirit:left>31</spirit:left>
        <spirit:right>0</spirit:right>
      </spirit:signal>
      <spirit:signal>
        <spirit:name>hprot_s</spirit:name>
        <spirit:direction>in</spirit:direction>
        <spirit:left>3</spirit:left>
        <spirit:right>0</spirit:right>
      </spirit:signal>
      <spirit:signal>
        <spirit:name>hreadyi_s</spirit:name>
        <spirit:direction>in</spirit:direction>
      </spirit:signal>
      <spirit:signal>
        <spirit:name>hreadyo_s</spirit:name>
        <spirit:direction>out</spirit:direction>
      </spirit:signal>
      <spirit:signal>
        <spirit:name>hresp_s</spirit:name>
        <spirit:direction>out</spirit:direction>
        <spirit:left>1</spirit:left>
        <spirit:right>0</spirit:right>
      </spirit:signal>
      <spirit:signal>
        <spirit:name>hrdata_s</spirit:name>
        <spirit:direction>out</spirit:direction>
        <spirit:left>31</spirit:left>
        <spirit:right>0</spirit:right>
      </spirit:signal>
    </spirit:signals>
  </spirit:model>
  <spirit:fileSets>
    <spirit:fileSet spirit:fileSetId="fs-vhdlSource">
      <spirit:file>
        <spirit:name>hdlsrc/ahb2ahb.vhd</spirit:name>
        <spirit:fileType>vhdlSource</spirit:fileType>
        <spirit:logicalName>ahb2ahb_lib</spirit:logicalName>
      </spirit:file>
    </spirit:fileSet>
  </spirit:fileSets>
</spirit:component>
