<?xml version="1.0"?>
<!-- edited with XMLSPY v2004 rel. 2 U (http://www.xmlspy.com) by Christophe Amerijckx (STMicroelectronics) -->
<!--
// Description : rgu.xml
// Author : SPIRIT Schema Working Group - Christophe Amerijckx
// Version: 1.2
//
// Copyright (c) 2007 SPIRIT.  All rights reserved.
// www.spiritconsortium.org
//
// THIS WORK FORMS PART OF A SPIRIT CONSORTIUM SPECIFICATION.  
// THIS WORK CONTAINS TRADE SECRETS AND PROPRIETARY INFORMATION 
// WHICH IS THE EXCLUSIVE PROPERTY OF INDIVIDUAL MEMBERS OF THE 
// SPIRIT CONSORTIUM. USE OF THESE MATERIALS ARE GOVERNED BY 
// THE LEGAL TERMS AND CONDITIONS OUTLINED IN THE THE SPIRIT 
// SPECIFICATION DISCLAIMER AVAILABLE FROM
// www.spiritconsortium.org
-->
<spirit:component xmlns:spirit="http://www.spiritconsortium.org/XMLSchema/SPIRIT/1.4" xmlns:xsi="http://www.w3.org/2001/XMLSchema-instance" xsi:schemaLocation="http://www.spiritconsortium.org/XMLSchema/SPIRIT/1.4 http://www.spiritconsortium.org/XMLSchema/SPIRIT/1.4/index.xsd">
  <spirit:vendor>spiritconsortium.org</spirit:vendor>
  <spirit:library>Leon2RTL</spirit:library>
  <spirit:name>rgu</spirit:name>
  <spirit:version>1.2</spirit:version>
  <spirit:busInterfaces>
    <spirit:busInterface>
      <spirit:name>IPClk</spirit:name>
      <spirit:busType spirit:vendor="spiritconsortium.org" spirit:library="busdef.clock" spirit:name="clock" spirit:version="1.0"/>
      <spirit:abstractionType spirit:vendor="spiritconsortium.org" spirit:library="busdef.clock" spirit:name="clock_rtl" spirit:version="1.0"/>
      <spirit:slave/>
      <spirit:portMaps>
        <spirit:portMap>
          <spirit:logicalPort>
            <spirit:name>CLK</spirit:name>
          </spirit:logicalPort>
          <spirit:physicalPort>
            <spirit:name>ipclk</spirit:name>
          </spirit:physicalPort>
        </spirit:portMap>
      </spirit:portMaps>
    </spirit:busInterface>
    <spirit:busInterface>
      <spirit:name>MainReset</spirit:name>
      <spirit:busType spirit:vendor="spiritconsortium.org" spirit:library="busdef.reset" spirit:name="reset" spirit:version="1.0"/>
      <spirit:abstractionType spirit:vendor="spiritconsortium.org" spirit:library="busdef.reset" spirit:name="reset_rtl" spirit:version="1.0"/>
      <spirit:slave/>
      <spirit:portMaps>
        <spirit:portMap>
          <spirit:logicalPort>
            <spirit:name>RESETn</spirit:name>
          </spirit:logicalPort>
          <spirit:physicalPort>
            <spirit:name>rstin_an</spirit:name>
          </spirit:physicalPort>
        </spirit:portMap>
      </spirit:portMaps>
    </spirit:busInterface>
    <spirit:busInterface>
      <spirit:name>APBClk</spirit:name>
      <spirit:busType spirit:vendor="spiritconsortium.org" spirit:library="busdef.clock" spirit:name="clock" spirit:version="1.0"/>
      <spirit:abstractionType spirit:vendor="spiritconsortium.org" spirit:library="busdef.clock" spirit:name="clock_rtl" spirit:version="1.0"/>
      <spirit:slave/>
      <spirit:portMaps>
        <spirit:portMap>
          <spirit:logicalPort>
            <spirit:name>CLK</spirit:name>
          </spirit:logicalPort>
          <spirit:physicalPort>
            <spirit:name>pclk</spirit:name>
          </spirit:physicalPort>
        </spirit:portMap>
      </spirit:portMaps>
    </spirit:busInterface>
    <spirit:busInterface>
      <spirit:name>APBReset</spirit:name>
      <spirit:busType spirit:vendor="spiritconsortium.org" spirit:library="busdef.reset" spirit:name="reset" spirit:version="1.0"/>
      <spirit:abstractionType spirit:vendor="spiritconsortium.org" spirit:library="busdef.reset" spirit:name="reset_rtl" spirit:version="1.0"/>
      <spirit:slave/>
      <spirit:portMaps>
        <spirit:portMap>
          <spirit:logicalPort>
            <spirit:name>RESETn</spirit:name>
          </spirit:logicalPort>
          <spirit:physicalPort>
            <spirit:name>presetn</spirit:name>
          </spirit:physicalPort>
        </spirit:portMap>
      </spirit:portMaps>
    </spirit:busInterface>
    <spirit:busInterface>
      <spirit:name>ambaAPB</spirit:name>
      <spirit:busType spirit:vendor="amba.com" spirit:library="AMBA2" spirit:name="APB" spirit:version="r2p0_4"/>
      <spirit:abstractionType spirit:vendor="amba.com" spirit:library="AMBA2" spirit:name="APB_rtl" spirit:version="r2p0_4"/>
      <spirit:slave>
        <spirit:memoryMapRef spirit:memoryMapRef="ambaAPB"/>
      </spirit:slave>
      <spirit:connectionRequired>true</spirit:connectionRequired>
      <spirit:portMaps>
        <spirit:portMap>
          <spirit:logicalPort>
            <spirit:name>PSELx</spirit:name>
          </spirit:logicalPort>
          <spirit:physicalPort>
            <spirit:name>psel</spirit:name>
          </spirit:physicalPort>
        </spirit:portMap>
        <spirit:portMap>
          <spirit:logicalPort>
            <spirit:name>PENABLE</spirit:name>
          </spirit:logicalPort>
          <spirit:physicalPort>
            <spirit:name>penable</spirit:name>
          </spirit:physicalPort>
        </spirit:portMap>
        <spirit:portMap>
          <spirit:logicalPort>
            <spirit:name>PADDR</spirit:name>
          </spirit:logicalPort>
          <spirit:physicalPort>
            <spirit:name>paddr</spirit:name>
          </spirit:physicalPort>
        </spirit:portMap>
        <spirit:portMap>
          <spirit:logicalPort>
            <spirit:name>PWRITE</spirit:name>
          </spirit:logicalPort>
          <spirit:physicalPort>
            <spirit:name>pwrite</spirit:name>
          </spirit:physicalPort>
        </spirit:portMap>
        <spirit:portMap>
          <spirit:logicalPort>
            <spirit:name>PWDATA</spirit:name>
          </spirit:logicalPort>
          <spirit:physicalPort>
            <spirit:name>pwdata</spirit:name>
          </spirit:physicalPort>
        </spirit:portMap>
        <spirit:portMap>
          <spirit:logicalPort>
            <spirit:name>PRDATA</spirit:name>
          </spirit:logicalPort>
          <spirit:physicalPort>
            <spirit:name>prdata</spirit:name>
          </spirit:physicalPort>
        </spirit:portMap>
        <spirit:portMap>
          <spirit:logicalPort>
            <spirit:name>PCLK</spirit:name>
          </spirit:logicalPort>
          <spirit:physicalPort>
            <spirit:name>pclk</spirit:name>
          </spirit:physicalPort>
        </spirit:portMap>
        <spirit:portMap>
          <spirit:logicalPort>
            <spirit:name>PRESETn</spirit:name>
          </spirit:logicalPort>
          <spirit:physicalPort>
            <spirit:name>presetn</spirit:name>
          </spirit:physicalPort>
        </spirit:portMap>
      </spirit:portMaps>
    </spirit:busInterface>
    <spirit:busInterface>
      <spirit:name>reset0_0</spirit:name>
      <spirit:busType spirit:vendor="spiritconsortium.org" spirit:library="busdef.reset" spirit:name="reset" spirit:version="1.0"/>
      <spirit:abstractionType spirit:vendor="spiritconsortium.org" spirit:library="busdef.reset" spirit:name="reset_rtl" spirit:version="1.0"/>
      <spirit:master/>
      <spirit:portMaps>
        <spirit:portMap>
          <spirit:logicalPort>
            <spirit:name>RESETn</spirit:name>
          </spirit:logicalPort>
          <spirit:physicalPort>
            <spirit:name>rstout_an</spirit:name>
            <spirit:vector>
              <spirit:left>0</spirit:left>
              <spirit:right>0</spirit:right>
            </spirit:vector>
          </spirit:physicalPort>
        </spirit:portMap>
      </spirit:portMaps>
    </spirit:busInterface>
    <spirit:busInterface>
      <spirit:name>reset0_1</spirit:name>
      <spirit:busType spirit:vendor="spiritconsortium.org" spirit:library="busdef.reset" spirit:name="reset" spirit:version="1.0"/>
      <spirit:abstractionType spirit:vendor="spiritconsortium.org" spirit:library="busdef.reset" spirit:name="reset_rtl" spirit:version="1.0"/>
      <spirit:master/>
      <spirit:portMaps>
        <spirit:portMap>
          <spirit:logicalPort>
            <spirit:name>RESETn</spirit:name>
          </spirit:logicalPort>
          <spirit:physicalPort>
            <spirit:name>rstout_an</spirit:name>
            <spirit:vector>
              <spirit:left>0</spirit:left>
              <spirit:right>0</spirit:right>
            </spirit:vector>
          </spirit:physicalPort>
        </spirit:portMap>
      </spirit:portMaps>
    </spirit:busInterface>
    <spirit:busInterface>
      <spirit:name>reset0_2</spirit:name>
      <spirit:busType spirit:vendor="spiritconsortium.org" spirit:library="busdef.reset" spirit:name="reset" spirit:version="1.0"/>
      <spirit:abstractionType spirit:vendor="spiritconsortium.org" spirit:library="busdef.reset" spirit:name="reset_rtl" spirit:version="1.0"/>
      <spirit:master/>
      <spirit:portMaps>
        <spirit:portMap>
          <spirit:logicalPort>
            <spirit:name>RESETn</spirit:name>
          </spirit:logicalPort>
          <spirit:physicalPort>
            <spirit:name>rstout_an</spirit:name>
            <spirit:vector>
              <spirit:left>0</spirit:left>
              <spirit:right>0</spirit:right>
            </spirit:vector>
          </spirit:physicalPort>
        </spirit:portMap>
      </spirit:portMaps>
    </spirit:busInterface>
    <spirit:busInterface>
      <spirit:name>reset0_3</spirit:name>
      <spirit:busType spirit:vendor="spiritconsortium.org" spirit:library="busdef.reset" spirit:name="reset" spirit:version="1.0"/>
      <spirit:abstractionType spirit:vendor="spiritconsortium.org" spirit:library="busdef.reset" spirit:name="reset_rtl" spirit:version="1.0"/>
      <spirit:master/>
      <spirit:portMaps>
        <spirit:portMap>
          <spirit:logicalPort>
            <spirit:name>RESETn</spirit:name>
          </spirit:logicalPort>
          <spirit:physicalPort>
            <spirit:name>rstout_an</spirit:name>
            <spirit:vector>
              <spirit:left>0</spirit:left>
              <spirit:right>0</spirit:right>
            </spirit:vector>
          </spirit:physicalPort>
        </spirit:portMap>
      </spirit:portMaps>
    </spirit:busInterface>
    <spirit:busInterface>
      <spirit:name>reset1_0</spirit:name>
      <spirit:busType spirit:vendor="spiritconsortium.org" spirit:library="busdef.reset" spirit:name="reset" spirit:version="1.0"/>
      <spirit:abstractionType spirit:vendor="spiritconsortium.org" spirit:library="busdef.reset" spirit:name="reset_rtl" spirit:version="1.0"/>
      <spirit:master/>
      <spirit:portMaps>
        <spirit:portMap>
          <spirit:logicalPort>
            <spirit:name>RESETn</spirit:name>
          </spirit:logicalPort>
          <spirit:physicalPort>
            <spirit:name>rstout_an</spirit:name>
            <spirit:vector>
              <spirit:left>1</spirit:left>
              <spirit:right>1</spirit:right>
            </spirit:vector>
          </spirit:physicalPort>
        </spirit:portMap>
      </spirit:portMaps>
    </spirit:busInterface>
    <spirit:busInterface>
      <spirit:name>reset1_1</spirit:name>
      <spirit:busType spirit:vendor="spiritconsortium.org" spirit:library="busdef.reset" spirit:name="reset" spirit:version="1.0"/>
      <spirit:abstractionType spirit:vendor="spiritconsortium.org" spirit:library="busdef.reset" spirit:name="reset_rtl" spirit:version="1.0"/>
      <spirit:master/>
      <spirit:portMaps>
        <spirit:portMap>
          <spirit:logicalPort>
            <spirit:name>RESETn</spirit:name>
          </spirit:logicalPort>
          <spirit:physicalPort>
            <spirit:name>rstout_an</spirit:name>
            <spirit:vector>
              <spirit:left>1</spirit:left>
              <spirit:right>1</spirit:right>
            </spirit:vector>
          </spirit:physicalPort>
        </spirit:portMap>
      </spirit:portMaps>
    </spirit:busInterface>
    <spirit:busInterface>
      <spirit:name>reset2_0</spirit:name>
      <spirit:busType spirit:vendor="spiritconsortium.org" spirit:library="busdef.reset" spirit:name="reset" spirit:version="1.0"/>
      <spirit:abstractionType spirit:vendor="spiritconsortium.org" spirit:library="busdef.reset" spirit:name="reset_rtl" spirit:version="1.0"/>
      <spirit:master/>
      <spirit:portMaps>
        <spirit:portMap>
          <spirit:logicalPort>
            <spirit:name>RESETn</spirit:name>
          </spirit:logicalPort>
          <spirit:physicalPort>
            <spirit:name>rstout_an</spirit:name>
            <spirit:vector>
              <spirit:left>2</spirit:left>
              <spirit:right>2</spirit:right>
            </spirit:vector>
          </spirit:physicalPort>
        </spirit:portMap>
      </spirit:portMaps>
    </spirit:busInterface>
    <spirit:busInterface>
      <spirit:name>reset2_1</spirit:name>
      <spirit:busType spirit:vendor="spiritconsortium.org" spirit:library="busdef.reset" spirit:name="reset" spirit:version="1.0"/>
      <spirit:abstractionType spirit:vendor="spiritconsortium.org" spirit:library="busdef.reset" spirit:name="reset_rtl" spirit:version="1.0"/>
      <spirit:master/>
      <spirit:portMaps>
        <spirit:portMap>
          <spirit:logicalPort>
            <spirit:name>RESETn</spirit:name>
          </spirit:logicalPort>
          <spirit:physicalPort>
            <spirit:name>rstout_an</spirit:name>
            <spirit:vector>
              <spirit:left>2</spirit:left>
              <spirit:right>2</spirit:right>
            </spirit:vector>
          </spirit:physicalPort>
        </spirit:portMap>
      </spirit:portMaps>
    </spirit:busInterface>
    <spirit:busInterface>
      <spirit:name>reset3_0</spirit:name>
      <spirit:busType spirit:vendor="spiritconsortium.org" spirit:library="busdef.reset" spirit:name="reset" spirit:version="1.0"/>
      <spirit:abstractionType spirit:vendor="spiritconsortium.org" spirit:library="busdef.reset" spirit:name="reset_rtl" spirit:version="1.0"/>
      <spirit:master/>
      <spirit:portMaps>
        <spirit:portMap>
          <spirit:logicalPort>
            <spirit:name>RESETn</spirit:name>
          </spirit:logicalPort>
          <spirit:physicalPort>
            <spirit:name>rstout_an</spirit:name>
            <spirit:vector>
              <spirit:left>3</spirit:left>
              <spirit:right>3</spirit:right>
            </spirit:vector>
          </spirit:physicalPort>
        </spirit:portMap>
      </spirit:portMaps>
    </spirit:busInterface>
    <spirit:busInterface>
      <spirit:name>reset3_1</spirit:name>
      <spirit:busType spirit:vendor="spiritconsortium.org" spirit:library="busdef.reset" spirit:name="reset" spirit:version="1.0"/>
      <spirit:abstractionType spirit:vendor="spiritconsortium.org" spirit:library="busdef.reset" spirit:name="reset_rtl" spirit:version="1.0"/>
      <spirit:master/>
      <spirit:portMaps>
        <spirit:portMap>
          <spirit:logicalPort>
            <spirit:name>RESETn</spirit:name>
          </spirit:logicalPort>
          <spirit:physicalPort>
            <spirit:name>rstout_an</spirit:name>
            <spirit:vector>
              <spirit:left>3</spirit:left>
              <spirit:right>3</spirit:right>
            </spirit:vector>
          </spirit:physicalPort>
        </spirit:portMap>
      </spirit:portMaps>
    </spirit:busInterface>
    <spirit:busInterface>
      <spirit:name>reset4_0</spirit:name>
      <spirit:busType spirit:vendor="spiritconsortium.org" spirit:library="busdef.reset" spirit:name="reset" spirit:version="1.0"/>
      <spirit:abstractionType spirit:vendor="spiritconsortium.org" spirit:library="busdef.reset" spirit:name="reset_rtl" spirit:version="1.0"/>
      <spirit:master/>
      <spirit:portMaps>
        <spirit:portMap>
          <spirit:logicalPort>
            <spirit:name>RESETn</spirit:name>
          </spirit:logicalPort>
          <spirit:physicalPort>
            <spirit:name>rstout_an</spirit:name>
            <spirit:vector>
              <spirit:left>4</spirit:left>
              <spirit:right>4</spirit:right>
            </spirit:vector>
          </spirit:physicalPort>
        </spirit:portMap>
      </spirit:portMaps>
    </spirit:busInterface>
    <spirit:busInterface>
      <spirit:name>reset4_1</spirit:name>
      <spirit:busType spirit:vendor="spiritconsortium.org" spirit:library="busdef.reset" spirit:name="reset" spirit:version="1.0"/>
      <spirit:abstractionType spirit:vendor="spiritconsortium.org" spirit:library="busdef.reset" spirit:name="reset_rtl" spirit:version="1.0"/>
      <spirit:master/>
      <spirit:portMaps>
        <spirit:portMap>
          <spirit:logicalPort>
            <spirit:name>RESETn</spirit:name>
          </spirit:logicalPort>
          <spirit:physicalPort>
            <spirit:name>rstout_an</spirit:name>
            <spirit:vector>
              <spirit:left>4</spirit:left>
              <spirit:right>4</spirit:right>
            </spirit:vector>
          </spirit:physicalPort>
        </spirit:portMap>
      </spirit:portMaps>
    </spirit:busInterface>
    <spirit:busInterface>
      <spirit:name>reset5_0</spirit:name>
      <spirit:busType spirit:vendor="spiritconsortium.org" spirit:library="busdef.reset" spirit:name="reset" spirit:version="1.0"/>
      <spirit:abstractionType spirit:vendor="spiritconsortium.org" spirit:library="busdef.reset" spirit:name="reset_rtl" spirit:version="1.0"/>
      <spirit:master/>
      <spirit:portMaps>
        <spirit:portMap>
          <spirit:logicalPort>
            <spirit:name>RESETn</spirit:name>
          </spirit:logicalPort>
          <spirit:physicalPort>
            <spirit:name>rstout_an</spirit:name>
            <spirit:vector>
              <spirit:left>5</spirit:left>
              <spirit:right>5</spirit:right>
            </spirit:vector>
          </spirit:physicalPort>
        </spirit:portMap>
      </spirit:portMaps>
    </spirit:busInterface>
    <spirit:busInterface>
      <spirit:name>reset5_1</spirit:name>
      <spirit:busType spirit:vendor="spiritconsortium.org" spirit:library="busdef.reset" spirit:name="reset" spirit:version="1.0"/>
      <spirit:abstractionType spirit:vendor="spiritconsortium.org" spirit:library="busdef.reset" spirit:name="reset_rtl" spirit:version="1.0"/>
      <spirit:master/>
      <spirit:portMaps>
        <spirit:portMap>
          <spirit:logicalPort>
            <spirit:name>RESETn</spirit:name>
          </spirit:logicalPort>
          <spirit:physicalPort>
            <spirit:name>rstout_an</spirit:name>
            <spirit:vector>
              <spirit:left>5</spirit:left>
              <spirit:right>5</spirit:right>
            </spirit:vector>
          </spirit:physicalPort>
        </spirit:portMap>
      </spirit:portMaps>
    </spirit:busInterface>
    <spirit:busInterface>
      <spirit:name>reset6_0</spirit:name>
      <spirit:busType spirit:vendor="spiritconsortium.org" spirit:library="busdef.reset" spirit:name="reset" spirit:version="1.0"/>
      <spirit:abstractionType spirit:vendor="spiritconsortium.org" spirit:library="busdef.reset" spirit:name="reset_rtl" spirit:version="1.0"/>
      <spirit:master/>
      <spirit:portMaps>
        <spirit:portMap>
          <spirit:logicalPort>
            <spirit:name>RESETn</spirit:name>
          </spirit:logicalPort>
          <spirit:physicalPort>
            <spirit:name>rstout_an</spirit:name>
            <spirit:vector>
              <spirit:left>6</spirit:left>
              <spirit:right>6</spirit:right>
            </spirit:vector>
          </spirit:physicalPort>
        </spirit:portMap>
      </spirit:portMaps>
    </spirit:busInterface>
    <spirit:busInterface>
      <spirit:name>reset6_1</spirit:name>
      <spirit:busType spirit:vendor="spiritconsortium.org" spirit:library="busdef.reset" spirit:name="reset" spirit:version="1.0"/>
      <spirit:abstractionType spirit:vendor="spiritconsortium.org" spirit:library="busdef.reset" spirit:name="reset_rtl" spirit:version="1.0"/>
      <spirit:master/>
      <spirit:portMaps>
        <spirit:portMap>
          <spirit:logicalPort>
            <spirit:name>RESETn</spirit:name>
          </spirit:logicalPort>
          <spirit:physicalPort>
            <spirit:name>rstout_an</spirit:name>
            <spirit:vector>
              <spirit:left>6</spirit:left>
              <spirit:right>6</spirit:right>
            </spirit:vector>
          </spirit:physicalPort>
        </spirit:portMap>
      </spirit:portMaps>
    </spirit:busInterface>
    <spirit:busInterface>
      <spirit:name>reset7_0</spirit:name>
      <spirit:busType spirit:vendor="spiritconsortium.org" spirit:library="busdef.reset" spirit:name="reset" spirit:version="1.0"/>
      <spirit:abstractionType spirit:vendor="spiritconsortium.org" spirit:library="busdef.reset" spirit:name="reset_rtl" spirit:version="1.0"/>
      <spirit:master/>
      <spirit:portMaps>
        <spirit:portMap>
          <spirit:logicalPort>
            <spirit:name>RESETn</spirit:name>
          </spirit:logicalPort>
          <spirit:physicalPort>
            <spirit:name>rstout_an</spirit:name>
            <spirit:vector>
              <spirit:left>7</spirit:left>
              <spirit:right>7</spirit:right>
            </spirit:vector>
          </spirit:physicalPort>
        </spirit:portMap>
      </spirit:portMaps>
    </spirit:busInterface>
    <spirit:busInterface>
      <spirit:name>reset7_1</spirit:name>
      <spirit:busType spirit:vendor="spiritconsortium.org" spirit:library="busdef.reset" spirit:name="reset" spirit:version="1.0"/>
      <spirit:abstractionType spirit:vendor="spiritconsortium.org" spirit:library="busdef.reset" spirit:name="reset_rtl" spirit:version="1.0"/>
      <spirit:master/>
      <spirit:portMaps>
        <spirit:portMap>
          <spirit:logicalPort>
            <spirit:name>RESETn</spirit:name>
          </spirit:logicalPort>
          <spirit:physicalPort>
            <spirit:name>rstout_an</spirit:name>
            <spirit:vector>
              <spirit:left>7</spirit:left>
              <spirit:right>7</spirit:right>
            </spirit:vector>
          </spirit:physicalPort>
        </spirit:portMap>
      </spirit:portMaps>
    </spirit:busInterface>
  </spirit:busInterfaces>
  <spirit:memoryMaps>
    <spirit:memoryMap>
      <spirit:name>ambaAPB</spirit:name>
      <spirit:bank spirit:bankAlignment="serial">
        <spirit:name>defaultid4490635</spirit:name>
        <spirit:baseAddress>0</spirit:baseAddress>
        <spirit:addressBlock>
          <spirit:name>resetDelays</spirit:name>
          <spirit:range spirit:format="long">32</spirit:range>
          <spirit:width spirit:format="long">32</spirit:width>
          <spirit:usage>register</spirit:usage>
          <spirit:volatile>false</spirit:volatile>
          <spirit:access>read-only</spirit:access>
          <spirit:register>
            <spirit:name>reset0Delay</spirit:name>
            <spirit:addressOffset>0x0</spirit:addressOffset>
            <spirit:size>32</spirit:size>
            <spirit:volatile>false</spirit:volatile>
            <spirit:access>read-only</spirit:access>
            <spirit:reset>
              <spirit:value>0x0</spirit:value>
            </spirit:reset>
            <spirit:field>
              <spirit:name>Reserved</spirit:name>
              <spirit:description>Reserved</spirit:description>
              <spirit:bitOffset>8</spirit:bitOffset>
              <spirit:bitWidth>24</spirit:bitWidth>
              <spirit:access>read-only</spirit:access>
            </spirit:field>
            <spirit:field>
              <spirit:name>delay</spirit:name>
              <spirit:description>Delay value for reset 0, 0=no delay, 1=delay by 1 ipclk, 2=delay by 2 ipclk, ...</spirit:description>
              <spirit:bitOffset>0</spirit:bitOffset>
              <spirit:bitWidth>8</spirit:bitWidth>
              <spirit:access>read-only</spirit:access>
            </spirit:field>
          </spirit:register>
          <spirit:register>
            <spirit:name>reset1Delay</spirit:name>
            <spirit:addressOffset>0x4</spirit:addressOffset>
            <spirit:size>32</spirit:size>
            <spirit:volatile>false</spirit:volatile>
            <spirit:access>read-only</spirit:access>
            <spirit:reset>
              <spirit:value>0x1</spirit:value>
            </spirit:reset>
            <spirit:field>
              <spirit:name>Reserved</spirit:name>
              <spirit:description>Reserved</spirit:description>
              <spirit:bitOffset>8</spirit:bitOffset>
              <spirit:bitWidth>24</spirit:bitWidth>
              <spirit:access>read-only</spirit:access>
            </spirit:field>
            <spirit:field>
              <spirit:name>delay</spirit:name>
              <spirit:description>Delay value for reset 1, 0=no delay, 1=delay by 1 ipclk, 2=delay by 2 ipclk, ...</spirit:description>
              <spirit:bitOffset>0</spirit:bitOffset>
              <spirit:bitWidth>8</spirit:bitWidth>
              <spirit:access>read-only</spirit:access>
            </spirit:field>
          </spirit:register>
          <spirit:register>
            <spirit:name>reset2Delay</spirit:name>
            <spirit:addressOffset>0x8</spirit:addressOffset>
            <spirit:size>32</spirit:size>
            <spirit:volatile>false</spirit:volatile>
            <spirit:access>read-only</spirit:access>
            <spirit:reset>
              <spirit:value>0x2</spirit:value>
            </spirit:reset>
            <spirit:field>
              <spirit:name>Reserved</spirit:name>
              <spirit:description>Reserved</spirit:description>
              <spirit:bitOffset>8</spirit:bitOffset>
              <spirit:bitWidth>24</spirit:bitWidth>
              <spirit:access>read-only</spirit:access>
            </spirit:field>
            <spirit:field>
              <spirit:name>delay</spirit:name>
              <spirit:description>Delay value for reset 2, 0=no delay, 1=delay by 1 ipclk, 2=delay by 2 ipclk, ...</spirit:description>
              <spirit:bitOffset>0</spirit:bitOffset>
              <spirit:bitWidth>8</spirit:bitWidth>
              <spirit:access>read-only</spirit:access>
            </spirit:field>
          </spirit:register>
          <spirit:register>
            <spirit:name>reset3Delay</spirit:name>
            <spirit:addressOffset>0xC</spirit:addressOffset>
            <spirit:size>32</spirit:size>
            <spirit:volatile>false</spirit:volatile>
            <spirit:access>read-only</spirit:access>
            <spirit:reset>
              <spirit:value>0x4</spirit:value>
            </spirit:reset>
            <spirit:field>
              <spirit:name>Reserved</spirit:name>
              <spirit:description>Reserved</spirit:description>
              <spirit:bitOffset>8</spirit:bitOffset>
              <spirit:bitWidth>24</spirit:bitWidth>
              <spirit:access>read-only</spirit:access>
            </spirit:field>
            <spirit:field>
              <spirit:name>delay</spirit:name>
              <spirit:description>Delay value for reset 3, 0=no delay, 1=delay by 1 ipclk, 2=delay by 2 ipclk, ...</spirit:description>
              <spirit:bitOffset>0</spirit:bitOffset>
              <spirit:bitWidth>8</spirit:bitWidth>
              <spirit:access>read-only</spirit:access>
            </spirit:field>
          </spirit:register>
          <spirit:register>
            <spirit:name>reset4Delay</spirit:name>
            <spirit:addressOffset>0x10</spirit:addressOffset>
            <spirit:size>32</spirit:size>
            <spirit:volatile>false</spirit:volatile>
            <spirit:access>read-only</spirit:access>
            <spirit:reset>
              <spirit:value>0x8</spirit:value>
            </spirit:reset>
            <spirit:field>
              <spirit:name>Reserved</spirit:name>
              <spirit:description>Reserved</spirit:description>
              <spirit:bitOffset>8</spirit:bitOffset>
              <spirit:bitWidth>24</spirit:bitWidth>
              <spirit:access>read-only</spirit:access>
            </spirit:field>
            <spirit:field>
              <spirit:name>delay</spirit:name>
              <spirit:description>Delay value for reset 4, 0=no delay, 1=delay by 1 ipclk, 2=delay by 2 ipclk, ...</spirit:description>
              <spirit:bitOffset>0</spirit:bitOffset>
              <spirit:bitWidth>8</spirit:bitWidth>
              <spirit:access>read-only</spirit:access>
            </spirit:field>
          </spirit:register>
          <spirit:register>
            <spirit:name>reset5Delay</spirit:name>
            <spirit:addressOffset>0x14</spirit:addressOffset>
            <spirit:size>32</spirit:size>
            <spirit:volatile>false</spirit:volatile>
            <spirit:access>read-only</spirit:access>
            <spirit:reset>
              <spirit:value>0x10</spirit:value>
            </spirit:reset>
            <spirit:field>
              <spirit:name>Reserved</spirit:name>
              <spirit:description>Reserved</spirit:description>
              <spirit:bitOffset>8</spirit:bitOffset>
              <spirit:bitWidth>24</spirit:bitWidth>
              <spirit:access>read-only</spirit:access>
            </spirit:field>
            <spirit:field>
              <spirit:name>delay</spirit:name>
              <spirit:description>Delay value for reset 5, 0=no delay, 1=delay by 1 ipclk, 2=delay by 2 ipclk, ...</spirit:description>
              <spirit:bitOffset>0</spirit:bitOffset>
              <spirit:bitWidth>8</spirit:bitWidth>
              <spirit:access>read-only</spirit:access>
            </spirit:field>
          </spirit:register>
          <spirit:register>
            <spirit:name>reset6Delay</spirit:name>
            <spirit:addressOffset>0x18</spirit:addressOffset>
            <spirit:size>32</spirit:size>
            <spirit:volatile>false</spirit:volatile>
            <spirit:access>read-only</spirit:access>
            <spirit:reset>
              <spirit:value>0x20</spirit:value>
            </spirit:reset>
            <spirit:field>
              <spirit:name>Reserved</spirit:name>
              <spirit:description>Reserved</spirit:description>
              <spirit:bitOffset>8</spirit:bitOffset>
              <spirit:bitWidth>24</spirit:bitWidth>
              <spirit:access>read-only</spirit:access>
            </spirit:field>
            <spirit:field>
              <spirit:name>delay</spirit:name>
              <spirit:description>Delay value for reset 6, 0=no delay, 1=delay by 1 ipclk, 2=delay by 2 ipclk, ...</spirit:description>
              <spirit:bitOffset>0</spirit:bitOffset>
              <spirit:bitWidth>8</spirit:bitWidth>
              <spirit:access>read-only</spirit:access>
            </spirit:field>
          </spirit:register>
          <spirit:register>
            <spirit:name>reset7Delay</spirit:name>
            <spirit:addressOffset>0x1C</spirit:addressOffset>
            <spirit:size>32</spirit:size>
            <spirit:volatile>false</spirit:volatile>
            <spirit:access>read-only</spirit:access>
            <spirit:reset>
              <spirit:value>0x40</spirit:value>
            </spirit:reset>
            <spirit:field>
              <spirit:name>Reserved</spirit:name>
              <spirit:description>Reserved</spirit:description>
              <spirit:bitOffset>8</spirit:bitOffset>
              <spirit:bitWidth>24</spirit:bitWidth>
              <spirit:access>read-only</spirit:access>
            </spirit:field>
            <spirit:field>
              <spirit:name>delay</spirit:name>
              <spirit:description>Delay value for reset 7, 0=no delay, 1=delay by 1 ipclk, 2=delay by 2 ipclk, ...</spirit:description>
              <spirit:bitOffset>0</spirit:bitOffset>
              <spirit:bitWidth>8</spirit:bitWidth>
              <spirit:access>read-only</spirit:access>
            </spirit:field>
          </spirit:register>
        </spirit:addressBlock>
        <spirit:addressBlock>
          <spirit:name>EEPROM</spirit:name>
          <spirit:range spirit:format="long">32</spirit:range>
          <spirit:width spirit:format="long">32</spirit:width>
          <spirit:usage>register</spirit:usage>
          <spirit:volatile>false</spirit:volatile>
          <spirit:access>read-write</spirit:access>
          <spirit:register>
            <spirit:name>eeprom</spirit:name>
            <spirit:dim>8</spirit:dim>
            <spirit:addressOffset>0x0</spirit:addressOffset>
            <spirit:size>32</spirit:size>
            <spirit:volatile>false</spirit:volatile>
            <spirit:access>read-write</spirit:access>
            <spirit:reset>
              <spirit:value>0x0</spirit:value>
            </spirit:reset>
            <spirit:field>
              <spirit:name>data</spirit:name>
              <spirit:description>Scratch memory, EEPROM</spirit:description>
              <spirit:bitOffset>0</spirit:bitOffset>
              <spirit:bitWidth>32</spirit:bitWidth>
              <spirit:access>read-write</spirit:access>
            </spirit:field>
          </spirit:register>
        </spirit:addressBlock>
        <spirit:addressBlock>
          <spirit:name>Reserved</spirit:name>
          <spirit:range spirit:format="long">4028</spirit:range>
          <spirit:width spirit:format="long">32</spirit:width>
          <spirit:usage>reserved</spirit:usage>
          <spirit:volatile>false</spirit:volatile>
          <spirit:access>read-only</spirit:access>
        </spirit:addressBlock>
        <spirit:addressBlock>
          <spirit:name>idAddressBlock</spirit:name>
          <spirit:range spirit:format="long">4</spirit:range>
          <spirit:width spirit:format="long">32</spirit:width>
          <spirit:usage>register</spirit:usage>
          <spirit:volatile>false</spirit:volatile>
          <spirit:access>read-only</spirit:access>
          <spirit:register>
            <spirit:name>IDReg</spirit:name>
            <spirit:description>ID register</spirit:description>
            <spirit:addressOffset>0x0</spirit:addressOffset>
            <spirit:size>32</spirit:size>
            <spirit:access>read-only</spirit:access>
            <spirit:reset>
              <spirit:value>0x00000D01</spirit:value>
            </spirit:reset>
            <spirit:field>
              <spirit:name>ID</spirit:name>
              <spirit:description>ID Field</spirit:description>
              <spirit:bitOffset>0</spirit:bitOffset>
              <spirit:bitWidth>32</spirit:bitWidth>
              <spirit:access>read-only</spirit:access>
            </spirit:field>
          </spirit:register>
        </spirit:addressBlock>
      </spirit:bank>
    </spirit:memoryMap>
  </spirit:memoryMaps>
  <spirit:model>
    <spirit:views>
      <spirit:view>
        <spirit:name>vhdlsource</spirit:name>
        <spirit:envIdentifier>:modelsim.mentor.com:</spirit:envIdentifier>
        <spirit:envIdentifier>:ncsim.cadence.com:</spirit:envIdentifier>
        <spirit:envIdentifier>:vcs.synopsys.com:</spirit:envIdentifier>
        <spirit:envIdentifier>:designcompiler.synopsys.com:</spirit:envIdentifier>
        <spirit:language>vhdl</spirit:language>
        <spirit:modelName>rgu(rtl)</spirit:modelName>
        <spirit:fileSetRef>fs-vhdlSource</spirit:fileSetRef>
      </spirit:view>
    </spirit:views>
    <spirit:ports>
      <spirit:port>
        <spirit:name>pclk</spirit:name>
        <spirit:wire>
          <spirit:direction>in</spirit:direction>
        </spirit:wire>
      </spirit:port>
      <spirit:port>
        <spirit:name>presetn</spirit:name>
        <spirit:wire>
          <spirit:direction>in</spirit:direction>
        </spirit:wire>
      </spirit:port>
      <spirit:port>
        <spirit:name>psel</spirit:name>
        <spirit:wire>
          <spirit:direction>in</spirit:direction>
        </spirit:wire>
      </spirit:port>
      <spirit:port>
        <spirit:name>penable</spirit:name>
        <spirit:wire>
          <spirit:direction>in</spirit:direction>
        </spirit:wire>
      </spirit:port>
      <spirit:port>
        <spirit:name>paddr</spirit:name>
        <spirit:wire>
          <spirit:direction>in</spirit:direction>
          <spirit:vector>
            <spirit:left>11</spirit:left>
            <spirit:right>0</spirit:right>
          </spirit:vector>
        </spirit:wire>
      </spirit:port>
      <spirit:port>
        <spirit:name>pwrite</spirit:name>
        <spirit:wire>
          <spirit:direction>in</spirit:direction>
        </spirit:wire>
      </spirit:port>
      <spirit:port>
        <spirit:name>pwdata</spirit:name>
        <spirit:wire>
          <spirit:direction>in</spirit:direction>
          <spirit:vector>
            <spirit:left>31</spirit:left>
            <spirit:right>0</spirit:right>
          </spirit:vector>
        </spirit:wire>
      </spirit:port>
      <spirit:port>
        <spirit:name>prdata</spirit:name>
        <spirit:wire>
          <spirit:direction>out</spirit:direction>
          <spirit:vector>
            <spirit:left>31</spirit:left>
            <spirit:right>0</spirit:right>
          </spirit:vector>
        </spirit:wire>
      </spirit:port>
      <spirit:port>
        <spirit:name>ipclk</spirit:name>
        <spirit:wire>
          <spirit:direction>in</spirit:direction>
          <spirit:driver>
            <spirit:clockDriver spirit:clockName="ipclk">
              <spirit:clockPeriod spirit:id="ClockPeriod" spirit:prompt="Clock Pulse Period:" spirit:resolve="user">100</spirit:clockPeriod>
              <spirit:clockPulseOffset spirit:id="ClockPulseOffset" spirit:prompt="Clock Pulse Offset:" spirit:resolve="user">50</spirit:clockPulseOffset>
              <spirit:clockPulseValue spirit:id="ClockPulseValue" spirit:prompt="Clock Pulse Value:" spirit:resolve="user">1</spirit:clockPulseValue>
              <spirit:clockPulseDuration spirit:id="ClockPulseDuration" spirit:prompt="Clock Pulse Duration:" spirit:resolve="user">50</spirit:clockPulseDuration>
            </spirit:clockDriver>
          </spirit:driver>
        </spirit:wire>
      </spirit:port>
      <spirit:port>
        <spirit:name>rstin_an</spirit:name>
        <spirit:wire>
          <spirit:direction>in</spirit:direction>
          <spirit:driver>
            <spirit:singleShotDriver>
              <spirit:singleShotOffset>500</spirit:singleShotOffset>
              <spirit:singleShotValue>1</spirit:singleShotValue>
              <spirit:singleShotDuration>1000</spirit:singleShotDuration>
            </spirit:singleShotDriver>
          </spirit:driver>
        </spirit:wire>
      </spirit:port>
      <spirit:port>
        <spirit:name>rstout_an</spirit:name>
        <spirit:wire>
          <spirit:direction>out</spirit:direction>
          <spirit:vector>
            <spirit:left>7</spirit:left>
            <spirit:right>0</spirit:right>
          </spirit:vector>
        </spirit:wire>
      </spirit:port>
    </spirit:ports>
    <spirit:modelParameters>
      <spirit:modelParameter spirit:dataType="integer">
        <spirit:name>delay0</spirit:name>
        <spirit:value spirit:resolve="user" spirit:id="delay0" spirit:minimum="0" spirit:maximum="255" spirit:rangeType="unsigned int" spirit:configGroups="requiredConfig" spirit:format="long" spirit:prompt="Delay for reset output 0 (reset value in XML will be incorrrect if any of these are changed)">0</spirit:value>
      </spirit:modelParameter>
      <spirit:modelParameter spirit:dataType="integer">
        <spirit:name>delay1</spirit:name>
        <spirit:value spirit:resolve="user" spirit:id="delay1" spirit:minimum="0" spirit:maximum="255" spirit:rangeType="unsigned int" spirit:configGroups="requiredConfig" spirit:format="long" spirit:prompt="Delay for reset output 1">1</spirit:value>
      </spirit:modelParameter>
      <spirit:modelParameter spirit:dataType="integer">
        <spirit:name>delay2</spirit:name>
        <spirit:value spirit:resolve="user" spirit:id="delay2" spirit:minimum="0" spirit:maximum="255" spirit:rangeType="unsigned int" spirit:configGroups="requiredConfig" spirit:format="long" spirit:prompt="Delay for reset output 2">2</spirit:value>
      </spirit:modelParameter>
      <spirit:modelParameter spirit:dataType="integer">
        <spirit:name>delay3</spirit:name>
        <spirit:value spirit:resolve="user" spirit:id="delay3" spirit:minimum="0" spirit:maximum="255" spirit:rangeType="unsigned int" spirit:configGroups="requiredConfig" spirit:format="long" spirit:prompt="Delay for reset output 3">4</spirit:value>
      </spirit:modelParameter>
      <spirit:modelParameter spirit:dataType="integer">
        <spirit:name>delay4</spirit:name>
        <spirit:value spirit:resolve="user" spirit:id="delay4" spirit:minimum="0" spirit:maximum="255" spirit:rangeType="unsigned int" spirit:configGroups="requiredConfig" spirit:format="long" spirit:prompt="Delay for reset output 4">8</spirit:value>
      </spirit:modelParameter>
      <spirit:modelParameter spirit:dataType="integer">
        <spirit:name>delay5</spirit:name>
        <spirit:value spirit:resolve="user" spirit:id="delay5" spirit:minimum="0" spirit:maximum="255" spirit:rangeType="unsigned int" spirit:configGroups="requiredConfig" spirit:format="long" spirit:prompt="Delay for reset output 5">0x10</spirit:value>
      </spirit:modelParameter>
      <spirit:modelParameter spirit:dataType="integer">
        <spirit:name>delay6</spirit:name>
        <spirit:value spirit:resolve="user" spirit:id="delay6" spirit:minimum="0" spirit:maximum="255" spirit:rangeType="unsigned int" spirit:configGroups="requiredConfig" spirit:format="long" spirit:prompt="Delay for reset output 6">0x20</spirit:value>
      </spirit:modelParameter>
      <spirit:modelParameter spirit:dataType="integer">
        <spirit:name>delay7</spirit:name>
        <spirit:value spirit:resolve="user" spirit:id="delay7" spirit:minimum="0" spirit:maximum="255" spirit:rangeType="unsigned int" spirit:configGroups="requiredConfig" spirit:format="long" spirit:prompt="Delay for reset output 7">0x40</spirit:value>
      </spirit:modelParameter>
    </spirit:modelParameters>
  </spirit:model>
  <spirit:fileSets>
    <spirit:fileSet>
      <spirit:name>fs-vhdlSource</spirit:name>
      <spirit:file>
        <spirit:name>hdlsrc/rgu.vhd</spirit:name>
        <spirit:fileType>vhdlSource</spirit:fileType>
        <spirit:logicalName>rgu_lib</spirit:logicalName>
      </spirit:file>
    </spirit:fileSet>
  </spirit:fileSets>
</spirit:component>
