<?xml version="1.0"?>
<spirit:design xmlns:spirit="http://www.spiritconsortium.org/XMLSchema/SPIRIT/1.4" xmlns:xsi="http://www.w3.org/2001/XMLSchema-instance" xsi:schemaLocation="http://www.spiritconsortium.org/XMLSchema/SPIRIT/1.4 http://www.spiritconsortium.org/XMLSchema/SPIRIT/1.4/index.xsd">
  <spirit:vendor>spiritconsortium.org</spirit:vendor>
  <spirit:library>Leon2RTL</spirit:library>
  <spirit:name>design_apbSubSystem</spirit:name>
  <spirit:version>2.0</spirit:version>
  <spirit:componentInstances>
    <spirit:componentInstance>
      <spirit:instanceName>i_apbbus9</spirit:instanceName>
      <spirit:componentRef spirit:vendor="spiritconsortium.org" spirit:library="Leon2RTL" spirit:name="apbbus9" spirit:version="1.2"/>
      <spirit:configurableElementValues>
        <spirit:configurableElementValue spirit:referenceId="rangeSlv0">4096</spirit:configurableElementValue>
        <spirit:configurableElementValue spirit:referenceId="rangeSlv1">4096</spirit:configurableElementValue>
        <spirit:configurableElementValue spirit:referenceId="rangeSlv2">4096</spirit:configurableElementValue>
        <spirit:configurableElementValue spirit:referenceId="rangeSlv3">4096</spirit:configurableElementValue>
        <spirit:configurableElementValue spirit:referenceId="rangeSlv4">4096</spirit:configurableElementValue>
        <spirit:configurableElementValue spirit:referenceId="rangeSlv5">4096</spirit:configurableElementValue>
        <spirit:configurableElementValue spirit:referenceId="rangeSlv6">4096</spirit:configurableElementValue>
        <spirit:configurableElementValue spirit:referenceId="rangeSlv7">4096</spirit:configurableElementValue>
        <spirit:configurableElementValue spirit:referenceId="rangeSlv8">4096</spirit:configurableElementValue>
        <spirit:configurableElementValue spirit:referenceId="remapAddressSlv0">0x0</spirit:configurableElementValue>
        <spirit:configurableElementValue spirit:referenceId="remapAddressSlv1">0x1000</spirit:configurableElementValue>
        <spirit:configurableElementValue spirit:referenceId="remapAddressSlv2">0x2000</spirit:configurableElementValue>
        <spirit:configurableElementValue spirit:referenceId="remapAddressSlv3">0x3000</spirit:configurableElementValue>
        <spirit:configurableElementValue spirit:referenceId="remapAddressSlv4">0x4000</spirit:configurableElementValue>
        <spirit:configurableElementValue spirit:referenceId="remapAddressSlv5">0x5000</spirit:configurableElementValue>
        <spirit:configurableElementValue spirit:referenceId="remapAddressSlv6">0x6000</spirit:configurableElementValue>
        <spirit:configurableElementValue spirit:referenceId="remapAddressSlv7">0x7000</spirit:configurableElementValue>
        <spirit:configurableElementValue spirit:referenceId="remapAddressSlv8">0x8000</spirit:configurableElementValue>
      </spirit:configurableElementValues>
    </spirit:componentInstance>
    <spirit:componentInstance>
      <spirit:instanceName>i_apbmst</spirit:instanceName>
      <spirit:componentRef spirit:vendor="spiritconsortium.org" spirit:library="Leon2RTL" spirit:name="apbmst" spirit:version="1.2"/>
      <spirit:configurableElementValues>
        <spirit:configurableElementValue spirit:referenceId="masterRange">1M</spirit:configurableElementValue>
      </spirit:configurableElementValues>
    </spirit:componentInstance>
    <spirit:componentInstance>
      <spirit:instanceName>i_irqctrl</spirit:instanceName>
      <spirit:componentRef spirit:vendor="spiritconsortium.org" spirit:library="Leon2RTL" spirit:name="irqctrl" spirit:version="1.2"/>
    </spirit:componentInstance>
    <spirit:componentInstance>
      <spirit:instanceName>i_timers</spirit:instanceName>
      <spirit:componentRef spirit:vendor="spiritconsortium.org" spirit:library="Leon2RTL" spirit:name="timers" spirit:version="1.2"/>
      <spirit:configurableElementValues>
        <spirit:configurableElementValue spirit:referenceId="TPRESC">22</spirit:configurableElementValue>
      </spirit:configurableElementValues>
    </spirit:componentInstance>
    <spirit:componentInstance>
      <spirit:instanceName>i_uart</spirit:instanceName>
      <spirit:componentRef spirit:vendor="spiritconsortium.org" spirit:library="Leon2RTL" spirit:name="uart" spirit:version="1.2"/>
      <spirit:configurableElementValues>
        <spirit:configurableElementValue spirit:referenceId="ClockPeriod">8</spirit:configurableElementValue>
        <spirit:configurableElementValue spirit:referenceId="ClockPulseDuration">4</spirit:configurableElementValue>
        <spirit:configurableElementValue spirit:referenceId="ClockPulseOffset">4</spirit:configurableElementValue>
        <spirit:configurableElementValue spirit:referenceId="ClockPulseValue">1</spirit:configurableElementValue>
        <spirit:configurableElementValue spirit:referenceId="EXTBAUD">false</spirit:configurableElementValue>
        <spirit:configurableElementValue spirit:referenceId="VirtualClockPeriod">8</spirit:configurableElementValue>
        <spirit:configurableElementValue spirit:referenceId="VirtualClockPulseDuration">4</spirit:configurableElementValue>
        <spirit:configurableElementValue spirit:referenceId="VirtualClockPulseOffset">4</spirit:configurableElementValue>
        <spirit:configurableElementValue spirit:referenceId="VirtualClockPulseValue">1</spirit:configurableElementValue>
      </spirit:configurableElementValues>
    </spirit:componentInstance>
    <spirit:componentInstance>
      <spirit:instanceName>i_uart_1</spirit:instanceName>
      <spirit:componentRef spirit:vendor="spiritconsortium.org" spirit:library="Leon2RTL" spirit:name="uart" spirit:version="1.2"/>
      <spirit:configurableElementValues>
        <spirit:configurableElementValue spirit:referenceId="ClockPeriod">8</spirit:configurableElementValue>
        <spirit:configurableElementValue spirit:referenceId="ClockPulseDuration">4</spirit:configurableElementValue>
        <spirit:configurableElementValue spirit:referenceId="ClockPulseOffset">4</spirit:configurableElementValue>
        <spirit:configurableElementValue spirit:referenceId="ClockPulseValue">1</spirit:configurableElementValue>
        <spirit:configurableElementValue spirit:referenceId="EXTBAUD">false</spirit:configurableElementValue>
        <spirit:configurableElementValue spirit:referenceId="id_OutputFileName">default.htm</spirit:configurableElementValue>
        <spirit:configurableElementValue spirit:referenceId="VirtualClockPeriod">8</spirit:configurableElementValue>
        <spirit:configurableElementValue spirit:referenceId="VirtualClockPulseDuration">4</spirit:configurableElementValue>
        <spirit:configurableElementValue spirit:referenceId="VirtualClockPulseOffset">4</spirit:configurableElementValue>
        <spirit:configurableElementValue spirit:referenceId="VirtualClockPulseValue">1</spirit:configurableElementValue>
      </spirit:configurableElementValues>
    </spirit:componentInstance>
    <spirit:componentInstance>
      <spirit:instanceName>i_uartcrosser</spirit:instanceName>
      <spirit:componentRef spirit:vendor="spiritconsortium.org" spirit:library="Leon2RTL" spirit:name="uartcrosser" spirit:version="1.2"/>
      <spirit:configurableElementValues>
        <spirit:configurableElementValue spirit:referenceId="ScalerValue">0x1</spirit:configurableElementValue>
      </spirit:configurableElementValues>
    </spirit:componentInstance>
  </spirit:componentInstances>
  <spirit:interconnections>
    <spirit:interconnection>
      <spirit:name>defaultid4490161</spirit:name>
      <spirit:activeInterface spirit:componentRef="i_apbmst" spirit:busRef="ambaAPB"/>
      <spirit:activeInterface spirit:componentRef="i_apbbus9" spirit:busRef="MirroredMaster"/>
    </spirit:interconnection>
    <spirit:interconnection>
      <spirit:name>defaultid4490178</spirit:name>
      <spirit:activeInterface spirit:componentRef="i_irqctrl" spirit:busRef="ambaAPB"/>
      <spirit:activeInterface spirit:componentRef="i_apbbus9" spirit:busRef="MirroredSlave0"/>
    </spirit:interconnection>
    <spirit:interconnection>
      <spirit:name>defaultid4490194</spirit:name>
      <spirit:activeInterface spirit:componentRef="i_timers" spirit:busRef="ambaAPB"/>
      <spirit:activeInterface spirit:componentRef="i_apbbus9" spirit:busRef="MirroredSlave1"/>
    </spirit:interconnection>
    <spirit:interconnection>
      <spirit:name>defaultid4490211</spirit:name>
      <spirit:activeInterface spirit:componentRef="i_uart" spirit:busRef="ambaAPB"/>
      <spirit:activeInterface spirit:componentRef="i_apbbus9" spirit:busRef="MirroredSlave2"/>
    </spirit:interconnection>
    <spirit:interconnection>
      <spirit:name>defaultid4490228</spirit:name>
      <spirit:activeInterface spirit:componentRef="i_uart_1" spirit:busRef="ambaAPB"/>
      <spirit:activeInterface spirit:componentRef="i_apbbus9" spirit:busRef="MirroredSlave3"/>
    </spirit:interconnection>
    <spirit:interconnection>
      <spirit:name>defaultid4490244</spirit:name>
      <spirit:activeInterface spirit:componentRef="i_irqctrl" spirit:busRef="SlaveInt1"/>
      <spirit:activeInterface spirit:componentRef="i_timers" spirit:busRef="Int0"/>
    </spirit:interconnection>
    <spirit:interconnection>
      <spirit:name>defaultid4490261</spirit:name>
      <spirit:activeInterface spirit:componentRef="i_irqctrl" spirit:busRef="SlaveInt2"/>
      <spirit:activeInterface spirit:componentRef="i_timers" spirit:busRef="Int1"/>
    </spirit:interconnection>
    <spirit:interconnection>
      <spirit:name>defaultid4490278</spirit:name>
      <spirit:activeInterface spirit:componentRef="i_irqctrl" spirit:busRef="SlaveInt0"/>
      <spirit:activeInterface spirit:componentRef="i_uart" spirit:busRef="Interrupt"/>
    </spirit:interconnection>
    <spirit:interconnection>
      <spirit:name>defaultid4490294</spirit:name>
      <spirit:activeInterface spirit:componentRef="i_irqctrl" spirit:busRef="SlaveInt3"/>
      <spirit:activeInterface spirit:componentRef="i_uart_1" spirit:busRef="Interrupt"/>
    </spirit:interconnection>
    <spirit:interconnection>
      <spirit:name>defaultid4490311</spirit:name>
      <spirit:activeInterface spirit:componentRef="i_uart" spirit:busRef="serial"/>
      <spirit:activeInterface spirit:componentRef="i_uartcrosser" spirit:busRef="Uart0"/>
    </spirit:interconnection>
    <spirit:interconnection>
      <spirit:name>defaultid4490327</spirit:name>
      <spirit:activeInterface spirit:componentRef="i_uart_1" spirit:busRef="serial"/>
      <spirit:activeInterface spirit:componentRef="i_uartcrosser" spirit:busRef="Uart1"/>
    </spirit:interconnection>
  </spirit:interconnections>
  <spirit:adHocConnections>
    <spirit:adHocConnection>
      <spirit:name>id4490347</spirit:name>
      <spirit:internalPortReference spirit:componentRef="i_uart_1" spirit:portRef="scaler" spirit:left="7" spirit:right="0"/>
      <spirit:internalPortReference spirit:componentRef="i_uart" spirit:portRef="scaler" spirit:left="7" spirit:right="0"/>
      <spirit:internalPortReference spirit:componentRef="i_uartcrosser" spirit:portRef="scaler" spirit:left="7" spirit:right="0"/>
    </spirit:adHocConnection>
    <spirit:adHocConnection spirit:tiedValue="1">
      <spirit:name>logic_one</spirit:name>
      <spirit:internalPortReference spirit:componentRef="i_timers" spirit:portRef="freezetime"/>
    </spirit:adHocConnection>
    <spirit:adHocConnection spirit:tiedValue="0">
      <spirit:name>logic_zero</spirit:name>
      <spirit:internalPortReference spirit:componentRef="i_irqctrl" spirit:portRef="irq" spirit:left="14" spirit:right="14"/>
      <spirit:internalPortReference spirit:componentRef="i_irqctrl" spirit:portRef="irq" spirit:left="13" spirit:right="13"/>
      <spirit:internalPortReference spirit:componentRef="i_irqctrl" spirit:portRef="irq" spirit:left="12" spirit:right="12"/>
      <spirit:internalPortReference spirit:componentRef="i_irqctrl" spirit:portRef="irq" spirit:left="11" spirit:right="11"/>
      <spirit:internalPortReference spirit:componentRef="i_irqctrl" spirit:portRef="irq" spirit:left="10" spirit:right="10"/>
      <spirit:internalPortReference spirit:componentRef="i_irqctrl" spirit:portRef="irq" spirit:left="9" spirit:right="9"/>
      <spirit:internalPortReference spirit:componentRef="i_irqctrl" spirit:portRef="irq" spirit:left="8" spirit:right="8"/>
      <spirit:internalPortReference spirit:componentRef="i_irqctrl" spirit:portRef="irq" spirit:left="7" spirit:right="7"/>
      <spirit:internalPortReference spirit:componentRef="i_timers" spirit:portRef="ntrace"/>
      <spirit:internalPortReference spirit:componentRef="i_timers" spirit:portRef="lresp"/>
      <spirit:internalPortReference spirit:componentRef="i_timers" spirit:portRef="dsuen"/>
      <spirit:internalPortReference spirit:componentRef="i_timers" spirit:portRef="dsubre"/>
      <spirit:internalPortReference spirit:componentRef="i_timers" spirit:portRef="dsuact"/>
      <spirit:internalPortReference spirit:componentRef="i_timers" spirit:portRef="dresp"/>
    </spirit:adHocConnection>
  </spirit:adHocConnections>
  <spirit:hierConnections>
    <spirit:hierConnection spirit:interfaceRef="i_apbbus_slv4">
      <spirit:activeInterface spirit:componentRef="i_apbbus9" spirit:busRef="MirroredSlave4"/>
    </spirit:hierConnection>
    <spirit:hierConnection spirit:interfaceRef="APBClk_0">
      <spirit:activeInterface spirit:componentRef="i_timers" spirit:busRef="APBClk"/>
    </spirit:hierConnection>
    <spirit:hierConnection spirit:interfaceRef="APBClk_1">
      <spirit:activeInterface spirit:componentRef="i_uart" spirit:busRef="APBClk"/>
    </spirit:hierConnection>
    <spirit:hierConnection spirit:interfaceRef="APBClk_2">
      <spirit:activeInterface spirit:componentRef="i_uart_1" spirit:busRef="APBClk"/>
    </spirit:hierConnection>
    <spirit:hierConnection spirit:interfaceRef="APBClk_3">
      <spirit:activeInterface spirit:componentRef="i_irqctrl" spirit:busRef="APBClk"/>
    </spirit:hierConnection>
    <spirit:hierConnection spirit:interfaceRef="i_apbbus_slv5">
      <spirit:activeInterface spirit:componentRef="i_apbbus9" spirit:busRef="MirroredSlave5"/>
    </spirit:hierConnection>
    <spirit:hierConnection spirit:interfaceRef="i_apbbus_slv6">
      <spirit:activeInterface spirit:componentRef="i_apbbus9" spirit:busRef="MirroredSlave6"/>
    </spirit:hierConnection>
    <spirit:hierConnection spirit:interfaceRef="i_apbbus_slv7">
      <spirit:activeInterface spirit:componentRef="i_apbbus9" spirit:busRef="MirroredSlave7"/>
    </spirit:hierConnection>
    <spirit:hierConnection spirit:interfaceRef="Interrupt">
      <spirit:activeInterface spirit:componentRef="i_irqctrl" spirit:busRef="MasterInt"/>
    </spirit:hierConnection>
    <spirit:hierConnection spirit:interfaceRef="i_apbbus_slv8">
      <spirit:activeInterface spirit:componentRef="i_apbbus9" spirit:busRef="MirroredSlave8"/>
    </spirit:hierConnection>
    <spirit:hierConnection spirit:interfaceRef="APBReset_0">
      <spirit:activeInterface spirit:componentRef="i_timers" spirit:busRef="APBReset"/>
    </spirit:hierConnection>
    <spirit:hierConnection spirit:interfaceRef="APBReset_1">
      <spirit:activeInterface spirit:componentRef="i_uart" spirit:busRef="APBReset"/>
    </spirit:hierConnection>
    <spirit:hierConnection spirit:interfaceRef="APBReset_2">
      <spirit:activeInterface spirit:componentRef="i_uart_1" spirit:busRef="APBReset"/>
    </spirit:hierConnection>
    <spirit:hierConnection spirit:interfaceRef="APBReset_3">
      <spirit:activeInterface spirit:componentRef="i_irqctrl" spirit:busRef="APBReset"/>
    </spirit:hierConnection>
    <spirit:hierConnection spirit:interfaceRef="AHBReset">
      <spirit:activeInterface spirit:componentRef="i_apbmst" spirit:busRef="AHBReset"/>
    </spirit:hierConnection>
    <spirit:hierConnection spirit:interfaceRef="AHBClk">
      <spirit:activeInterface spirit:componentRef="i_apbmst" spirit:busRef="AHBClk"/>
    </spirit:hierConnection>
    <spirit:hierConnection spirit:interfaceRef="Int4">
      <spirit:activeInterface spirit:componentRef="i_irqctrl" spirit:busRef="SlaveInt4"/>
    </spirit:hierConnection>
    <spirit:hierConnection spirit:interfaceRef="Int5">
      <spirit:activeInterface spirit:componentRef="i_irqctrl" spirit:busRef="SlaveInt5"/>
    </spirit:hierConnection>
    <spirit:hierConnection spirit:interfaceRef="Int6">
      <spirit:activeInterface spirit:componentRef="i_irqctrl" spirit:busRef="SlaveInt6"/>
    </spirit:hierConnection>
    <spirit:hierConnection spirit:interfaceRef="ex_ambaAHB">
      <spirit:activeInterface spirit:componentRef="i_apbmst" spirit:busRef="ambaAHB"/>
    </spirit:hierConnection>
  </spirit:hierConnections>
</spirit:design>
