<?xml version="1.0"?>
<spirit:design xmlns:spirit="http://www.spiritconsortium.org/XMLSchema/SPIRIT/1.2" xmlns:xsi="http://www.w3.org/2001/XMLSchema-instance" xsi:schemaLocation="http://www.spiritconsortium.org/XMLSchema/SPIRIT/1.2 http://www.spiritconsortium.org/XMLSchema/SPIRIT/1.2/design.xsd">
  <spirit:vendor>spiritconsortium.org</spirit:vendor>
  <spirit:library>Leon2</spirit:library>
  <spirit:name>design_i2cSubSystem</spirit:name>
  <spirit:version>2.0</spirit:version>
  <spirit:componentInstances>
    <spirit:componentInstance>
      <spirit:instanceName>i_i2c</spirit:instanceName>
      <spirit:componentRef spirit:vendor="spiritconsortium.org" spirit:library="Leon2" spirit:name="i2c" spirit:version="1.0"/>
      <spirit:configuration>
        <spirit:configurableElement spirit:referenceId="ClockPeriod">
          <spirit:configurableElementValue>8</spirit:configurableElementValue>
        </spirit:configurableElement>
        <spirit:configurableElement spirit:referenceId="ClockPulseDuration">
          <spirit:configurableElementValue>4</spirit:configurableElementValue>
        </spirit:configurableElement>
        <spirit:configurableElement spirit:referenceId="ClockPulseOffset">
          <spirit:configurableElementValue>4</spirit:configurableElementValue>
        </spirit:configurableElement>
        <spirit:configurableElement spirit:referenceId="ClockPulseValue">
          <spirit:configurableElementValue>1</spirit:configurableElementValue>
        </spirit:configurableElement>
        <spirit:configurableElement spirit:referenceId="ipClockPeriod">
          <spirit:configurableElementValue>1000</spirit:configurableElementValue>
        </spirit:configurableElement>
        <spirit:configurableElement spirit:referenceId="ipClockPulseDuration">
          <spirit:configurableElementValue>500</spirit:configurableElementValue>
        </spirit:configurableElement>
        <spirit:configurableElement spirit:referenceId="ipClockPulseOffset">
          <spirit:configurableElementValue>500</spirit:configurableElementValue>
        </spirit:configurableElement>
        <spirit:configurableElement spirit:referenceId="ipClockPulseValue">
          <spirit:configurableElementValue>1</spirit:configurableElementValue>
        </spirit:configurableElement>
      </spirit:configuration>
    </spirit:componentInstance>
    <spirit:componentInstance>
      <spirit:instanceName>i_i2c_io</spirit:instanceName>
      <spirit:componentRef spirit:vendor="spiritconsortium.org" spirit:library="Leon2" spirit:name="i2c_io" spirit:version="1.0"/>
    </spirit:componentInstance>
  </spirit:componentInstances>
  <spirit:interconnections>
    <spirit:interconnection>
      <spirit:activeInterface spirit:componentRef="i_i2c_io" spirit:busRef="i2c_internal"/>
      <spirit:activeInterface spirit:componentRef="i_i2c" spirit:busRef="i2c_internal"/>
    </spirit:interconnection>
  </spirit:interconnections>
  <spirit:adHocConnections>
    <spirit:adHocConnection spirit:name="i_i2c_ip_clk">
      <spirit:export spirit:id="i_i2c_ip_clk">true</spirit:export>
      <spirit:pinReference spirit:componentRef="i_i2c" spirit:signalRef="ip_clk"/>
    </spirit:adHocConnection>
    <spirit:adHocConnection spirit:name="i_i2c_rst_an">
      <spirit:export spirit:id="i_i2c_rst_an">true</spirit:export>
      <spirit:pinReference spirit:componentRef="i_i2c" spirit:signalRef="rst_an"/>
    </spirit:adHocConnection>
    <spirit:adHocConnection spirit:name="**logic_zero**">
      <spirit:export spirit:id="logic_zero">true</spirit:export>
      <spirit:pinReference spirit:componentRef="i_i2c_io" spirit:signalRef="scl_out"/>
      <spirit:pinReference spirit:componentRef="i_i2c_io" spirit:signalRef="sda_out"/>
    </spirit:adHocConnection>
  </spirit:adHocConnections>
  <spirit:hierConnections>
    <spirit:hierConnection spirit:interfaceName="i2c_interrupt">
      <spirit:componentRef>i_i2c</spirit:componentRef>
      <spirit:interfaceRef>interrupt</spirit:interfaceRef>
    </spirit:hierConnection>
    <spirit:hierConnection spirit:interfaceName="i2c">
      <spirit:componentRef>i_i2c_io</spirit:componentRef>
      <spirit:interfaceRef>i2c</spirit:interfaceRef>
    </spirit:hierConnection>
    <spirit:hierConnection spirit:interfaceName="i2c_ambaAPB">
      <spirit:componentRef>i_i2c</spirit:componentRef>
      <spirit:interfaceRef>ambaAPB</spirit:interfaceRef>
    </spirit:hierConnection>
  </spirit:hierConnections>
</spirit:design>
