<?xml version="1.0"?>
<spirit:component xmlns:spirit="http://www.spiritconsortium.org/XMLSchema/SPIRIT/1.2" xmlns:xsi="http://www.w3.org/2001/XMLSchema-instance" xsi:schemaLocation="http://www.spiritconsortium.org/XMLSchema/SPIRIT/1.2 http://www.spiritconsortium.org/XMLSchema/SPIRIT/1.2/component.xsd">
  <spirit:vendor>spiritconsortium.org</spirit:vendor>
  <spirit:library>Leon2</spirit:library>
  <spirit:name>i2cSubSystem</spirit:name>
  <spirit:version>2.0</spirit:version>
  <spirit:busInterfaces>
    <spirit:busInterface>
      <spirit:name>i2c</spirit:name>
      <spirit:busType spirit:vendor="spiritconsortium.org" spirit:library="busdef.nxp" spirit:name="i2c" spirit:version="1.0"/>
      <spirit:master/>
      <spirit:connection>required</spirit:connection>
      <spirit:signalMap>
        <spirit:signalName>
          <spirit:componentSignalName>i2c_SCL</spirit:componentSignalName>
          <spirit:busSignalName>SCL</spirit:busSignalName>
        </spirit:signalName>
        <spirit:signalName>
          <spirit:componentSignalName>i2c_SDA</spirit:componentSignalName>
          <spirit:busSignalName>SDA</spirit:busSignalName>
        </spirit:signalName>
      </spirit:signalMap>
    </spirit:busInterface>
    <spirit:busInterface>
      <spirit:name>i2c_ambaAPB</spirit:name>
      <spirit:busType spirit:vendor="amba.com" spirit:library="AMBA2" spirit:name="APB" spirit:version="r2p0_4"/>
      <spirit:slave/>
      <spirit:connection>required</spirit:connection>
      <spirit:signalMap>
        <spirit:signalName>
          <spirit:componentSignalName>i2c_ambaAPB_paddr</spirit:componentSignalName>
          <spirit:busSignalName>PADDR</spirit:busSignalName>
        </spirit:signalName>
        <spirit:signalName>
          <spirit:componentSignalName>i2c_ambaAPB_psel</spirit:componentSignalName>
          <spirit:busSignalName>PSELx</spirit:busSignalName>
        </spirit:signalName>
        <spirit:signalName>
          <spirit:componentSignalName>i2c_ambaAPB_pwrite</spirit:componentSignalName>
          <spirit:busSignalName>PWRITE</spirit:busSignalName>
        </spirit:signalName>
        <spirit:signalName>
          <spirit:componentSignalName>i2c_ambaAPB_pwdata</spirit:componentSignalName>
          <spirit:busSignalName>PWDATA</spirit:busSignalName>
        </spirit:signalName>
        <spirit:signalName>
          <spirit:componentSignalName>i2c_ambaAPB_penable</spirit:componentSignalName>
          <spirit:busSignalName>PENABLE</spirit:busSignalName>
        </spirit:signalName>
        <spirit:signalName>
          <spirit:componentSignalName>i2c_ambaAPB_prdata</spirit:componentSignalName>
          <spirit:busSignalName>PRDATA</spirit:busSignalName>
        </spirit:signalName>
        <spirit:signalName>
          <spirit:componentSignalName>i_i2c_pclk</spirit:componentSignalName>
          <spirit:busSignalName>PCLK</spirit:busSignalName>
        </spirit:signalName>
        <spirit:signalName>
          <spirit:componentSignalName>i_i2c_presetn</spirit:componentSignalName>
          <spirit:busSignalName>PRESETn</spirit:busSignalName>
        </spirit:signalName>
      </spirit:signalMap>
    </spirit:busInterface>
    <spirit:busInterface>
      <spirit:name>i2c_interrupt</spirit:name>
      <spirit:busType spirit:vendor="spiritconsortium.org" spirit:library="busdef.interrupt" spirit:name="interrupt" spirit:version="1.0"/>
      <spirit:master/>
      <spirit:signalMap>
        <spirit:signalName>
          <spirit:componentSignalName>i2c_interrupt_IRQ</spirit:componentSignalName>
          <spirit:busSignalName>IRQ</spirit:busSignalName>
        </spirit:signalName>
      </spirit:signalMap>
    </spirit:busInterface>
  </spirit:busInterfaces>
  <spirit:model>
    <spirit:views>
      <spirit:view>
        <spirit:name>spirit-design</spirit:name>
        <spirit:envIdentifier>::Hierarchy</spirit:envIdentifier>
        <spirit:hierarchyRef spirit:vendor="spiritconsortium.org" spirit:library="Leon2" spirit:name="design_i2cSubSystem" spirit:version="2.0"/>
      </spirit:view>
      <!-- Not a valid view, the fileSet is not complete.
      <spirit:view>
        <spirit:name>RTL</spirit:name>
        <spirit:envIdentifier>:*Synthesis:</spirit:envIdentifier>
        <spirit:language spirit:strict="true">verilog vhdl</spirit:language>
        <spirit:modelName>i2cSubSystem(structure)</spirit:modelName>
        <spirit:fileSetRef>source-code</spirit:fileSetRef>
      </spirit:view>
      -->
    </spirit:views>
    <spirit:signals>
      <spirit:signal>
        <spirit:name>i2c_SCL</spirit:name>
        <spirit:direction>inout</spirit:direction>
        <spirit:export>true</spirit:export>
      </spirit:signal>
      <spirit:signal>
        <spirit:name>i2c_SDA</spirit:name>
        <spirit:direction>inout</spirit:direction>
        <spirit:export>true</spirit:export>
      </spirit:signal>
      <spirit:signal>
        <spirit:name>i2c_ambaAPB_paddr</spirit:name>
        <spirit:direction>in</spirit:direction>
        <spirit:left>11</spirit:left>
        <spirit:right>0</spirit:right>
        <spirit:export>false</spirit:export>
      </spirit:signal>
      <spirit:signal>
        <spirit:name>i2c_ambaAPB_penable</spirit:name>
        <spirit:direction>in</spirit:direction>
        <spirit:export>false</spirit:export>
      </spirit:signal>
      <spirit:signal>
        <spirit:name>i2c_ambaAPB_psel</spirit:name>
        <spirit:direction>in</spirit:direction>
        <spirit:export>false</spirit:export>
      </spirit:signal>
      <spirit:signal>
        <spirit:name>i2c_ambaAPB_pwdata</spirit:name>
        <spirit:direction>in</spirit:direction>
        <spirit:left>31</spirit:left>
        <spirit:right>0</spirit:right>
        <spirit:export>false</spirit:export>
      </spirit:signal>
      <spirit:signal>
        <spirit:name>i2c_ambaAPB_pwrite</spirit:name>
        <spirit:direction>in</spirit:direction>
        <spirit:export>false</spirit:export>
      </spirit:signal>
      <spirit:signal>
        <spirit:name>i2c_ambaAPB_prdata</spirit:name>
        <spirit:direction>out</spirit:direction>
        <spirit:left>31</spirit:left>
        <spirit:right>0</spirit:right>
        <spirit:export>false</spirit:export>
      </spirit:signal>
      <spirit:signal>
        <spirit:name>i2c_interrupt_IRQ</spirit:name>
        <spirit:direction>out</spirit:direction>
        <spirit:export>false</spirit:export>
      </spirit:signal>
      <spirit:signal>
        <spirit:name>i_i2c_ip_clk</spirit:name>
        <spirit:direction>in</spirit:direction>
        <spirit:clockDriver spirit:clockName="ipclk">
          <spirit:clockPeriod>1000</spirit:clockPeriod>
          <spirit:clockPulseOffset>500</spirit:clockPulseOffset>
          <spirit:clockPulseValue>1</spirit:clockPulseValue>
          <spirit:clockPulseDuration>500</spirit:clockPulseDuration>
        </spirit:clockDriver>
        <spirit:export>false</spirit:export>
      </spirit:signal>
      <spirit:signal>
        <spirit:name>i_i2c_pclk</spirit:name>
        <spirit:direction>in</spirit:direction>
        <spirit:clockDriver spirit:clockName="clk">
          <spirit:clockPeriod>8</spirit:clockPeriod>
          <spirit:clockPulseOffset>4</spirit:clockPulseOffset>
          <spirit:clockPulseValue>1</spirit:clockPulseValue>
          <spirit:clockPulseDuration>4</spirit:clockPulseDuration>
        </spirit:clockDriver>
        <spirit:export>false</spirit:export>
      </spirit:signal>
      <spirit:signal>
        <spirit:name>i_i2c_presetn</spirit:name>
        <spirit:direction>in</spirit:direction>
        <spirit:export>false</spirit:export>
      </spirit:signal>
      <spirit:signal>
        <spirit:name>i_i2c_rst_an</spirit:name>
        <spirit:direction>in</spirit:direction>
        <spirit:export>false</spirit:export>
      </spirit:signal>
    </spirit:signals>
  </spirit:model>
  <spirit:fileSets>
    <spirit:fileSet spirit:fileSetId="source-code">
      <spirit:file>
        <spirit:name>hdlsrc/i2cSubSystem_ent.vhd</spirit:name>
        <spirit:fileType>vhdlSource</spirit:fileType>
        <spirit:logicalName>work</spirit:logicalName>
      </spirit:file>
      <spirit:file>
        <spirit:name>hdlsrc/i2cSubSystem_pack.vhd</spirit:name>
        <spirit:fileType>vhdlSource</spirit:fileType>
        <spirit:logicalName>work</spirit:logicalName>
      </spirit:file>
      <spirit:file>
        <spirit:name>hdlsrc/i2cSubSystem_arch.vhd</spirit:name>
        <spirit:fileType>vhdlSource</spirit:fileType>
        <spirit:logicalName>work</spirit:logicalName>
      </spirit:file>
    </spirit:fileSet>
  </spirit:fileSets>
</spirit:component>
