<?xml version="1.0"?>
<!--
// Description : clock.xml
// Author : SPIRIT Schema Working Group
// Version: 1.00
// 
// Revision:    $Revision:$
// Date:        $Date:$
// 
// Copyright (c) 2007, 2008 The SPIRIT Consortium.
// 
// This work forms part of a deliverable of The SPIRIT Consortium.
// 
// Use of these materials are governed by the legal terms and conditions
// outlined in the disclaimer available from www.spiritconsortium.org.
// 
// This source file is provided on an AS IS basis.  The SPIRIT
// Consortium disclaims any warranty express or implied including
// any warranty of merchantability and fitness for use for a
// particular purpose.
// 
// The user of the source file shall indemnify and hold The SPIRIT
// Consortium and its members harmless from any damages or liability.
// 
-->
<spirit:busDefinition xmlns:spirit="http://www.spiritconsortium.org/XMLSchema/SPIRIT/1.4" xmlns:xsi="http://www.w3.org/2001/XMLSchema-instance" xsi:schemaLocation="http://www.spiritconsortium.org/XMLSchema/SPIRIT/1.4 http://www.spiritconsortium.org/XMLSchema/SPIRIT/1.4/index.xsd">
    <spirit:vendor>spiritconsortium.org</spirit:vendor>
    <spirit:library>busdef.clock</spirit:library>
    <spirit:name>clock</spirit:name>
    <spirit:version>1.0</spirit:version>
    <spirit:directConnection>true</spirit:directConnection>
    <spirit:isAddressable>false</spirit:isAddressable>
<!--IP-XACT XSLT Warning#28:Removing signals element-->
<!--IP-XACT XSLT Warning#29:Removing choices element-->
<!--IP-XACT XSLT Warning#30:Removing busDefParameters element-->
</spirit:busDefinition>
