<?xml version="1.0"?>
<!-- edited with XMLSPY v2004 rel. 2 U (http://www.xmlspy.com) by Christophe Amerijckx (STMicroelectronics) -->
<!--
// Description : cgu.xml
// Author : SPIRIT Schema Working Group - Christophe Amerijckx
// Version: 1.2
//
// Copyright (c) 2007 SPIRIT.  All rights reserved.
// www.spiritconsortium.org
//
// THIS WORK FORMS PART OF A SPIRIT CONSORTIUM SPECIFICATION.  
// THIS WORK CONTAINS TRADE SECRETS AND PROPRIETARY INFORMATION 
// WHICH IS THE EXCLUSIVE PROPERTY OF INDIVIDUAL MEMBERS OF THE 
// SPIRIT CONSORTIUM. USE OF THESE MATERIALS ARE GOVERNED BY 
// THE LEGAL TERMS AND CONDITIONS OUTLINED IN THE THE SPIRIT 
// SPECIFICATION DISCLAIMER AVAILABLE FROM
// www.spiritconsortium.org
-->
<spirit:component xmlns:spirit="http://www.spiritconsortium.org/XMLSchema/SPIRIT/1.4" xmlns:xsi="http://www.w3.org/2001/XMLSchema-instance" xsi:schemaLocation="http://www.spiritconsortium.org/XMLSchema/SPIRIT/1.4 http://www.spiritconsortium.org/XMLSchema/SPIRIT/1.4/index.xsd">
  <spirit:vendor>spiritconsortium.org</spirit:vendor>
  <spirit:library>Leon2RTL</spirit:library>
  <spirit:name>cgu</spirit:name>
  <spirit:version>1.2</spirit:version>
  <spirit:busInterfaces>
    <spirit:busInterface>
      <spirit:name>MainClk</spirit:name>
      <spirit:busType spirit:vendor="spiritconsortium.org" spirit:library="busdef.clock" spirit:name="clock" spirit:version="1.0"/>
      <spirit:abstractionType spirit:vendor="spiritconsortium.org" spirit:library="busdef.clock" spirit:name="clock_rtl" spirit:version="1.0"/>
      <spirit:slave/>
      <spirit:portMaps>
        <spirit:portMap>
          <spirit:logicalPort>
            <spirit:name>CLK</spirit:name>
          </spirit:logicalPort>
          <spirit:physicalPort>
            <spirit:name>clkin</spirit:name>
          </spirit:physicalPort>
        </spirit:portMap>
      </spirit:portMaps>
    </spirit:busInterface>
    <spirit:busInterface>
      <spirit:name>APBClk</spirit:name>
      <spirit:busType spirit:vendor="spiritconsortium.org" spirit:library="busdef.clock" spirit:name="clock" spirit:version="1.0"/>
      <spirit:abstractionType spirit:vendor="spiritconsortium.org" spirit:library="busdef.clock" spirit:name="clock_rtl" spirit:version="1.0"/>
      <spirit:slave/>
      <spirit:portMaps>
        <spirit:portMap>
          <spirit:logicalPort>
            <spirit:name>CLK</spirit:name>
          </spirit:logicalPort>
          <spirit:physicalPort>
            <spirit:name>pclk</spirit:name>
          </spirit:physicalPort>
        </spirit:portMap>
      </spirit:portMaps>
    </spirit:busInterface>
    <spirit:busInterface>
      <spirit:name>APBReset</spirit:name>
      <spirit:busType spirit:vendor="spiritconsortium.org" spirit:library="busdef.reset" spirit:name="reset" spirit:version="1.0"/>
      <spirit:abstractionType spirit:vendor="spiritconsortium.org" spirit:library="busdef.reset" spirit:name="reset_rtl" spirit:version="1.0"/>
      <spirit:slave/>
      <spirit:portMaps>
        <spirit:portMap>
          <spirit:logicalPort>
            <spirit:name>RESETn</spirit:name>
          </spirit:logicalPort>
          <spirit:physicalPort>
            <spirit:name>presetn</spirit:name>
          </spirit:physicalPort>
        </spirit:portMap>
      </spirit:portMaps>
    </spirit:busInterface>
    <spirit:busInterface>
      <spirit:name>ambaAPB</spirit:name>
      <spirit:busType spirit:vendor="amba.com" spirit:library="AMBA2" spirit:name="APB" spirit:version="r2p0_4"/>
      <spirit:abstractionType spirit:vendor="amba.com" spirit:library="AMBA2" spirit:name="APB_rtl" spirit:version="r2p0_4"/>
      <spirit:slave>
        <spirit:memoryMapRef spirit:memoryMapRef="ambaAPB"/>
      </spirit:slave>
      <spirit:connectionRequired>true</spirit:connectionRequired>
      <spirit:portMaps>
        <spirit:portMap>
          <spirit:logicalPort>
            <spirit:name>PSELx</spirit:name>
          </spirit:logicalPort>
          <spirit:physicalPort>
            <spirit:name>psel</spirit:name>
          </spirit:physicalPort>
        </spirit:portMap>
        <spirit:portMap>
          <spirit:logicalPort>
            <spirit:name>PENABLE</spirit:name>
          </spirit:logicalPort>
          <spirit:physicalPort>
            <spirit:name>penable</spirit:name>
          </spirit:physicalPort>
        </spirit:portMap>
        <spirit:portMap>
          <spirit:logicalPort>
            <spirit:name>PADDR</spirit:name>
          </spirit:logicalPort>
          <spirit:physicalPort>
            <spirit:name>paddr</spirit:name>
          </spirit:physicalPort>
        </spirit:portMap>
        <spirit:portMap>
          <spirit:logicalPort>
            <spirit:name>PWRITE</spirit:name>
          </spirit:logicalPort>
          <spirit:physicalPort>
            <spirit:name>pwrite</spirit:name>
          </spirit:physicalPort>
        </spirit:portMap>
        <spirit:portMap>
          <spirit:logicalPort>
            <spirit:name>PWDATA</spirit:name>
          </spirit:logicalPort>
          <spirit:physicalPort>
            <spirit:name>pwdata</spirit:name>
          </spirit:physicalPort>
        </spirit:portMap>
        <spirit:portMap>
          <spirit:logicalPort>
            <spirit:name>PRDATA</spirit:name>
          </spirit:logicalPort>
          <spirit:physicalPort>
            <spirit:name>prdata</spirit:name>
          </spirit:physicalPort>
        </spirit:portMap>
        <spirit:portMap>
          <spirit:logicalPort>
            <spirit:name>PCLK</spirit:name>
          </spirit:logicalPort>
          <spirit:physicalPort>
            <spirit:name>pclk</spirit:name>
          </spirit:physicalPort>
        </spirit:portMap>
        <spirit:portMap>
          <spirit:logicalPort>
            <spirit:name>PRESETn</spirit:name>
          </spirit:logicalPort>
          <spirit:physicalPort>
            <spirit:name>presetn</spirit:name>
          </spirit:physicalPort>
        </spirit:portMap>
      </spirit:portMaps>
    </spirit:busInterface>
    <spirit:busInterface>
      <spirit:name>clock0_0</spirit:name>
      <spirit:busType spirit:vendor="spiritconsortium.org" spirit:library="busdef.clock" spirit:name="clock" spirit:version="1.0"/>
      <spirit:abstractionType spirit:vendor="spiritconsortium.org" spirit:library="busdef.clock" spirit:name="clock_rtl" spirit:version="1.0"/>
      <spirit:master/>
      <spirit:portMaps>
        <spirit:portMap>
          <spirit:logicalPort>
            <spirit:name>CLK</spirit:name>
          </spirit:logicalPort>
          <spirit:physicalPort>
            <spirit:name>clkout</spirit:name>
            <spirit:vector>
              <spirit:left>0</spirit:left>
              <spirit:right>0</spirit:right>
            </spirit:vector>
          </spirit:physicalPort>
        </spirit:portMap>
      </spirit:portMaps>
    </spirit:busInterface>
    <spirit:busInterface>
      <spirit:name>clock0_1</spirit:name>
      <spirit:busType spirit:vendor="spiritconsortium.org" spirit:library="busdef.clock" spirit:name="clock" spirit:version="1.0"/>
      <spirit:abstractionType spirit:vendor="spiritconsortium.org" spirit:library="busdef.clock" spirit:name="clock_rtl" spirit:version="1.0"/>
      <spirit:master/>
      <spirit:portMaps>
        <spirit:portMap>
          <spirit:logicalPort>
            <spirit:name>CLK</spirit:name>
          </spirit:logicalPort>
          <spirit:physicalPort>
            <spirit:name>clkout</spirit:name>
            <spirit:vector>
              <spirit:left>0</spirit:left>
              <spirit:right>0</spirit:right>
            </spirit:vector>
          </spirit:physicalPort>
        </spirit:portMap>
      </spirit:portMaps>
    </spirit:busInterface>
    <spirit:busInterface>
      <spirit:name>clock0_2</spirit:name>
      <spirit:busType spirit:vendor="spiritconsortium.org" spirit:library="busdef.clock" spirit:name="clock" spirit:version="1.0"/>
      <spirit:abstractionType spirit:vendor="spiritconsortium.org" spirit:library="busdef.clock" spirit:name="clock_rtl" spirit:version="1.0"/>
      <spirit:master/>
      <spirit:portMaps>
        <spirit:portMap>
          <spirit:logicalPort>
            <spirit:name>CLK</spirit:name>
          </spirit:logicalPort>
          <spirit:physicalPort>
            <spirit:name>clkout</spirit:name>
            <spirit:vector>
              <spirit:left>0</spirit:left>
              <spirit:right>0</spirit:right>
            </spirit:vector>
          </spirit:physicalPort>
        </spirit:portMap>
      </spirit:portMaps>
    </spirit:busInterface>
    <spirit:busInterface>
      <spirit:name>clock0_3</spirit:name>
      <spirit:busType spirit:vendor="spiritconsortium.org" spirit:library="busdef.clock" spirit:name="clock" spirit:version="1.0"/>
      <spirit:abstractionType spirit:vendor="spiritconsortium.org" spirit:library="busdef.clock" spirit:name="clock_rtl" spirit:version="1.0"/>
      <spirit:master/>
      <spirit:portMaps>
        <spirit:portMap>
          <spirit:logicalPort>
            <spirit:name>CLK</spirit:name>
          </spirit:logicalPort>
          <spirit:physicalPort>
            <spirit:name>clkout</spirit:name>
            <spirit:vector>
              <spirit:left>0</spirit:left>
              <spirit:right>0</spirit:right>
            </spirit:vector>
          </spirit:physicalPort>
        </spirit:portMap>
      </spirit:portMaps>
    </spirit:busInterface>
    <spirit:busInterface>
      <spirit:name>clock1_apb0</spirit:name>
      <spirit:busType spirit:vendor="spiritconsortium.org" spirit:library="busdef.clock" spirit:name="clock" spirit:version="1.0"/>
      <spirit:abstractionType spirit:vendor="spiritconsortium.org" spirit:library="busdef.clock" spirit:name="clock_rtl" spirit:version="1.0"/>
      <spirit:master/>
      <spirit:portMaps>
        <spirit:portMap>
          <spirit:logicalPort>
            <spirit:name>CLK</spirit:name>
          </spirit:logicalPort>
          <spirit:physicalPort>
            <spirit:name>clkout</spirit:name>
            <spirit:vector>
              <spirit:left>1</spirit:left>
              <spirit:right>1</spirit:right>
            </spirit:vector>
          </spirit:physicalPort>
        </spirit:portMap>
      </spirit:portMaps>
    </spirit:busInterface>
    <spirit:busInterface>
      <spirit:name>clock1_1</spirit:name>
      <spirit:busType spirit:vendor="spiritconsortium.org" spirit:library="busdef.clock" spirit:name="clock" spirit:version="1.0"/>
      <spirit:abstractionType spirit:vendor="spiritconsortium.org" spirit:library="busdef.clock" spirit:name="clock_rtl" spirit:version="1.0"/>
      <spirit:master/>
      <spirit:portMaps>
        <spirit:portMap>
          <spirit:logicalPort>
            <spirit:name>CLK</spirit:name>
          </spirit:logicalPort>
          <spirit:physicalPort>
            <spirit:name>clkout</spirit:name>
            <spirit:vector>
              <spirit:left>1</spirit:left>
              <spirit:right>1</spirit:right>
            </spirit:vector>
          </spirit:physicalPort>
        </spirit:portMap>
      </spirit:portMaps>
    </spirit:busInterface>
    <spirit:busInterface>
      <spirit:name>clock2_0</spirit:name>
      <spirit:busType spirit:vendor="spiritconsortium.org" spirit:library="busdef.clock" spirit:name="clock" spirit:version="1.0"/>
      <spirit:abstractionType spirit:vendor="spiritconsortium.org" spirit:library="busdef.clock" spirit:name="clock_rtl" spirit:version="1.0"/>
      <spirit:master/>
      <spirit:portMaps>
        <spirit:portMap>
          <spirit:logicalPort>
            <spirit:name>CLK</spirit:name>
          </spirit:logicalPort>
          <spirit:physicalPort>
            <spirit:name>clkout</spirit:name>
            <spirit:vector>
              <spirit:left>2</spirit:left>
              <spirit:right>2</spirit:right>
            </spirit:vector>
          </spirit:physicalPort>
        </spirit:portMap>
      </spirit:portMaps>
    </spirit:busInterface>
    <spirit:busInterface>
      <spirit:name>clock2_1</spirit:name>
      <spirit:busType spirit:vendor="spiritconsortium.org" spirit:library="busdef.clock" spirit:name="clock" spirit:version="1.0"/>
      <spirit:abstractionType spirit:vendor="spiritconsortium.org" spirit:library="busdef.clock" spirit:name="clock_rtl" spirit:version="1.0"/>
      <spirit:master/>
      <spirit:portMaps>
        <spirit:portMap>
          <spirit:logicalPort>
            <spirit:name>CLK</spirit:name>
          </spirit:logicalPort>
          <spirit:physicalPort>
            <spirit:name>clkout</spirit:name>
            <spirit:vector>
              <spirit:left>2</spirit:left>
              <spirit:right>2</spirit:right>
            </spirit:vector>
          </spirit:physicalPort>
        </spirit:portMap>
      </spirit:portMaps>
    </spirit:busInterface>
    <spirit:busInterface>
      <spirit:name>clock3_0</spirit:name>
      <spirit:busType spirit:vendor="spiritconsortium.org" spirit:library="busdef.clock" spirit:name="clock" spirit:version="1.0"/>
      <spirit:abstractionType spirit:vendor="spiritconsortium.org" spirit:library="busdef.clock" spirit:name="clock_rtl" spirit:version="1.0"/>
      <spirit:master/>
      <spirit:portMaps>
        <spirit:portMap>
          <spirit:logicalPort>
            <spirit:name>CLK</spirit:name>
          </spirit:logicalPort>
          <spirit:physicalPort>
            <spirit:name>clkout</spirit:name>
            <spirit:vector>
              <spirit:left>3</spirit:left>
              <spirit:right>3</spirit:right>
            </spirit:vector>
          </spirit:physicalPort>
        </spirit:portMap>
      </spirit:portMaps>
    </spirit:busInterface>
    <spirit:busInterface>
      <spirit:name>clock3_1</spirit:name>
      <spirit:busType spirit:vendor="spiritconsortium.org" spirit:library="busdef.clock" spirit:name="clock" spirit:version="1.0"/>
      <spirit:abstractionType spirit:vendor="spiritconsortium.org" spirit:library="busdef.clock" spirit:name="clock_rtl" spirit:version="1.0"/>
      <spirit:master/>
      <spirit:portMaps>
        <spirit:portMap>
          <spirit:logicalPort>
            <spirit:name>CLK</spirit:name>
          </spirit:logicalPort>
          <spirit:physicalPort>
            <spirit:name>clkout</spirit:name>
            <spirit:vector>
              <spirit:left>3</spirit:left>
              <spirit:right>3</spirit:right>
            </spirit:vector>
          </spirit:physicalPort>
        </spirit:portMap>
      </spirit:portMaps>
    </spirit:busInterface>
    <spirit:busInterface>
      <spirit:name>clock4_0</spirit:name>
      <spirit:busType spirit:vendor="spiritconsortium.org" spirit:library="busdef.clock" spirit:name="clock" spirit:version="1.0"/>
      <spirit:abstractionType spirit:vendor="spiritconsortium.org" spirit:library="busdef.clock" spirit:name="clock_rtl" spirit:version="1.0"/>
      <spirit:master/>
      <spirit:portMaps>
        <spirit:portMap>
          <spirit:logicalPort>
            <spirit:name>CLK</spirit:name>
          </spirit:logicalPort>
          <spirit:physicalPort>
            <spirit:name>clkout</spirit:name>
            <spirit:vector>
              <spirit:left>4</spirit:left>
              <spirit:right>4</spirit:right>
            </spirit:vector>
          </spirit:physicalPort>
        </spirit:portMap>
      </spirit:portMaps>
    </spirit:busInterface>
    <spirit:busInterface>
      <spirit:name>clock4_1</spirit:name>
      <spirit:busType spirit:vendor="spiritconsortium.org" spirit:library="busdef.clock" spirit:name="clock" spirit:version="1.0"/>
      <spirit:abstractionType spirit:vendor="spiritconsortium.org" spirit:library="busdef.clock" spirit:name="clock_rtl" spirit:version="1.0"/>
      <spirit:master/>
      <spirit:portMaps>
        <spirit:portMap>
          <spirit:logicalPort>
            <spirit:name>CLK</spirit:name>
          </spirit:logicalPort>
          <spirit:physicalPort>
            <spirit:name>clkout</spirit:name>
            <spirit:vector>
              <spirit:left>4</spirit:left>
              <spirit:right>4</spirit:right>
            </spirit:vector>
          </spirit:physicalPort>
        </spirit:portMap>
      </spirit:portMaps>
    </spirit:busInterface>
    <spirit:busInterface>
      <spirit:name>clock5_0</spirit:name>
      <spirit:busType spirit:vendor="spiritconsortium.org" spirit:library="busdef.clock" spirit:name="clock" spirit:version="1.0"/>
      <spirit:abstractionType spirit:vendor="spiritconsortium.org" spirit:library="busdef.clock" spirit:name="clock_rtl" spirit:version="1.0"/>
      <spirit:master/>
      <spirit:portMaps>
        <spirit:portMap>
          <spirit:logicalPort>
            <spirit:name>CLK</spirit:name>
          </spirit:logicalPort>
          <spirit:physicalPort>
            <spirit:name>clkout</spirit:name>
            <spirit:vector>
              <spirit:left>5</spirit:left>
              <spirit:right>5</spirit:right>
            </spirit:vector>
          </spirit:physicalPort>
        </spirit:portMap>
      </spirit:portMaps>
    </spirit:busInterface>
    <spirit:busInterface>
      <spirit:name>clock5_1</spirit:name>
      <spirit:busType spirit:vendor="spiritconsortium.org" spirit:library="busdef.clock" spirit:name="clock" spirit:version="1.0"/>
      <spirit:abstractionType spirit:vendor="spiritconsortium.org" spirit:library="busdef.clock" spirit:name="clock_rtl" spirit:version="1.0"/>
      <spirit:master/>
      <spirit:portMaps>
        <spirit:portMap>
          <spirit:logicalPort>
            <spirit:name>CLK</spirit:name>
          </spirit:logicalPort>
          <spirit:physicalPort>
            <spirit:name>clkout</spirit:name>
            <spirit:vector>
              <spirit:left>5</spirit:left>
              <spirit:right>5</spirit:right>
            </spirit:vector>
          </spirit:physicalPort>
        </spirit:portMap>
      </spirit:portMaps>
    </spirit:busInterface>
    <spirit:busInterface>
      <spirit:name>clock6_0</spirit:name>
      <spirit:busType spirit:vendor="spiritconsortium.org" spirit:library="busdef.clock" spirit:name="clock" spirit:version="1.0"/>
      <spirit:abstractionType spirit:vendor="spiritconsortium.org" spirit:library="busdef.clock" spirit:name="clock_rtl" spirit:version="1.0"/>
      <spirit:master/>
      <spirit:portMaps>
        <spirit:portMap>
          <spirit:logicalPort>
            <spirit:name>CLK</spirit:name>
          </spirit:logicalPort>
          <spirit:physicalPort>
            <spirit:name>clkout</spirit:name>
            <spirit:vector>
              <spirit:left>6</spirit:left>
              <spirit:right>6</spirit:right>
            </spirit:vector>
          </spirit:physicalPort>
        </spirit:portMap>
      </spirit:portMaps>
    </spirit:busInterface>
    <spirit:busInterface>
      <spirit:name>clock6_1</spirit:name>
      <spirit:busType spirit:vendor="spiritconsortium.org" spirit:library="busdef.clock" spirit:name="clock" spirit:version="1.0"/>
      <spirit:abstractionType spirit:vendor="spiritconsortium.org" spirit:library="busdef.clock" spirit:name="clock_rtl" spirit:version="1.0"/>
      <spirit:master/>
      <spirit:portMaps>
        <spirit:portMap>
          <spirit:logicalPort>
            <spirit:name>CLK</spirit:name>
          </spirit:logicalPort>
          <spirit:physicalPort>
            <spirit:name>clkout</spirit:name>
            <spirit:vector>
              <spirit:left>6</spirit:left>
              <spirit:right>6</spirit:right>
            </spirit:vector>
          </spirit:physicalPort>
        </spirit:portMap>
      </spirit:portMaps>
    </spirit:busInterface>
    <spirit:busInterface>
      <spirit:name>clock7_0</spirit:name>
      <spirit:busType spirit:vendor="spiritconsortium.org" spirit:library="busdef.clock" spirit:name="clock" spirit:version="1.0"/>
      <spirit:abstractionType spirit:vendor="spiritconsortium.org" spirit:library="busdef.clock" spirit:name="clock_rtl" spirit:version="1.0"/>
      <spirit:master/>
      <spirit:portMaps>
        <spirit:portMap>
          <spirit:logicalPort>
            <spirit:name>CLK</spirit:name>
          </spirit:logicalPort>
          <spirit:physicalPort>
            <spirit:name>clkout</spirit:name>
            <spirit:vector>
              <spirit:left>7</spirit:left>
              <spirit:right>7</spirit:right>
            </spirit:vector>
          </spirit:physicalPort>
        </spirit:portMap>
      </spirit:portMaps>
    </spirit:busInterface>
    <spirit:busInterface>
      <spirit:name>clock7_1</spirit:name>
      <spirit:busType spirit:vendor="spiritconsortium.org" spirit:library="busdef.clock" spirit:name="clock" spirit:version="1.0"/>
      <spirit:abstractionType spirit:vendor="spiritconsortium.org" spirit:library="busdef.clock" spirit:name="clock_rtl" spirit:version="1.0"/>
      <spirit:master/>
      <spirit:portMaps>
        <spirit:portMap>
          <spirit:logicalPort>
            <spirit:name>CLK</spirit:name>
          </spirit:logicalPort>
          <spirit:physicalPort>
            <spirit:name>clkout</spirit:name>
            <spirit:vector>
              <spirit:left>7</spirit:left>
              <spirit:right>7</spirit:right>
            </spirit:vector>
          </spirit:physicalPort>
        </spirit:portMap>
      </spirit:portMaps>
    </spirit:busInterface>
  </spirit:busInterfaces>
  <spirit:memoryMaps>
    <spirit:memoryMap>
      <spirit:name>ambaAPB</spirit:name>
      <spirit:addressBlock>
        <spirit:name>defaultid4490597</spirit:name>
        <spirit:baseAddress>0</spirit:baseAddress>
        <spirit:range spirit:format="long">4k</spirit:range>
        <spirit:width spirit:format="long" spirit:id="width">32</spirit:width>
        <spirit:usage>register</spirit:usage>
        <spirit:register>
          <spirit:name>clock0Divide</spirit:name>
          <spirit:addressOffset>0x0</spirit:addressOffset>
          <spirit:size>32</spirit:size>
          <spirit:volatile>false</spirit:volatile>
          <spirit:access>read-write</spirit:access>
          <spirit:reset>
            <spirit:value>0x0</spirit:value>
          </spirit:reset>
          <spirit:field>
            <spirit:name>Reserved</spirit:name>
            <spirit:description>Reserved</spirit:description>
            <spirit:bitOffset>8</spirit:bitOffset>
            <spirit:bitWidth>24</spirit:bitWidth>
            <spirit:access>read-only</spirit:access>
          </spirit:field>
          <spirit:field>
            <spirit:name>divide</spirit:name>
            <spirit:description>Divide value for clock 0, 0=no divide, 1=divide by 2, 2=divide by 4, 3=divide by 6, ...</spirit:description>
            <spirit:bitOffset>0</spirit:bitOffset>
            <spirit:bitWidth>8</spirit:bitWidth>
            <spirit:access>read-write</spirit:access>
          </spirit:field>
        </spirit:register>
        <spirit:register>
          <spirit:name>clock1Divide</spirit:name>
          <spirit:addressOffset>0x4</spirit:addressOffset>
          <spirit:size>32</spirit:size>
          <spirit:volatile>false</spirit:volatile>
          <spirit:access>read-write</spirit:access>
          <spirit:reset>
            <spirit:value>0x0</spirit:value>
          </spirit:reset>
          <spirit:field>
            <spirit:name>Reserved</spirit:name>
            <spirit:description>Reserved</spirit:description>
            <spirit:bitOffset>8</spirit:bitOffset>
            <spirit:bitWidth>24</spirit:bitWidth>
            <spirit:access>read-only</spirit:access>
          </spirit:field>
          <spirit:field>
            <spirit:name>divide</spirit:name>
            <spirit:description>Divide value for clock 1, 0=no divide, 1=divide by 2, 2=divide by 4, 3=divide by 6, ...</spirit:description>
            <spirit:bitOffset>0</spirit:bitOffset>
            <spirit:bitWidth>8</spirit:bitWidth>
            <spirit:access>read-write</spirit:access>
          </spirit:field>
        </spirit:register>
        <spirit:register>
          <spirit:name>clock2Divide</spirit:name>
          <spirit:addressOffset>0x8</spirit:addressOffset>
          <spirit:size>32</spirit:size>
          <spirit:volatile>false</spirit:volatile>
          <spirit:access>read-write</spirit:access>
          <spirit:reset>
            <spirit:value>0x0</spirit:value>
          </spirit:reset>
          <spirit:field>
            <spirit:name>Reserved</spirit:name>
            <spirit:description>Reserved</spirit:description>
            <spirit:bitOffset>8</spirit:bitOffset>
            <spirit:bitWidth>24</spirit:bitWidth>
            <spirit:access>read-only</spirit:access>
          </spirit:field>
          <spirit:field>
            <spirit:name>divide</spirit:name>
            <spirit:description>Divide value for clock 2, 0=no divide, 1=divide by 2, 2=divide by 4, 3=divide by 6, ...</spirit:description>
            <spirit:bitOffset>0</spirit:bitOffset>
            <spirit:bitWidth>8</spirit:bitWidth>
            <spirit:access>read-write</spirit:access>
          </spirit:field>
        </spirit:register>
        <spirit:register>
          <spirit:name>clock3Divide</spirit:name>
          <spirit:addressOffset>0xC</spirit:addressOffset>
          <spirit:size>32</spirit:size>
          <spirit:volatile>false</spirit:volatile>
          <spirit:access>read-write</spirit:access>
          <spirit:reset>
            <spirit:value>0x0</spirit:value>
          </spirit:reset>
          <spirit:field>
            <spirit:name>Reserved</spirit:name>
            <spirit:description>Reserved</spirit:description>
            <spirit:bitOffset>8</spirit:bitOffset>
            <spirit:bitWidth>24</spirit:bitWidth>
            <spirit:access>read-only</spirit:access>
          </spirit:field>
          <spirit:field>
            <spirit:name>divide</spirit:name>
            <spirit:description>Divide value for clock 3, 0=no divide, 1=divide by 2, 2=divide by 4, 3=divide by 6, ...</spirit:description>
            <spirit:bitOffset>0</spirit:bitOffset>
            <spirit:bitWidth>8</spirit:bitWidth>
            <spirit:access>read-write</spirit:access>
          </spirit:field>
        </spirit:register>
        <spirit:register>
          <spirit:name>clock4Divide</spirit:name>
          <spirit:addressOffset>0x10</spirit:addressOffset>
          <spirit:size>32</spirit:size>
          <spirit:volatile>false</spirit:volatile>
          <spirit:access>read-write</spirit:access>
          <spirit:reset>
            <spirit:value>0x0</spirit:value>
          </spirit:reset>
          <spirit:field>
            <spirit:name>Reserved</spirit:name>
            <spirit:description>Reserved</spirit:description>
            <spirit:bitOffset>8</spirit:bitOffset>
            <spirit:bitWidth>24</spirit:bitWidth>
            <spirit:access>read-only</spirit:access>
          </spirit:field>
          <spirit:field>
            <spirit:name>divide</spirit:name>
            <spirit:description>Divide value for clock 4, 0=no divide, 1=divide by 2, 2=divide by 4, 3=divide by 6, ...</spirit:description>
            <spirit:bitOffset>0</spirit:bitOffset>
            <spirit:bitWidth>8</spirit:bitWidth>
            <spirit:access>read-write</spirit:access>
          </spirit:field>
        </spirit:register>
        <spirit:register>
          <spirit:name>clock5Divide</spirit:name>
          <spirit:addressOffset>0x14</spirit:addressOffset>
          <spirit:size>32</spirit:size>
          <spirit:volatile>false</spirit:volatile>
          <spirit:access>read-write</spirit:access>
          <spirit:reset>
            <spirit:value>0x0</spirit:value>
          </spirit:reset>
          <spirit:field>
            <spirit:name>Reserved</spirit:name>
            <spirit:description>Reserved</spirit:description>
            <spirit:bitOffset>8</spirit:bitOffset>
            <spirit:bitWidth>24</spirit:bitWidth>
            <spirit:access>read-only</spirit:access>
          </spirit:field>
          <spirit:field>
            <spirit:name>divide</spirit:name>
            <spirit:description>Divide value for clock 5, 0=no divide, 1=divide by 2, 2=divide by 4, 3=divide by 6, ...</spirit:description>
            <spirit:bitOffset>0</spirit:bitOffset>
            <spirit:bitWidth>8</spirit:bitWidth>
            <spirit:access>read-write</spirit:access>
          </spirit:field>
        </spirit:register>
        <spirit:register>
          <spirit:name>clock6Divide</spirit:name>
          <spirit:addressOffset>0x18</spirit:addressOffset>
          <spirit:size>32</spirit:size>
          <spirit:volatile>false</spirit:volatile>
          <spirit:access>read-write</spirit:access>
          <spirit:reset>
            <spirit:value>0x0</spirit:value>
          </spirit:reset>
          <spirit:field>
            <spirit:name>Reserved</spirit:name>
            <spirit:description>Reserved</spirit:description>
            <spirit:bitOffset>8</spirit:bitOffset>
            <spirit:bitWidth>24</spirit:bitWidth>
            <spirit:access>read-only</spirit:access>
          </spirit:field>
          <spirit:field>
            <spirit:name>divide</spirit:name>
            <spirit:description>Divide value for clock 6, 0=no divide, 1=divide by 2, 2=divide by 4, 3=divide by 6, ...</spirit:description>
            <spirit:bitOffset>0</spirit:bitOffset>
            <spirit:bitWidth>8</spirit:bitWidth>
            <spirit:access>read-write</spirit:access>
          </spirit:field>
        </spirit:register>
        <spirit:register>
          <spirit:name>clock7Divide</spirit:name>
          <spirit:addressOffset>0x1C</spirit:addressOffset>
          <spirit:size>32</spirit:size>
          <spirit:volatile>false</spirit:volatile>
          <spirit:access>read-write</spirit:access>
          <spirit:reset>
            <spirit:value>0x0</spirit:value>
          </spirit:reset>
          <spirit:field>
            <spirit:name>Reserved</spirit:name>
            <spirit:description>Reserved</spirit:description>
            <spirit:bitOffset>8</spirit:bitOffset>
            <spirit:bitWidth>24</spirit:bitWidth>
            <spirit:access>read-only</spirit:access>
          </spirit:field>
          <spirit:field>
            <spirit:name>divide</spirit:name>
            <spirit:description>Divide value for clock 7, 0=no divide, 1=divide by 2, 2=divide by 4, 3=divide by 6, ...</spirit:description>
            <spirit:bitOffset>0</spirit:bitOffset>
            <spirit:bitWidth>8</spirit:bitWidth>
            <spirit:access>read-write</spirit:access>
          </spirit:field>
        </spirit:register>
        <spirit:register>
          <spirit:name>IDReg</spirit:name>
          <spirit:description>ID register</spirit:description>
          <spirit:addressOffset>0xFFC</spirit:addressOffset>
          <spirit:size>32</spirit:size>
          <spirit:access>read-only</spirit:access>
          <spirit:reset>
            <spirit:value>0x00000D00</spirit:value>
          </spirit:reset>
          <spirit:field>
            <spirit:name>ID</spirit:name>
            <spirit:description>ID Field</spirit:description>
            <spirit:bitOffset>0</spirit:bitOffset>
            <spirit:bitWidth>32</spirit:bitWidth>
            <spirit:access>read-only</spirit:access>
          </spirit:field>
        </spirit:register>
      </spirit:addressBlock>
    </spirit:memoryMap>
  </spirit:memoryMaps>
  <spirit:model>
    <spirit:views>
      <spirit:view>
        <spirit:name>vhdlsource</spirit:name>
        <spirit:envIdentifier>:modelsim.mentor.com:</spirit:envIdentifier>
        <spirit:envIdentifier>:ncsim.cadence.com:</spirit:envIdentifier>
        <spirit:envIdentifier>:vcs.synopsys.com:</spirit:envIdentifier>
        <spirit:envIdentifier>:designcompiler.synopsys.com:</spirit:envIdentifier>
        <spirit:language>vhdl</spirit:language>
        <spirit:modelName>cgu(rtl)</spirit:modelName>
        <spirit:fileSetRef>fs-vhdlSource</spirit:fileSetRef>
      </spirit:view>
    </spirit:views>
    <spirit:ports>
      <spirit:port>
        <spirit:name>pclk</spirit:name>
        <spirit:wire>
          <spirit:direction>in</spirit:direction>
        </spirit:wire>
      </spirit:port>
      <spirit:port>
        <spirit:name>presetn</spirit:name>
        <spirit:wire>
          <spirit:direction>in</spirit:direction>
        </spirit:wire>
      </spirit:port>
      <spirit:port>
        <spirit:name>psel</spirit:name>
        <spirit:wire>
          <spirit:direction>in</spirit:direction>
        </spirit:wire>
      </spirit:port>
      <spirit:port>
        <spirit:name>penable</spirit:name>
        <spirit:wire>
          <spirit:direction>in</spirit:direction>
        </spirit:wire>
      </spirit:port>
      <spirit:port>
        <spirit:name>paddr</spirit:name>
        <spirit:wire>
          <spirit:direction>in</spirit:direction>
          <spirit:vector>
            <spirit:left>11</spirit:left>
            <spirit:right>0</spirit:right>
          </spirit:vector>
        </spirit:wire>
      </spirit:port>
      <spirit:port>
        <spirit:name>pwrite</spirit:name>
        <spirit:wire>
          <spirit:direction>in</spirit:direction>
        </spirit:wire>
      </spirit:port>
      <spirit:port>
        <spirit:name>pwdata</spirit:name>
        <spirit:wire>
          <spirit:direction>in</spirit:direction>
          <spirit:vector>
            <spirit:left>31</spirit:left>
            <spirit:right>0</spirit:right>
          </spirit:vector>
        </spirit:wire>
      </spirit:port>
      <spirit:port>
        <spirit:name>prdata</spirit:name>
        <spirit:wire>
          <spirit:direction>out</spirit:direction>
          <spirit:vector>
            <spirit:left>31</spirit:left>
            <spirit:right>0</spirit:right>
          </spirit:vector>
        </spirit:wire>
      </spirit:port>
      <spirit:port>
        <spirit:name>clkin</spirit:name>
        <spirit:wire>
          <spirit:direction>in</spirit:direction>
          <spirit:driver>
            <spirit:clockDriver spirit:clockName="clk">
              <spirit:clockPeriod spirit:id="ClockPeriod" spirit:prompt="Clock Pulse Period:" spirit:resolve="user">100</spirit:clockPeriod>
              <spirit:clockPulseOffset spirit:id="ClockPulseOffset" spirit:prompt="Clock Pulse Offset:" spirit:resolve="user">50</spirit:clockPulseOffset>
              <spirit:clockPulseValue spirit:id="ClockPulseValue" spirit:prompt="Clock Pulse Value:" spirit:resolve="user">1</spirit:clockPulseValue>
              <spirit:clockPulseDuration spirit:id="ClockPulseDuration" spirit:prompt="Clock Pulse Duration:" spirit:resolve="user">50</spirit:clockPulseDuration>
            </spirit:clockDriver>
          </spirit:driver>
        </spirit:wire>
      </spirit:port>
      <spirit:port>
        <spirit:name>clkout</spirit:name>
        <spirit:wire>
          <spirit:direction>out</spirit:direction>
          <spirit:vector>
            <spirit:left>7</spirit:left>
            <spirit:right>0</spirit:right>
          </spirit:vector>
        </spirit:wire>
      </spirit:port>
    </spirit:ports>
  </spirit:model>
  <spirit:fileSets>
    <spirit:fileSet>
      <spirit:name>fs-vhdlSource</spirit:name>
      <spirit:file>
        <spirit:name>hdlsrc/cgu.vhd</spirit:name>
        <spirit:fileType>vhdlSource</spirit:fileType>
        <spirit:logicalName>cgu_lib</spirit:logicalName>
      </spirit:file>
    </spirit:fileSet>
  </spirit:fileSets>
</spirit:component>
